Workbook

Sheet Clinker
B1: AUG | C1: Iron Ore | G1: Raw Meal | K1: Tan Coal | Q1: EDENVILLEY coal | W1: RUVUMA coal | AB1: GODMWANGA coal | AF1: STAMICO coal | AK1: Coal Ash | AO1: Ariim Coal | AT1: Market insight coal | AY1: Jitegemee coal | BD1: MAX coal | BI1: SINO coal | BN1: IBRICO coal | BS1: MEGA CJ coal | BX1: Mabenga coal | CC1: TENKO | CH1: SCOLASTICA | CM1: Connect | CR1: Yongda | CW1: KINDAINI COAL | DB1: Montreal | DG1: LUGEWA COAL | DL1: mchekane | DQ1: Lik & Lambert coal | DV1: SIAAS | EA1: kiln coal | EE1: cpp coal | EI1: clinker
B2: Date | C2: Opening Stock | D2: Production | E2: Consumption | F2: Closing Stock | G2: Opening Stock | H2: Production | I2: total Consumption | J2: Closing Stock | K2: Opening Stock | L2: Production | M2: CPP | N2: KILN | O2: Consumption | P2: Closing Stock | Q2: Opening Stock | R2: Production | S2: Consumption CPP | T2: Consump Kiln | U2: Total Consumption | V2: Closing Stock | W2: Opening Stock | X2: Production | Y2: Consumption CPP | Z2: Consumption | AA2: Closing Stock | AB2: Opening Stock | AC2: Production | AD2: Consumption | AE2: Closing Stock | AF2: Opening Stock | AG2: Production | AH2: kiln cons | AI2: Consumption | AJ2: Closing Stock | AK2: Opening Stock | AL2: Production | AM2: Consumption | AN2: Closing Stock | AO2: Opening Stock | AP2: Production | AQ2: Consumption | AR2: CPP CONS | AS2: Closing Stock | AT2: Opening Stock | AU2: Production | AV2: Consumption | AW2: CPP CONS | AX2: Closing Stock | AY2: Opening Stock | AZ2: Production | BA2: Consumption | BB2: CPP CONS | BC2: Closing Stock | BD2: Opening Stock | BE2: Production | BF2: Consumption | BG2: CPP CONS | BH2: Closing Stock | BI2: Opening Stock | BJ2: Production | BK2: Consumption | BL2: CPP CONS | BM2: Closing Stock | BN2: Opening Stock | BO2: Production | BP2: Consumption | BQ2: CPP CONS | BR2: Closing Stock | BS2: Opening Stock | BT2: Production | BU2: Consumption | BV2: CPP CONS | BW2: Closing Stock | BX2: Opening Stock | BY2: Production | BZ2: Consumption | CA2: CPP CONS | CB2: Closing Stock | CC2: Opening Stock | CD2: Production | CE2: Consumption | CF2: CPP CONS | CG2: Closing Stock | CH2: Opening Stock | CI2: Production | CJ2: Consumption | CK2: CPP CONS | CL2: Closing Stock | CM2: Opening Stock | CN2: Production | CO2: Consumption | CP2: CPP CONS | CQ2: Closing Stock | CR2: Opening Stock | CS2: Production | CT2: Consumption | CU2: CPP CONS | CV2: Closing Stock | CW2: Opening Stock | CX2: Production | CY2: Consumption | CZ2: CPP CONS | DA2: Closing Stock | DB2: Opening Stock | DC2: Production | DD2: Consumption | DE2: CPP CONS | DF2: Closing Stock | DG2: Opening Stock | DH2: Production | DI2: Consumption | DJ2: CPP CONS | DK2: Closing Stock | DL2: Opening Stock | DM2: Production | DN2: Consumption | DO2: CPP CONS | DP2: Closing Stock | DQ2: Opening Stock | DR2: Production | DS2: Consumption | DT2: CPP CONS | DU2: Closing Stock | DV2: Opening Stock | DW2: Production | DX2: Consumption | DY2: CPP CONS | DZ2: Closing Stock | EA2: Opening Stock | EB2: Production | EC2: Consumption | ED2: Closing Stock | EE2: Opening Stock | EF2: Production | EG2: Consumption | EH2: Closing Stock | EI2: Opening Stock | EJ2: Production | EK2: Consumption | EL2: Closing Stock | EM2: own clinker | EN2: spg clinker
B3: 1 | C3: 2647.92 | D3: 0 | E3: 52 | F3: =C3+D3-E3 -> 2595.92 | G3: 1907.0496 | H3: 0 | I3: 0 | J3: =G3+H3-I3-[1]Cement!U3 -> 1907.0496 | K3: 0 | L3: 0 | M3: =CPP!D3 -> 0 | N3: 0 | O3: =M3+N3 -> 0 | P3: =K3+L3-O3 -> 0 | Q3: 0 | R3: 0 | S3: =CPP!E3 -> 0 | T3: 0 | U3: =S3+T3 -> 0 | V3: =Q3+R3-U3 -> 0 | W3: 1063.04 | X3: 0 | Y3: =CPP!H3 -> 0 | Z3: 0 | AA3: =W3+X3-Z3-Y3 -> 1063.04 | AB3: 0 | AC3: 0 | AD3: =CPP!F3 -> 0 | AE3: =AB3+AC3-AD3 -> 0 | AF3: 4048.67 | AG3: 272.05 | AH3: 0 | AI3: =CPP!G3 -> 156 | AJ3: =AF3+AG3-AI3 -> 4164.72 | AK3: 0 | AL3: 0 | AM3: 0 | AN3: =AK3+AL3-AM3 -> 0 | AO3: 0 | AP3: 0 | AQ3: 0 | AR3: =CPP!I3 -> 0 | AS3: =AO3+AP3-AQ3-AR3 -> 0 | AT3: 2933.9 | AU3: 0 | AV3: 306.23 | AW3: =CPP!X3 -> 0 | AX3: =AT3+AU3-AV3-AW3 -> 2627.67 | AY3: 412.027 | AZ3: 121.76 | BA3: 0 | BB3: =CPP!M3 -> 0 | BC3: =AY3+AZ3-BA3-BB3 -> 533.787 | BD3: 0 | BE3: 0 | BF3: 0 | BG3: =CPP!K3 -> 0 | BH3: =BD3+BE3-BF3-BG3 -> 0 | BI3: 0 | BJ3: 0 | BK3: 0 | BL3: =CPP!L3 -> 0 | BM3: =BI3+BJ3-BK3-BL3 -> 0 | BN3: 0 | BO3: 0 | BP3: 0 | BQ3: =CPP!N3 -> 0 | BR3: =BN3+BO3-BP3-BQ3 -> 0 | BS3: 0 | BT3: 0 | BU3: 0 | BV3: =CPP!O3 -> 0 | BW3: =BS3+BT3-BU3-BV3 -> 0 | BX3: 0 | BY3: 0 | BZ3: 0 | CB3: 0 | CC3: 0 | CD3: 0 | CE3: 0 | CF3: =CPP!P3 -> 0 | CG3: =CC3+CD3-CE3-CF3 -> 0 | CH3: 0 | CI3: 0 | CJ3: 0 | CK3: =CPP!Q3 -> 0 | CL3: =CH3+CI3-CJ3-CK3 -> 0 | CM3: 0.05 | CN3: 0 | CO3: 0 | CP3: =CPP!R3 -> 0 | CQ3: =CM3+CN3-CP3 -> 0.05 | CR3: 0 | CS3: 0 | CT3: 0 | CU3: =CPP!S3 -> 0 | CV3: =CR3+CS3-CT3-CU3 -> 0 | CW3: 0 | CX3: 0 | CY3: 0 | CZ3: =CPP!T3 -> 0 | DA3: =CW3+CX3-CY3-CZ3 -> 0 | DB3: 7.11 | DC3: 0 | DD3: 7.1 | DE3: =CPP!U3 -> 0 | DF3: =DB3+DC3-DD3-DE3 -> 0.01 | DG3: 0 | DH3: 0 | DI3: 0 | DJ3: =CPP!V3 -> 0 | DK3: =DG3+DH3-DI3-DJ3 -> 0 | DL3: 212 | DM3: 30 | DN3: 0 | DO3: =CPP!W3 -> 0 | DP3: =DL3+DM3-DN3-DO3 -> 242 | DQ3: 0 | DR3: 0 | DS3: 0 | DT3: =CPP!J3 -> 0 | DU3: =DQ3+DR3-DS3-DT3 -> 0 | DV3: 0 | DW3: 0 | DX3: 0 | DY3: 0 | DZ3: =DV3+DW3-DX3-DY3 -> 0 | EA3: 2159.814 | EB3: 0 | EC3: 0 | ED3: 6228.9 | EE3: 12495.05 | EF3: =R3+AC3+AG3 -> 272.05 | EG3: =CPP!D3+CPP!E3+CPP!F3+CPP!G3+CPP!H3+CPP!I3+CPP!J3+CPP!M3+BG3 -> 156 | EH3: =EE3+EF3-EG3 -> 12611.1 | EI3: 31251.902 | EJ3: =EM3+EN3 -> 1970 | EK3: ='DAILY CEM1'!AG4+'DAILY CEM2'!AF4 -> 1611.34 | EL3: =EI3+EJ3-EK3 -> 31610.562 | EM3: 1970 | EN3: 0 | EO3: 0
B4: 2 | C4: =F3 -> 2595.92 | D4: 0 | E4: 49 | F4: =C4+D4-E4 -> 2546.92 | G4: =J3 -> 1907.0496 | H4: 0 | I4: 0 | J4: =G4+H4-I4-[1]Cement!U4 -> 1907.0496 | K4: =P3 -> 0 | L4: 0 | M4: =CPP!D4 -> 0 | N4: 0 | O4: =M4+N4 -> 0 | P4: =K4+L4-O4 -> 0 | Q4: =V3 -> 0 | R4: 0 | S4: =CPP!E4 -> 0 | T4: 0 | U4: =S4+T4 -> 0 | V4: =Q4+R4-U4 -> 0 | W4: =AA3 -> 1063.04 | X4: 0 | Y4: =CPP!H4 -> 0 | Z4: 0 | AA4: =W4+X4-Z4-Y4 -> 1063.04 | AB4: =AE3 -> 0 | AC4: 0 | AD4: =CPP!F4 -> 0 | AE4: =AB4+AC4-AD4 -> 0 | AF4: =AJ3 -> 4164.72 | AG4: 150.1 | AH4: 0 | AI4: =CPP!G4 -> 130 | AJ4: =AF4+AG4-AI4 -> 4184.82 | AK4: =AN3 -> 0 | AL4: 0 | AM4: 0 | AN4: =AK4+AL4-AM4 -> 0 | AO4: =AS3 -> 0 | AP4: 0 | AQ4: 0 | AR4: =CPP!I4 -> 0 | AS4: =AO4+AP4-AQ4-AR4 -> 0 | AT4: =AX3 -> 2627.67 | AU4: 0 | AV4: 277.78 | AW4: =CPP!X4 -> 0 | AX4: =AT4+AU4-AV4-AW4 -> 2349.89 | AY4: =BC3 -> 533.787 | AZ4: 156.98 | BA4: 0 | BB4: =CPP!M4 -> 0 | BC4: =AY4+AZ4-BA4-BB4 -> 690.767 | BD4: =BH3 -> 0 | BE4: 0 | BF4: 0 | BG4: =CPP!K4 -> 0 | BH4: =BD4+BE4-BF4-BG4 -> 0 | BI4: =BM3 -> 0 | BJ4: 0 | BK4: 0 | BL4: =CPP!L4 -> 0 | BM4: =BI4+BJ4-BK4-BL4 -> 0 | BN4: =BR3 -> 0 | BO4: 0 | BP4: 0 | BQ4: =CPP!N4 -> 0 | BR4: =BN4+BO4-BP4-BQ4 -> 0 | BS4: =BW3 -> 0 | BT4: 0 | BU4: 0 | BV4: =CPP!O4 -> 0 | BW4: =BS4+BT4-BU4-BV4 -> 0 | BX4: =CB3 -> 0 | BY4: 0 | BZ4: 0 | CB4: =BX4+BY4-BZ4-CA4 -> 0 | CC4: =CG3 -> 0 | CD4: 0 | CE4: 0 | CF4: =CPP!P4 -> 0 | CG4: =CC4+CD4-CE4-CF4 -> 0 | CH4: =CL3 -> 0 | CI4: 0 | CJ4: 0 | CK4: =CPP!Q4 -> 0 | CL4: =CH4+CI4-CJ4-CK4 -> 0 | CM4: =CQ3 -> 0.05 | CN4: 0 | CO4: 0 | CP4: =CPP!R4 -> 0 | CQ4: =CM4+CN4-CP4 -> 0.05 | CR4: =CV3 -> 0 | CS4: 0 | CT4: 0 | CU4: =CPP!S4 -> 0 | CV4: =CR4+CS4-CT4-CU4 -> 0 | CW4: =DA3 -> 0 | CX4: 0 | CY4: 0 | CZ4: =CPP!T4 -> 0 | DA4: =CW4+CX4-CY4-CZ4 -> 0 | DB4: =DF3 -> 0.01 | DC4: 0 | DD4: 0 | DE4: =CPP!U4 -> 0 | DF4: =DB4+DC4-DD4-DE4 -> 0.01 | DG4: =DK3 -> 0 | DH4: 0 | DI4: 0 | DJ4: =CPP!V4 -> 0 | DK4: =DG4+DH4-DI4-DJ4 -> 0 | DL4: =DP3 -> 242 | DM4: 30 | DN4: 0 | DO4: =CPP!W4 -> 0 | DP4: =DL4+DM4-DN4-DO4 -> 272 | DQ4: =DU3 -> 0 | DR4: 0 | DS4: 0 | DT4: =CPP!J4 -> 0 | DU4: =DQ4+DR4-DS4-DT4 -> 0 | DV4: =DZ3 -> 0 | DW4: 0 | DX4: 0 | DY4: 0 | DZ4: =DV4+DW4-DX4-DY4 -> 0 | EA4: =K4+W4+AK4+AO4+AT4+AY4 -> 4224.497 | EB4: 0 | EC4: 0 | ED4: =EA4+EB4-EC4 -> 4224.497 | EE4: =Q4+AB4+AF4 -> 4164.72 | EF4: =R4+AC4+AG4 -> 150.1 | EG4: =CPP!D4+CPP!E4+CPP!F4+CPP!G4+CPP!H4+CPP!I4+CPP!J4+CPP!M4+BG4 -> 130 | EH4: =EE4+EF4-EG4 -> 4184.82 | EI4: =EL3 -> 31610.562 | EJ4: =EM4+EN4 -> 1615 | EK4: ='DAILY CEM1'!AG5+'DAILY CEM2'!AF5 -> 1783.008 | EL4: =EI4+EJ4-EK4 -> 31442.554 | EM4: 1615 | EN4: 0 | EO4: 0
B5: 3 | C5: =F4 -> 2546.92 | D5: 0 | E5: 67 | F5: =C5+D5-E5 -> 2479.92 | G5: =J4 -> 1907.0496 | H5: 0 | I5: 0 | J5: =G5+H5-I5-[1]Cement!U5 -> 1907.0496 | K5: =P4 -> 0 | L5: 0 | M5: =CPP!D5 -> 0 | N5: 0 | O5: =M5+N5 -> 0 | P5: =K5+L5-O5 -> 0 | Q5: =V4 -> 0 | R5: 0 | S5: =CPP!E5 -> 0 | T5: 0 | U5: =S5+T5 -> 0 | V5: =Q5+R5-U5 -> 0 | W5: =AA4 -> 1063.04 | X5: 0 | Y5: =CPP!H5 -> 0 | Z5: 0 | AA5: =W5+X5-Z5-Y5 -> 1063.04 | AB5: =AE4 -> 0 | AC5: 0 | AD5: =CPP!F5 -> 0 | AE5: =AB5+AC5-AD5 -> 0 | AF5: =AJ4 -> 4184.82 | AG5: 397.15 | AH5: 0 | AI5: =CPP!G5 -> 138 | AJ5: =AF5+AG5-AI5 -> 4443.97 | AK5: =AN4 -> 0 | AL5: 0 | AM5: 0 | AN5: =AK5+AL5-AM5 -> 0 | AO5: =AS4 -> 0 | AP5: 0 | AQ5: 0 | AR5: =CPP!I5 -> 0 | AS5: =AO5+AP5-AQ5-AR5 -> 0 | AT5: =AX4 -> 2349.89 | AU5: 0 | AV5: 239 | AW5: =CPP!X5 -> 0 | AX5: =AT5+AU5-AV5-AW5 -> 2110.89 | AY5: =BC4 -> 690.767 | AZ5: 221.94 | BA5: 0 | BB5: =CPP!M5 -> 0 | BC5: =AY5+AZ5-BA5-BB5 -> 912.707 | BD5: =BH4 -> 0 | BE5: 0 | BF5: 0 | BG5: =CPP!K5 -> 0 | BH5: =BD5+BE5-BF5-BG5 -> 0 | BI5: =BM4 -> 0 | BJ5: 0 | BK5: 0 | BL5: =CPP!L5 -> 0 | BM5: =BI5+BJ5-BK5-BL5 -> 0 | BN5: =BR4 -> 0 | BO5: 0 | BP5: 0 | BQ5: =CPP!N5 -> 0 | BR5: =BN5+BO5-BP5-BQ5 -> 0 | BS5: =BW4 -> 0 | BT5: 0 | BU5: 0 | BV5: =CPP!O5 -> 0 | BW5: =BS5+BT5-BU5-BV5 -> 0 | BX5: =CB4 -> 0 | BY5: 0 | BZ5: 0 | CB5: =BX5+BY5-BZ5-CA5 -> 0 | CC5: =CG4 -> 0 | CD5: 0 | CE5: 0 | CF5: =CPP!P5 -> 0 | CG5: =CC5+CD5-CE5-CF5 -> 0 | CH5: =CL4 -> 0 | CI5: 0 | CJ5: 0 | CK5: =CPP!Q5 -> 0 | CL5: =CH5+CI5-CJ5-CK5 -> 0 | CM5: =CQ4 -> 0.05 | CN5: 0 | CO5: 0 | CP5: =CPP!R5 -> 0 | CQ5: =CM5+CN5-CP5 -> 0.05 | CR5: =CV4 -> 0 | CS5: 0 | CT5: 0 | CU5: =CPP!S5 -> 0 | CV5: =CR5+CS5-CT5-CU5 -> 0 | CW5: =DA4 -> 0 | CX5: 0 | CY5: 0 | CZ5: =CPP!T5 -> 0 | DA5: =CW5+CX5-CY5-CZ5 -> 0 | DB5: =DF4 -> 0.01 | DC5: 0 | DD5: 0 | DE5: =CPP!U5 -> 0 | DF5: =DB5+DC5-DD5-DE5 -> 0.01 | DG5: =DK4 -> 0 | DH5: 0 | DI5: 0 | DJ5: =CPP!V5 -> 0 | DK5: =DG5+DH5-DI5-DJ5 -> 0 | DL5: =DP4 -> 272 | DM5: 0 | DN5: 0 | DO5: =CPP!W5 -> 0 | DP5: =DL5+DM5-DN5-DO5 -> 272 | DQ5: =DU4 -> 0 | DR5: 0 | DS5: 0 | DT5: =CPP!J5 -> 0 | DU5: =DQ5+DR5-DS5-DT5 -> 0 | DV5: =DZ4 -> 0 | DW5: 0 | DX5: 0 | DY5: 0 | DZ5: =DV5+DW5-DX5-DY5 -> 0 | EA5: =K5+W5+AK5+AO5+AT5+AY5 -> 4103.697 | EB5: 0 | EC5: 0 | ED5: =EA5+EB5-EC5 -> 4103.697 | EE5: =Q5+AB5+AF5 -> 4184.82 | EF5: =R5+AC5+AG5 -> 397.15 | EG5: =CPP!D5+CPP!E5+CPP!F5+CPP!G5+CPP!H5+CPP!I5+CPP!J5+CPP!M5+BG5 -> 138 | EH5: =EE5+EF5-EG5 -> 4443.97 | EI5: =EL4 -> 31442.554 | EJ5: =EM5+EN5 -> 1408 | EK5: ='DAILY CEM1'!AG6+'DAILY CEM2'!AF6 -> 2274.24 | EL5: =EI5+EJ5-EK5 -> 30576.314 | EM5: 1408 | EN5: 0 | EO5: 0
B6: 4 | C6: =F5 -> 2479.92 | D6: 0 | E6: 82 | F6: =C6+D6-E6 -> 2397.92 | G6: =J5 -> 1907.0496 | H6: 0 | I6: 0 | J6: =G6+H6-I6-[1]Cement!U6 -> 1907.0496 | K6: =P5 -> 0 | L6: 0 | M6: =CPP!D6 -> 0 | N6: 0 | O6: =M6+N6 -> 0 | P6: =K6+L6-O6 -> 0 | Q6: =V5 -> 0 | R6: 0 | S6: =CPP!E6 -> 0 | T6: 0 | U6: =S6+T6 -> 0 | V6: =Q6+R6-U6 -> 0 | W6: =AA5 -> 1063.04 | X6: 0 | Y6: =CPP!H6 -> 0 | Z6: 0 | AA6: =W6+X6-Z6-Y6 -> 1063.04 | AB6: =AE5 -> 0 | AC6: 0 | AD6: =CPP!F6 -> 0 | AE6: =AB6+AC6-AD6 -> 0 | AF6: =AJ5 -> 4443.97 | AG6: 120.2 | AH6: 0 | AI6: =CPP!G6 -> 158 | AJ6: =AF6+AG6-AI6 -> 4406.17 | AK6: =AN5 -> 0 | AL6: 0 | AM6: 0 | AN6: =AK6+AL6-AM6 -> 0 | AO6: =AS5 -> 0 | AP6: 0 | AQ6: 0 | AR6: =CPP!I6 -> 0 | AS6: =AO6+AP6-AQ6-AR6 -> 0 | AT6: =AX5 -> 2110.89 | AU6: 0 | AV6: 316.67 | AW6: =CPP!X6 -> 0 | AX6: =AT6+AU6-AV6-AW6 -> 1794.22 | AY6: =BC5 -> 912.707 | AZ6: 92.16 | BA6: 0 | BB6: =CPP!M6 -> 0 | BC6: =AY6+AZ6-BA6-BB6 -> 1004.867 | BD6: =BH5 -> 0 | BE6: 0 | BF6: 0 | BG6: =CPP!K6 -> 0 | BH6: =BD6+BE6-BF6-BG6 -> 0 | BI6: =BM5 -> 0 | BJ6: 0 | BK6: 0 | BL6: =CPP!L6 -> 0 | BM6: =BI6+BJ6-BK6-BL6 -> 0 | BN6: =BR5 -> 0 | BO6: 0 | BP6: 0 | BQ6: =CPP!N6 -> 0 | BR6: =BN6+BO6-BP6-BQ6 -> 0 | BS6: =BW5 -> 0 | BT6: 0 | BU6: 0 | BV6: =CPP!O6 -> 0 | BW6: =BS6+BT6-BU6-BV6 -> 0 | BX6: =CB5 -> 0 | BY6: 0 | BZ6: 0 | CB6: =BX6+BY6-BZ6-CA6 -> 0 | CC6: =CG5 -> 0 | CD6: 0 | CE6: 0 | CF6: =CPP!P6 -> 0 | CG6: =CC6+CD6-CE6-CF6 -> 0 | CH6: =CL5 -> 0 | CI6: 0 | CJ6: 0 | CK6: =CPP!Q6 -> 0 | CL6: =CH6+CI6-CJ6-CK6 -> 0 | CM6: =CQ5 -> 0.05 | CN6: 0 | CO6: 0 | CP6: =CPP!R6 -> 0 | CQ6: =CM6+CN6-CP6 -> 0.05 | CR6: =CV5 -> 0 | CS6: 0 | CT6: 0 | CU6: =CPP!S6 -> 0 | CV6: =CR6+CS6-CT6-CU6 -> 0 | CW6: =DA5 -> 0 | CX6: 0 | CY6: 0 | CZ6: =CPP!T6 -> 0 | DA6: =CW6+CX6-CY6-CZ6 -> 0 | DB6: =DF5 -> 0.01 | DC6: 0 | DD6: 0 | DE6: =CPP!U6 -> 0 | DF6: =DB6+DC6-DD6-DE6 -> 0.01 | DG6: =DK5 -> 0 | DH6: 0 | DI6: 0 | DJ6: =CPP!V6 -> 0 | DK6: =DG6+DH6-DI6-DJ6 -> 0 | DL6: =DP5 -> 272 | DM6: 32 | DN6: 0 | DO6: =CPP!W6 -> 0 | DP6: =DL6+DM6-DN6-DO6 -> 304 | DQ6: =DU5 -> 0 | DR6: 0 | DS6: 0 | DT6: =CPP!J6 -> 0 | DU6: =DQ6+DR6-DS6-DT6 -> 0 | DV6: =DZ5 -> 0 | DW6: 0 | DX6: 0 | DY6: 0 | DZ6: =DV6+DW6-DX6-DY6 -> 0 | EA6: =K6+W6+AK6+AO6+AT6+AY6 -> 4086.637 | EB6: 0 | EC6: 0 | ED6: =EA6+EB6-EC6 -> 4086.637 | EE6: =Q6+AB6+AF6 -> 4443.97 | EF6: =R6+AC6+AG6 -> 120.2 | EG6: =CPP!D6+CPP!E6+CPP!F6+CPP!G6+CPP!H6+CPP!I6+CPP!J6+CPP!M6+BG6 -> 158 | EH6: =EE6+EF6-EG6 -> 4406.17 | EI6: =EL5 -> 30576.314 | EJ6: =EM6+EN6 -> 1790 | EK6: ='DAILY CEM1'!AG7+'DAILY CEM2'!AF7 -> 2000.12 | EL6: =EI6+EJ6-EK6 -> 30366.194 | EM6: 1790 | EN6: 0 | EO6: 281.82
B7: 5 | C7: =F6 -> 2397.92 | D7: 0 | E7: 73 | F7: =C7+D7-E7 -> 2324.92 | G7: =J6 -> 1907.0496 | H7: 0 | I7: 0 | J7: =G7+H7-I7-[1]Cement!U7 -> 1907.0496 | K7: =P6 -> 0 | L7: 0 | M7: =CPP!D7 -> 0 | N7: 0 | O7: =M7+N7 -> 0 | P7: =K7+L7-O7 -> 0 | Q7: =V6 -> 0 | R7: 0 | S7: =CPP!E7 -> 0 | T7: 0 | U7: =S7+T7 -> 0 | V7: =Q7+R7-U7 -> 0 | W7: =AA6 -> 1063.04 | X7: 0 | Y7: =CPP!H7 -> 0 | Z7: 0 | AA7: =W7+X7-Z7-Y7 -> 1063.04 | AB7: =AE6 -> 0 | AC7: 0 | AD7: =CPP!F7 -> 0 | AE7: =AB7+AC7-AD7 -> 0 | AF7: =AJ6 -> 4406.17 | AG7: 30 | AH7: 0 | AI7: =CPP!G7 -> 140 | AJ7: =AF7+AG7-AI7 -> 4296.17 | AK7: =AN6 -> 0 | AL7: 0 | AM7: 0 | AN7: =AK7+AL7-AM7 -> 0 | AO7: =AS6 -> 0 | AP7: 0 | AQ7: 0 | AR7: =CPP!I7 -> 0 | AS7: =AO7+AP7-AQ7-AR7 -> 0 | AT7: =AX6 -> 1794.22 | AU7: 0 | AV7: 292.22 | AW7: =CPP!X7 -> 0 | AX7: =AT7+AU7-AV7-AW7 -> 1502 | AY7: =BC6 -> 1004.867 | AZ7: 0 | BA7: 0 | BB7: =CPP!M7 -> 0 | BC7: =AY7+AZ7-BA7-BB7 -> 1004.867 | BD7: =BH6 -> 0 | BE7: 0 | BF7: 0 | BG7: =CPP!K7 -> 0 | BH7: =BD7+BE7-BF7-BG7 -> 0 | BI7: =BM6 -> 0 | BJ7: 0 | BK7: 0 | BL7: =CPP!L7 -> 0 | BM7: =BI7+BJ7-BK7-BL7 -> 0 | BN7: =BR6 -> 0 | BO7: 0 | BP7: 0 | BQ7: =CPP!N7 -> 0 | BR7: =BN7+BO7-BP7-BQ7 -> 0 | BS7: =BW6 -> 0 | BT7: 0 | BU7: 0 | BV7: =CPP!O7 -> 0 | BW7: =BS7+BT7-BU7-BV7 -> 0 | BX7: =CB6 -> 0 | BY7: 0 | BZ7: 0 | CB7: =BX7+BY7-BZ7-CA7 -> 0 | CC7: =CG6 -> 0 | CD7: 0 | CE7: 0 | CF7: =CPP!P7 -> 0 | CG7: =CC7+CD7-CE7-CF7 -> 0 | CH7: =CL6 -> 0 | CI7: 0 | CJ7: 0 | CK7: =CPP!Q7 -> 0 | CL7: =CH7+CI7-CJ7-CK7 -> 0 | CM7: =CQ6 -> 0.05 | CN7: 0 | CO7: 0 | CP7: =CPP!R7 -> 0 | CQ7: =CM7+CN7-CP7 -> 0.05 | CR7: =CV6 -> 0 | CS7: 0 | CT7: 0 | CU7: =CPP!S7 -> 0 | CV7: =CR7+CS7-CT7-CU7 -> 0 | CW7: =DA6 -> 0 | CX7: 0 | CY7: 0 | CZ7: =CPP!T7 -> 0 | DA7: =CW7+CX7-CY7-CZ7 -> 0 | DB7: =DF6 -> 0.01 | DC7: 0 | DD7: 0 | DE7: =CPP!U7 -> 0 | DF7: =DB7+DC7-DD7-DE7 -> 0.01 | DG7: =DK6 -> 0 | DH7: 0 | DI7: 0 | DJ7: =CPP!V7 -> 0 | DK7: =DG7+DH7-DI7-DJ7 -> 0 | DL7: =DP6 -> 304 | DM7: 0 | DN7: 0 | DO7: =CPP!W7 -> 0 | DP7: =DL7+DM7-DN7-DO7 -> 304 | DQ7: =DU6 -> 0 | DR7: 0 | DS7: 0 | DT7: =CPP!J7 -> 0 | DU7: =DQ7+DR7-DS7-DT7 -> 0 | DV7: =DZ6 -> 0 | DW7: 0 | DX7: 0 | DY7: 0 | DZ7: =DV7+DW7-DX7-DY7 -> 0 | EA7: =K7+W7+AK7+AO7+AT7+AY7 -> 3862.127 | EB7: 0 | EC7: 0 | ED7: =EA7+EB7-EC7 -> 3862.127 | EE7: =Q7+AB7+AF7 -> 4406.17 | EF7: =R7+AC7+AG7 -> 30 | EG7: =CPP!D7+CPP!E7+CPP!F7+CPP!G7+CPP!H7+CPP!I7+CPP!J7+CPP!M7+BG7 -> 140 | EH7: =EE7+EF7-EG7 -> 4296.17 | EI7: =EL6 -> 30366.194 | EJ7: =EM7+EN7 -> 1690 | EK7: ='DAILY CEM1'!AG8+'DAILY CEM2'!AF8 -> 1825.615 | EL7: =EI7+EJ7-EK7 -> 30230.579 | EM7: 1690 | EN7: 0 | EO7: 1348.5
B8: 6 | C8: =F7 -> 2324.92 | D8: 0 | E8: 62 | F8: =C8+D8-E8 -> 2262.92 | G8: =J7 -> 1907.0496 | H8: 0 | I8: 0 | J8: =G8+H8-I8-[1]Cement!U8 -> 1907.0496 | K8: =P7 -> 0 | L8: 0 | M8: =CPP!D8 -> 0 | N8: 0 | O8: =M8+N8 -> 0 | P8: =K8+L8-O8 -> 0 | Q8: =V7 -> 0 | R8: 0 | S8: =CPP!E8 -> 0 | T8: 0 | U8: =S8+T8 -> 0 | V8: =Q8+R8-U8 -> 0 | W8: =AA7 -> 1063.04 | X8: 0 | Y8: =CPP!H8 -> 0 | Z8: 0 | AA8: =W8+X8-Z8-Y8 -> 1063.04 | AB8: =AE7 -> 0 | AC8: 0 | AD8: =CPP!F8 -> 0 | AE8: =AB8+AC8-AD8 -> 0 | AF8: =AJ7 -> 4296.17 | AG8: 0 | AH8: 0 | AI8: =CPP!G8 -> 140 | AJ8: =AF8+AG8-AI8 -> 4156.17 | AK8: =AN7 -> 0 | AL8: 0 | AM8: 0 | AN8: =AK8+AL8-AM8 -> 0 | AO8: =AS7 -> 0 | AP8: 0 | AQ8: 0 | AR8: =CPP!I8 -> 0 | AS8: =AO8+AP8-AQ8-AR8 -> 0 | AT8: =AX7 -> 1502 | AU8: 0 | AV8: 265.56 | AW8: =CPP!X8 -> 0 | AX8: =AT8+AU8-AV8-AW8 -> 1236.44 | AY8: =BC7 -> 1004.867 | AZ8: 0 | BA8: 0 | BB8: =CPP!M8 -> 0 | BC8: =AY8+AZ8-BA8-BB8 -> 1004.867 | BD8: =BH7 -> 0 | BE8: 0 | BF8: 0 | BG8: =CPP!K8 -> 0 | BH8: =BD8+BE8-BF8-BG8 -> 0 | BI8: =BM7 -> 0 | BJ8: 0 | BK8: 0 | BL8: =CPP!L8 -> 0 | BM8: =BI8+BJ8-BK8-BL8 -> 0 | BN8: =BR7 -> 0 | BO8: 0 | BP8: 0 | BQ8: =CPP!N8 -> 0 | BR8: =BN8+BO8-BP8-BQ8 -> 0 | BS8: =BW7 -> 0 | BT8: 0 | BU8: 0 | BV8: =CPP!O8 -> 0 | BW8: =BS8+BT8-BU8-BV8 -> 0 | BX8: =CB7 -> 0 | BY8: 0 | BZ8: 0 | CB8: =BX8+BY8-BZ8-CA8 -> 0 | CC8: =CG7 -> 0 | CD8: 0 | CE8: 0 | CF8: =CPP!P8 -> 0 | CG8: =CC8+CD8-CE8-CF8 -> 0 | CH8: =CL7 -> 0 | CI8: 0 | CJ8: 0 | CK8: =CPP!Q8 -> 0 | CL8: =CH8+CI8-CJ8-CK8 -> 0 | CM8: =CQ7 -> 0.05 | CN8: 0 | CO8: 0 | CP8: =CPP!R8 -> 0 | CQ8: =CM8+CN8-CP8 -> 0.05 | CR8: =CV7 -> 0 | CS8: 0 | CT8: 0 | CU8: =CPP!S8 -> 0 | CV8: =CR8+CS8-CT8-CU8 -> 0 | CW8: =DA7 -> 0 | CX8: 0 | CY8: 0 | CZ8: =CPP!T8 -> 0 | DA8: =CW8+CX8-CY8-CZ8 -> 0 | DB8: =DF7 -> 0.01 | DC8: 0 | DD8: 0 | DE8: =CPP!U8 -> 0 | DF8: =DB8+DC8-DD8-DE8 -> 0.01 | DG8: =DK7 -> 0 | DH8: 0 | DI8: 0 | DJ8: =CPP!V8 -> 0 | DK8: =DG8+DH8-DI8-DJ8 -> 0 | DL8: =DP7 -> 304 | DM8: 0 | DN8: 0 | DO8: =CPP!W8 -> 0 | DP8: =DL8+DM8-DN8-DO8 -> 304 | DQ8: =DU7 -> 0 | DR8: 0 | DS8: 0 | DT8: =CPP!J8 -> 0 | DU8: =DQ8+DR8-DS8-DT8 -> 0 | DV8: =DZ7 -> 0 | DW8: 0 | DX8: 0 | DY8: 0 | DZ8: =DV8+DW8-DX8-DY8 -> 0 | EA8: =K8+W8+AK8+AO8+AT8+AY8 -> 3569.907 | EB8: 0 | EC8: 0 | ED8: =EA8+EB8-EC8 -> 3569.907 | EE8: =Q8+AB8+AF8 -> 4296.17 | EF8: =R8+AC8+AG8 -> 0 | EG8: =CPP!D8+CPP!E8+CPP!F8+CPP!G8+CPP!H8+CPP!I8+CPP!J8+CPP!M8+BG8 -> 140 | EH8: =EE8+EF8-EG8 -> 4156.17 | EI8: =EL7 -> 30230.579 | EJ8: =EM8+EN8 -> 1505 | EK8: ='DAILY CEM1'!AG9+'DAILY CEM2'!AF9 -> 1714.594 | EL8: =EI8+EJ8-EK8 -> 30020.985 | EM8: 1505 | EN8: 0 | EO8: 1147.3
B9: 7 | C9: =F8 -> 2262.92 | D9: 0 | E9: 77 | F9: =C9+D9-E9 -> 2185.92 | G9: =J8 -> 1907.0496 | H9: 0 | I9: 0 | J9: =G9+H9-I9-[1]Cement!U9 -> 1907.0496 | K9: =P8 -> 0 | L9: 0 | M9: =CPP!D9 -> 0 | N9: 0 | O9: =M9+N9 -> 0 | P9: =K9+L9-O9 -> 0 | Q9: =V8 -> 0 | R9: 0 | S9: =CPP!E9 -> 0 | T9: 0 | U9: =S9+T9 -> 0 | V9: =Q9+R9-U9 -> 0 | W9: =AA8 -> 1063.04 | X9: 0 | Y9: =CPP!H9 -> 0 | Z9: 0 | AA9: =W9+X9-Z9-Y9 -> 1063.04 | AB9: =AE8 -> 0 | AC9: 0 | AD9: =CPP!F9 -> 0 | AE9: =AB9+AC9-AD9 -> 0 | AF9: =AJ8 -> 4156.17 | AG9: 0 | AH9: 0 | AI9: =CPP!G9 -> 138 | AJ9: =AF9+AG9-AI9 -> 4018.17 | AK9: =AN8 -> 0 | AL9: 0 | AM9: 0 | AN9: =AK9+AL9-AM9 -> 0 | AO9: =AS8 -> 0 | AP9: 0 | AQ9: 0 | AR9: =CPP!I9 -> 0 | AS9: =AO9+AP9-AQ9-AR9 -> 0 | AT9: =AX8 -> 1236.44 | AU9: 0 | AV9: 250 | AW9: =CPP!X9 -> 0 | AX9: =AT9+AU9-AV9-AW9 -> 986.44 | AY9: =BC8 -> 1004.867 | AZ9: 0 | BA9: 0 | BB9: =CPP!M9 -> 0 | BC9: =AY9+AZ9-BA9-BB9 -> 1004.867 | BD9: =BH8 -> 0 | BE9: 0 | BF9: 0 | BG9: =CPP!K9 -> 0 | BH9: =BD9+BE9-BF9-BG9 -> 0 | BI9: =BM8 -> 0 | BJ9: 0 | BK9: 0 | BL9: =CPP!L9 -> 0 | BM9: =BI9+BJ9-BK9-BL9 -> 0 | BN9: =BR8 -> 0 | BO9: 0 | BP9: 0 | BQ9: =CPP!N9 -> 0 | BR9: =BN9+BO9-BP9-BQ9 -> 0 | BS9: =BW8 -> 0 | BT9: 0 | BU9: 0 | BV9: =CPP!O9 -> 0 | BW9: =BS9+BT9-BU9-BV9 -> 0 | BX9: =CB8 -> 0 | BY9: 0 | BZ9: 0 | CB9: =BX9+BY9-BZ9-CA9 -> 0 | CC9: =CG8 -> 0 | CD9: 0 | CE9: 0 | CF9: =CPP!P9 -> 0 | CG9: =CC9+CD9-CE9-CF9 -> 0 | CH9: =CL8 -> 0 | CI9: 0 | CJ9: 0 | CK9: =CPP!Q9 -> 0 | CL9: =CH9+CI9-CJ9-CK9 -> 0 | CM9: =CQ8 -> 0.05 | CN9: 0 | CO9: 0 | CP9: =CPP!R9 -> 0 | CQ9: =CM9+CN9-CP9 -> 0.05 | CR9: =CV8 -> 0 | CS9: 0 | CT9: 0 | CU9: =CPP!S9 -> 0 | CV9: =CR9+CS9-CT9-CU9 -> 0 | CW9: =DA8 -> 0 | CX9: 0 | CY9: 0 | CZ9: =CPP!T9 -> 0 | DA9: =CW9+CX9-CY9-CZ9 -> 0 | DB9: =DF8 -> 0.01 | DC9: 0 | DD9: 0 | DE9: =CPP!U9 -> 0 | DF9: =DB9+DC9-DD9-DE9 -> 0.01 | DG9: =DK8 -> 0 | DH9: 0 | DI9: 0 | DJ9: =CPP!V9 -> 0 | DK9: =DG9+DH9-DI9-DJ9 -> 0 | DL9: =DP8 -> 304 | DM9: 0 | DN9: 0 | DO9: =CPP!W9 -> 0 | DP9: =DL9+DM9-DN9-DO9 -> 304 | DQ9: =DU8 -> 0 | DR9: 0 | DS9: 0 | DT9: =CPP!J9 -> 0 | DU9: =DQ9+DR9-DS9-DT9 -> 0 | DV9: =DZ8 -> 0 | DW9: 0 | DX9: 0 | DY9: 0 | DZ9: =DV9+DW9-DX9-DY9 -> 0 | EA9: =K9+W9+AK9+AO9+AT9+AY9 -> 3304.347 | EB9: 0 | EC9: 0 | ED9: =EA9+EB9-EC9 -> 3304.347 | EE9: =Q9+AB9+AF9 -> 4156.17 | EF9: =R9+AC9+AG9 -> 0 | EG9: =CPP!D9+CPP!E9+CPP!F9+CPP!G9+CPP!H9+CPP!I9+CPP!J9+CPP!M9+BG9 -> 138 | EH9: =EE9+EF9-EG9 -> 4018.17 | EI9: =EL8 -> 30020.985 | EJ9: =EM9+EN9 -> 1480 | EK9: ='DAILY CEM1'!AG10+'DAILY CEM2'!AF10 -> 1090.804 | EL9: =EI9+EJ9-EK9 -> 30410.181 | EM9: 1480 | EN9: 0 | EO9: 1790.43
B10: 8 | C10: =F9 -> 2185.92 | D10: 0 | E10: 64 | F10: =C10+D10-E10 -> 2121.92 | G10: =J9 -> 1907.0496 | H10: 0 | I10: 0 | J10: =G10+H10-I10-[1]Cement!U10 -> 1907.0496 | K10: =P9 -> 0 | L10: 0 | M10: =CPP!D10 -> 0 | N10: 0 | O10: =M10+N10 -> 0 | P10: =K10+L10-O10 -> 0 | Q10: =V9 -> 0 | R10: 0 | S10: =CPP!E10 -> 0 | T10: 0 | U10: =S10+T10 -> 0 | V10: =Q10+R10-U10 -> 0 | W10: =AA9 -> 1063.04 | X10: 0 | Y10: =CPP!H10 -> 0 | Z10: 0 | AA10: =W10+X10-Z10-Y10 -> 1063.04 | AB10: =AE9 -> 0 | AC10: 0 | AD10: =CPP!F10 -> 0 | AE10: =AB10+AC10-AD10 -> 0 | AF10: =AJ9 -> 4018.17 | AG10: 0 | AH10: 0 | AI10: =CPP!G10 -> 137 | AJ10: =AF10+AG10-AI10 -> 3881.17 | AK10: =AN9 -> 0 | AL10: 0 | AM10: 0 | AN10: =AK10+AL10-AM10 -> 0 | AO10: =AS9 -> 0 | AP10: 0 | AQ10: 0 | AR10: =CPP!I10 -> 0 | AS10: =AO10+AP10-AQ10-AR10 -> 0 | AT10: =AX9 -> 986.44 | AU10: 0 | AV10: 233.33 | AW10: =CPP!X10 -> 0 | AX10: =AT10+AU10-AV10-AW10 -> 753.11 | AY10: =BC9 -> 1004.867 | AZ10: 0 | BA10: 0 | BB10: =CPP!M10 -> 0 | BC10: =AY10+AZ10-BA10-BB10 -> 1004.867 | BD10: =BH9 -> 0 | BE10: 0 | BF10: 0 | BG10: =CPP!K10 -> 0 | BH10: =BD10+BE10-BF10-BG10 -> 0 | BI10: =BM9 -> 0 | BJ10: 0 | BK10: 0 | BL10: =CPP!L10 -> 0 | BM10: =BI10+BJ10-BK10-BL10 -> 0 | BN10: =BR9 -> 0 | BO10: 0 | BP10: 0 | BQ10: =CPP!N10 -> 0 | BR10: =BN10+BO10-BP10-BQ10 -> 0 | BS10: =BW9 -> 0 | BT10: 0 | BU10: 0 | BV10: =CPP!O10 -> 0 | BW10: =BS10+BT10-BU10-BV10 -> 0 | BX10: =CB9 -> 0 | BY10: 0 | BZ10: 0 | CB10: =BX10+BY10-BZ10-CA10 -> 0 | CC10: =CG9 -> 0 | CD10: 0 | CE10: 0 | CF10: =CPP!P10 -> 0 | CG10: =CC10+CD10-CE10-CF10 -> 0 | CH10: =CL9 -> 0 | CI10: 0 | CJ10: 0 | CK10: =CPP!Q10 -> 0 | CL10: =CH10+CI10-CJ10-CK10 -> 0 | CM10: =CQ9 -> 0.05 | CN10: 0 | CO10: 0 | CP10: =CPP!R10 -> 0 | CQ10: =CM10+CN10-CP10 -> 0.05 | CR10: =CV9 -> 0 | CS10: 0 | CT10: 0 | CU10: =CPP!S10 -> 0 | CV10: =CR10+CS10-CT10-CU10 -> 0 | CW10: =DA9 -> 0 | CX10: 0 | CY10: 0 | CZ10: =CPP!T10 -> 0 | DA10: =CW10+CX10-CY10-CZ10 -> 0 | DB10: =DF9 -> 0.01 | DC10: 0 | DD10: 0 | DE10: =CPP!U10 -> 0 | DF10: =DB10+DC10-DD10-DE10 -> 0.01 | DG10: =DK9 -> 0 | DH10: 0 | DI10: 0 | DJ10: =CPP!V10 -> 0 | DK10: =DG10+DH10-DI10-DJ10 -> 0 | DL10: =DP9 -> 304 | DM10: 0 | DN10: 0 | DO10: =CPP!W10 -> 0 | DP10: =DL10+DM10-DN10-DO10 -> 304 | DQ10: =DU9 -> 0 | DR10: 0 | DS10: 0 | DT10: =CPP!J10 -> 0 | DU10: =DQ10+DR10-DS10-DT10 -> 0 | DV10: =DZ9 -> 0 | DW10: 0 | DX10: 0 | DY10: 0 | DZ10: =DV10+DW10-DX10-DY10 -> 0 | EA10: =K10+W10+AK10+AO10+AT10+AY10 -> 3054.347 | EB10: 0 | EC10: 0 | ED10: =EA10+EB10-EC10 -> 3054.347 | EE10: =Q10+AB10+AF10 -> 4018.17 | EF10: =R10+AC10+AG10 -> 0 | EG10: =CPP!D10+CPP!E10+CPP!F10+CPP!G10+CPP!H10+CPP!I10+CPP!J10+CPP!M10+BG10 -> 137 | EH10: =EE10+EF10-EG10 -> 3881.17 | EI10: =EL9 -> 30410.181 | EJ10: =EM10+EN10 -> 1390 | EK10: ='DAILY CEM1'!AG11+'DAILY CEM2'!AF11 -> 1204.1415 | EL10: =EI10+EJ10-EK10 -> 30596.04 | EM10: 1390 | EN10: 0 | EO10: 2512.06
B11: 9 | C11: =F10 -> 2121.92 | D11: 0 | E11: 73 | F11: =C11+D11-E11 -> 2048.92 | G11: =J10 -> 1907.0496 | H11: 0 | I11: 0 | J11: =G11+H11-I11-[1]Cement!U11 -> 1882.0496 | K11: =P10 -> 0 | L11: 0 | M11: =CPP!D11 -> 0 | N11: 0 | O11: =M11+N11 -> 0 | P11: =K11+L11-O11 -> 0 | Q11: =V10 -> 0 | R11: 0 | S11: =CPP!E11 -> 0 | T11: 0 | U11: =S11+T11 -> 0 | V11: =Q11+R11-U11 -> 0 | W11: =AA10 -> 1063.04 | X11: 0 | Y11: =CPP!H11 -> 0 | Z11: 0 | AA11: =W11+X11-Z11-Y11 -> 1063.04 | AB11: =AE10 -> 0 | AC11: 0 | AD11: =CPP!F11 -> 0 | AE11: =AB11+AC11-AD11 -> 0 | AF11: =AJ10 -> 3881.17 | AG11: 344.15 | AH11: 0 | AI11: =CPP!G11 -> 130 | AJ11: =AF11+AG11-AI11 -> 4095.32 | AK11: =AN10 -> 0 | AL11: 0 | AM11: 0 | AN11: =AK11+AL11-AM11 -> 0 | AO11: =AS10 -> 0 | AP11: 0 | AQ11: 0 | AR11: =CPP!I11 -> 0 | AS11: =AO11+AP11-AQ11-AR11 -> 0 | AT11: =AX10 -> 753.11 | AU11: 0 | AV11: 250 | AW11: =CPP!X11 -> 0 | AX11: =AT11+AU11-AV11-AW11 -> 503.11 | AY11: =BC10 -> 1004.867 | AZ11: 942.44 | BA11: 0 | BB11: =CPP!M11 -> 0 | BC11: =AY11+AZ11-BA11-BB11 -> 1947.307 | BD11: =BH10 -> 0 | BE11: 0 | BF11: 0 | BG11: =CPP!K11 -> 0 | BH11: =BD11+BE11-BF11-BG11 -> 0 | BI11: =BM10 -> 0 | BJ11: 0 | BK11: 0 | BL11: =CPP!L11 -> 0 | BM11: =BI11+BJ11-BK11-BL11 -> 0 | BN11: =BR10 -> 0 | BO11: 0 | BP11: 0 | BQ11: =CPP!N11 -> 0 | BR11: =BN11+BO11-BP11-BQ11 -> 0 | BS11: =BW10 -> 0 | BT11: 0 | BU11: 0 | BV11: =CPP!O11 -> 0 | BW11: =BS11+BT11-BU11-BV11 -> 0 | BX11: =CB10 -> 0 | BY11: 0 | BZ11: 0 | CB11: =BX11+BY11-BZ11-CA11 -> 0 | CC11: =CG10 -> 0 | CD11: 0 | CE11: 0 | CF11: =CPP!P11 -> 0 | CG11: =CC11+CD11-CE11-CF11 -> 0 | CH11: =CL10 -> 0 | CI11: 0 | CJ11: 0 | CK11: =CPP!Q11 -> 0 | CL11: =CH11+CI11-CJ11-CK11 -> 0 | CM11: =CQ10 -> 0.05 | CN11: 0 | CO11: 0 | CP11: =CPP!R11 -> 0 | CQ11: =CM11+CN11-CP11 -> 0.05 | CR11: =CV10 -> 0 | CS11: 0 | CT11: 0 | CU11: =CPP!S11 -> 0 | CV11: =CR11+CS11-CT11-CU11 -> 0 | CW11: =DA10 -> 0 | CX11: 0 | CY11: 0 | CZ11: =CPP!T11 -> 0 | DA11: =CW11+CX11-CY11-CZ11 -> 0 | DB11: =DF10 -> 0.01 | DC11: 0 | DD11: 0 | DE11: =CPP!U11 -> 0 | DF11: =DB11+DC11-DD11-DE11 -> 0.01 | DG11: =DK10 -> 0 | DH11: 0 | DI11: 0 | DJ11: =CPP!V11 -> 0 | DK11: =DG11+DH11-DI11-DJ11 -> 0 | DL11: =DP10 -> 304 | DM11: 0 | DN11: 0 | DO11: =CPP!W11 -> 0 | DP11: =DL11+DM11-DN11-DO11 -> 304 | DQ11: =DU10 -> 0 | DR11: 0 | DS11: 0 | DT11: =CPP!J11 -> 0 | DU11: =DQ11+DR11-DS11-DT11 -> 0 | DV11: =DZ10 -> 0 | DW11: 0 | DX11: 0 | DY11: 0 | DZ11: =DV11+DW11-DX11-DY11 -> 0 | EA11: =K11+W11+AK11+AO11+AT11+AY11 -> 2821.017 | EB11: 0 | EC11: 0 | ED11: =EA11+EB11-EC11 -> 2821.017 | EE11: =Q11+AB11+AF11 -> 3881.17 | EF11: =R11+AC11+AG11 -> 344.15 | EG11: =CPP!D11+CPP!E11+CPP!F11+CPP!G11+CPP!H11+CPP!I11+CPP!J11+CPP!M11+BG11 -> 130 | EH11: =EE11+EF11-EG11 -> 4095.32 | EI11: =EL10 -> 30596.04 | EJ11: =EM11+EN11 -> 1430 | EK11: ='DAILY CEM1'!AG12+'DAILY CEM2'!AF12 -> 1365.683 | EL11: =EI11+EJ11-EK11 -> 30660.357 | EM11: 1430 | EN11: 0 | EO11: 2398.87
B12: 10 | C12: =F11 -> 2048.92 | D12: 0 | E12: 95 | F12: =C12+D12-E12 -> 1953.92 | G12: =J11 -> 1882.0496 | H12: 0 | I12: 0 | J12: =G12+H12-I12-[1]Cement!U12 -> 1843.0496 | K12: =P11 -> 0 | L12: 0 | M12: =CPP!D12 -> 0 | N12: 0 | O12: =M12+N12 -> 0 | P12: =K12+L12-O12 -> 0 | Q12: =V11 -> 0 | R12: 0 | S12: =CPP!E12 -> 0 | T12: 0 | U12: =S12+T12 -> 0 | V12: =Q12+R12-U12 -> 0 | W12: =AA11 -> 1063.04 | X12: 0 | Y12: =CPP!H12 -> 0 | Z12: 0 | AA12: =W12+X12-Z12-Y12 -> 1063.04 | AB12: =AE11 -> 0 | AC12: 0 | AD12: =CPP!F12 -> 0 | AE12: =AB12+AC12-AD12 -> 0 | AF12: =AJ11 -> 4095.32 | AG12: 251.7 | AH12: 0 | AI12: =CPP!G12 -> 131 | AJ12: =AF12+AG12-AI12 -> 4216.02 | AK12: =AN11 -> 0 | AL12: 0 | AM12: 0 | AN12: =AK12+AL12-AM12 -> 0 | AO12: =AS11 -> 0 | AP12: 0 | AQ12: 0 | AR12: =CPP!I12 -> 0 | AS12: =AO12+AP12-AQ12-AR12 -> 0 | AT12: =AX11 -> 503.11 | AU12: 0 | AV12: 260 | AW12: =CPP!X12 -> 0 | AX12: =AT12+AU12-AV12-AW12 -> 243.11 | AY12: =BC11 -> 1947.307 | AZ12: 191.78 | BA12: 0 | BB12: =CPP!M12 -> 0 | BC12: =AY12+AZ12-BA12-BB12 -> 2139.087 | BD12: =BH11 -> 0 | BE12: 0 | BF12: 0 | BG12: =CPP!K12 -> 0 | BH12: =BD12+BE12-BF12-BG12 -> 0 | BI12: =BM11 -> 0 | BJ12: 0 | BK12: 0 | BL12: =CPP!L12 -> 0 | BM12: =BI12+BJ12-BK12-BL12 -> 0 | BN12: =BR11 -> 0 | BO12: 0 | BP12: 0 | BQ12: =CPP!N12 -> 0 | BR12: =BN12+BO12-BP12-BQ12 -> 0 | BS12: =BW11 -> 0 | BT12: 0 | BU12: 0 | BV12: =CPP!O12 -> 0 | BW12: =BS12+BT12-BU12-BV12 -> 0 | BX12: =CB11 -> 0 | BY12: 0 | BZ12: 0 | CB12: =BX12+BY12-BZ12-CA12 -> 0 | CC12: =CG11 -> 0 | CD12: 0 | CE12: 0 | CF12: =CPP!P12 -> 0 | CG12: =CC12+CD12-CE12-CF12 -> 0 | CH12: =CL11 -> 0 | CI12: 0 | CJ12: 0 | CK12: =CPP!Q12 -> 0 | CL12: =CH12+CI12-CJ12-CK12 -> 0 | CM12: =CQ11 -> 0.05 | CN12: 0 | CO12: 0 | CP12: =CPP!R12 -> 0 | CQ12: =CM12+CN12-CP12 -> 0.05 | CR12: =CV11 -> 0 | CS12: 0 | CT12: 0 | CU12: =CPP!S12 -> 0 | CV12: =CR12+CS12-CT12-CU12 -> 0 | CW12: =DA11 -> 0 | CX12: 0 | CY12: 0 | CZ12: =CPP!T12 -> 0 | DA12: =CW12+CX12-CY12-CZ12 -> 0 | DB12: =DF11 -> 0.01 | DC12: 0 | DD12: 0 | DE12: =CPP!U12 -> 0 | DF12: =DB12+DC12-DD12-DE12 -> 0.01 | DG12: =DK11 -> 0 | DH12: 0 | DI12: 0 | DJ12: =CPP!V12 -> 0 | DK12: =DG12+DH12-DI12-DJ12 -> 0 | DL12: =DP11 -> 304 | DM12: 0 | DN12: 0 | DO12: =CPP!W12 -> 0 | DP12: =DL12+DM12-DN12-DO12 -> 304 | DQ12: =DU11 -> 0 | DR12: 0 | DS12: 0 | DT12: =CPP!J12 -> 0 | DU12: =DQ12+DR12-DS12-DT12 -> 0 | DV12: =DZ11 -> 0 | DW12: 0 | DX12: 0 | DY12: 0 | DZ12: =DV12+DW12-DX12-DY12 -> 0 | EA12: =K12+W12+AK12+AO12+AT12+AY12 -> 3513.457 | EB12: 0 | EC12: 0 | ED12: =EA12+EB12-EC12 -> 3513.457 | EE12: =Q12+AB12+AF12 -> 4095.32 | EF12: =R12+AC12+AG12 -> 251.7 | EG12: =CPP!D12+CPP!E12+CPP!F12+CPP!G12+CPP!H12+CPP!I12+CPP!J12+CPP!M12+BG12 -> 131 | EH12: =EE12+EF12-EG12 -> 4216.02 | EI12: =EL11 -> 30660.357 | EJ12: =EM12+EN12 -> 1510 | EK12: ='DAILY CEM1'!AG13+'DAILY CEM2'!AF13 -> 2075.32 | EL12: =EI12+EJ12-EK12 -> 30095.037 | EM12: 1510 | EN12: 0 | EO12: 2254.04
B13: 11 | C13: =F12 -> 1953.92 | D13: 0 | E13: 47 | F13: =C13+D13-E13 -> 1906.92 | G13: =J12 -> 1843.0496 | H13: 0 | I13: 0 | J13: =G13+H13-I13-[1]Cement!U13 -> 1806.0496 | K13: =P12 -> 0 | L13: 0 | M13: =CPP!D13 -> 0 | N13: 0 | O13: =M13+N13 -> 0 | P13: =K13+L13-O13 -> 0 | Q13: =V12 -> 0 | R13: 0 | S13: =CPP!E13 -> 0 | T13: 0 | U13: =S13+T13 -> 0 | V13: =Q13+R13-U13 -> 0 | W13: =AA12 -> 1063.04 | X13: 0 | Y13: =CPP!H13 -> 0 | Z13: 0 | AA13: =W13+X13-Z13-Y13 -> 1063.04 | AB13: =AE12 -> 0 | AC13: 0 | AD13: =CPP!F13 -> 0 | AE13: =AB13+AC13-AD13 -> 0 | AF13: =AJ12 -> 4216.02 | AG13: 0 | AH13: 0 | AI13: =CPP!G13 -> 137 | AJ13: =AF13+AG13-AI13 -> 4079.02 | AK13: =AN12 -> 0 | AL13: 0 | AM13: 0 | AN13: =AK13+AL13-AM13 -> 0 | AO13: =AS12 -> 0 | AP13: 0 | AQ13: 0 | AR13: =CPP!I13 -> 0 | AS13: =AO13+AP13-AQ13-AR13 -> 0 | AT13: =AX12 -> 243.11 | AU13: 0 | AV13: 215 | AW13: =CPP!X13 -> 0 | AX13: =AT13+AU13-AV13-AW13 -> 28.11 | AY13: =BC12 -> 2139.087 | AZ13: 157.12 | BA13: 0 | BB13: =CPP!M13 -> 0 | BC13: =AY13+AZ13-BA13-BB13 -> 2296.207 | BD13: =BH12 -> 0 | BE13: 0 | BF13: 0 | BG13: =CPP!K13 -> 0 | BH13: =BD13+BE13-BF13-BG13 -> 0 | BI13: =BM12 -> 0 | BJ13: 0 | BK13: 0 | BL13: =CPP!L13 -> 0 | BM13: =BI13+BJ13-BK13-BL13 -> 0 | BN13: =BR12 -> 0 | BO13: 0 | BP13: 0 | BQ13: =CPP!N13 -> 0 | BR13: =BN13+BO13-BP13-BQ13 -> 0 | BS13: =BW12 -> 0 | BT13: 0 | BU13: 0 | BV13: =CPP!O13 -> 0 | BW13: =BS13+BT13-BU13-BV13 -> 0 | BX13: =CB12 -> 0 | BY13: 0 | BZ13: 0 | CB13: =BX13+BY13-BZ13-CA13 -> 0 | CC13: =CG12 -> 0 | CD13: 0 | CE13: 0 | CF13: =CPP!P13 -> 0 | CG13: =CC13+CD13-CE13-CF13 -> 0 | CH13: =CL12 -> 0 | CI13: 0 | CJ13: 0 | CK13: =CPP!Q13 -> 0 | CL13: =CH13+CI13-CJ13-CK13 -> 0 | CM13: =CQ12 -> 0.05 | CN13: 0 | CO13: 0 | CP13: =CPP!R13 -> 0 | CQ13: =CM13+CN13-CP13 -> 0.05 | CR13: =CV12 -> 0 | CS13: 0 | CT13: 0 | CU13: =CPP!S13 -> 0 | CV13: =CR13+CS13-CT13-CU13 -> 0 | CW13: =DA12 -> 0 | CX13: 0 | CY13: 0 | CZ13: =CPP!T13 -> 0 | DA13: =CW13+CX13-CY13-CZ13 -> 0 | DB13: =DF12 -> 0.01 | DC13: 0 | DD13: 0 | DE13: =CPP!U13 -> 0 | DF13: =DB13+DC13-DD13-DE13 -> 0.01 | DG13: =DK12 -> 0 | DH13: 0 | DI13: 0 | DJ13: =CPP!V13 -> 0 | DK13: =DG13+DH13-DI13-DJ13 -> 0 | DL13: =DP12 -> 304 | DM13: 0 | DN13: 0 | DO13: =CPP!W13 -> 0 | DP13: =DL13+DM13-DN13-DO13 -> 304 | DQ13: =DU12 -> 0 | DR13: 0 | DS13: 0 | DT13: =CPP!J13 -> 0 | DU13: =DQ13+DR13-DS13-DT13 -> 0 | DV13: =DZ12 -> 0 | DW13: 0 | DX13: 0 | DY13: 0 | DZ13: =DV13+DW13-DX13-DY13 -> 0 | EA13: =K13+W13+AK13+AO13+AT13+AY13 -> 3445.237 | EB13: 0 | EC13: 0 | ED13: =EA13+EB13-EC13 -> 3445.237 | EE13: =Q13+AB13+AF13 -> 4216.02 | EF13: =R13+AC13+AG13 -> 0 | EG13: =CPP!D13+CPP!E13+CPP!F13+CPP!G13+CPP!H13+CPP!I13+CPP!J13+CPP!M13+BG13 -> 137 | EH13: =EE13+EF13-EG13 -> 4079.02 | EI13: =EL12 -> 30095.037 | EJ13: =EM13+EN13 -> 1290 | EK13: ='DAILY CEM1'!AG14+'DAILY CEM2'!AF14 -> 2304 | EL13: =EI13+EJ13-EK13 -> 29081.037 | EM13: 1290 | EN13: 0 | EO13: 1778.35
B14: 12 | C14: =F13 -> 1906.92 | D14: 0 | E14: 59 | F14: =C14+D14-E14 -> 1847.92 | G14: =J13 -> 1806.0496 | H14: 0 | I14: 0 | J14: =G14+H14-I14-[1]Cement!U14 -> 1761.0496 | K14: =P13 -> 0 | L14: 0 | M14: =CPP!D14 -> 0 | N14: 0 | O14: =M14+N14 -> 0 | P14: =K14+L14-O14 -> 0 | Q14: =V13 -> 0 | R14: 0 | S14: =CPP!E14 -> 0 | T14: 0 | U14: =S14+T14 -> 0 | V14: =Q14+R14-U14 -> 0 | W14: =AA13 -> 1063.04 | X14: 0 | Y14: =CPP!H14 -> 0 | Z14: 286.67 | AA14: =W14+X14-Z14-Y14 -> 776.37 | AB14: =AE13 -> 0 | AC14: 0 | AD14: =CPP!F14 -> 0 | AE14: =AB14+AC14-AD14 -> 0 | AF14: =AJ13 -> 4079.02 | AG14: 95 | AH14: 0 | AI14: =CPP!G14 -> 137 | AJ14: =AF14+AG14-AI14 -> 4037.02 | AK14: =AN13 -> 0 | AL14: 0 | AM14: 0 | AN14: =AK14+AL14-AM14 -> 0 | AO14: =AS13 -> 0 | AP14: 0 | AQ14: 0 | AR14: =CPP!I14 -> 0 | AS14: =AO14+AP14-AQ14-AR14 -> 0 | AT14: =AX13 -> 28.11 | AU14: 0 | AV14: 0 | AW14: =CPP!X14 -> 0 | AX14: =AT14+AU14-AV14-AW14 -> 28.11 | AY14: =BC13 -> 2296.207 | AZ14: 186.68 | BA14: 0 | BB14: =CPP!M14 -> 0 | BC14: =AY14+AZ14-BA14-BB14 -> 2482.887 | BD14: =BH13 -> 0 | BE14: 0 | BF14: 0 | BG14: =CPP!K14 -> 0 | BH14: =BD14+BE14-BF14-BG14 -> 0 | BI14: =BM13 -> 0 | BJ14: 0 | BK14: 0 | BL14: =CPP!L14 -> 0 | BM14: =BI14+BJ14-BK14-BL14 -> 0 | BN14: =BR13 -> 0 | BO14: 0 | BP14: 0 | BQ14: =CPP!N14 -> 0 | BR14: =BN14+BO14-BP14-BQ14 -> 0 | BS14: =BW13 -> 0 | BT14: 0 | BU14: 0 | BV14: =CPP!O14 -> 0 | BW14: =BS14+BT14-BU14-BV14 -> 0 | BX14: =CB13 -> 0 | BY14: 0 | BZ14: 0 | CB14: =BX14+BY14-BZ14-CA14 -> 0 | CC14: =CG13 -> 0 | CD14: 0 | CE14: 0 | CF14: =CPP!P14 -> 0 | CG14: =CC14+CD14-CE14-CF14 -> 0 | CH14: =CL13 -> 0 | CI14: 0 | CJ14: 0 | CK14: =CPP!Q14 -> 0 | CL14: =CH14+CI14-CJ14-CK14 -> 0 | CM14: =CQ13 -> 0.05 | CN14: 0 | CO14: 0 | CP14: =CPP!R14 -> 0 | CQ14: =CM14+CN14-CP14 -> 0.05 | CR14: =CV13 -> 0 | CS14: 0 | CT14: 0 | CU14: =CPP!S14 -> 0 | CV14: =CR14+CS14-CT14-CU14 -> 0 | CW14: =DA13 -> 0 | CX14: 0 | CY14: 0 | CZ14: =CPP!T14 -> 0 | DA14: =CW14+CX14-CY14-CZ14 -> 0 | DB14: =DF13 -> 0.01 | DC14: 0 | DD14: 0 | DE14: =CPP!U14 -> 0 | DF14: =DB14+DC14-DD14-DE14 -> 0.01 | DG14: =DK13 -> 0 | DH14: 0 | DI14: 0 | DJ14: =CPP!V14 -> 0 | DK14: =DG14+DH14-DI14-DJ14 -> 0 | DL14: =DP13 -> 304 | DM14: 0 | DN14: 0 | DO14: =CPP!W14 -> 0 | DP14: =DL14+DM14-DN14-DO14 -> 304 | DQ14: =DU13 -> 0 | DR14: 0 | DS14: 0 | DT14: =CPP!J14 -> 0 | DU14: =DQ14+DR14-DS14-DT14 -> 0 | DV14: =DZ13 -> 0 | DW14: 0 | DX14: 0 | DY14: 0 | DZ14: =DV14+DW14-DX14-DY14 -> 0 | EA14: =K14+W14+AK14+AO14+AT14+AY14 -> 3387.357 | EB14: 0 | EC14: 0 | ED14: =EA14+EB14-EC14 -> 3387.357 | EE14: =Q14+AB14+AF14 -> 4079.02 | EF14: =R14+AC14+AG14 -> 95 | EG14: =CPP!D14+CPP!E14+CPP!F14+CPP!G14+CPP!H14+CPP!I14+CPP!J14+CPP!M14+BG14 -> 137 | EH14: =EE14+EF14-EG14 -> 4037.02 | EI14: =EL13 -> 29081.037 | EJ14: =EM14+EN14 -> 1710 | EK14: ='DAILY CEM1'!AG15+'DAILY CEM2'!AF15 -> 2081.504 | EL14: =EI14+EJ14-EK14 -> 28709.533 | EM14: 1710 | EN14: 0 | EO14: 1958.66
B15: 13 | C15: =F14 -> 1847.92 | D15: 0 | E15: 46 | F15: =C15+D15-E15 -> 1801.92 | G15: =J14 -> 1761.0496 | H15: 0 | I15: 0 | J15: =G15+H15-I15-[1]Cement!U15 -> 1695.0496 | K15: =P14 -> 0 | L15: 0 | M15: =CPP!D15 -> 0 | N15: 0 | O15: =M15+N15 -> 0 | P15: =K15+L15-O15 -> 0 | Q15: =V14 -> 0 | R15: 0 | S15: =CPP!E15 -> 0 | T15: 0 | U15: =S15+T15 -> 0 | V15: =Q15+R15-U15 -> 0 | W15: =AA14 -> 776.37 | X15: 0 | Y15: =CPP!H15 -> 0 | Z15: 242.22 | AA15: =W15+X15-Z15-Y15 -> 534.15 | AB15: =AE14 -> 0 | AC15: 0 | AD15: =CPP!F15 -> 0 | AE15: =AB15+AC15-AD15 -> 0 | AF15: =AJ14 -> 4037.02 | AG15: 0 | AH15: 0 | AI15: =CPP!G15 -> 126 | AJ15: =AF15+AG15-AH15-AI15 -> 3911.02 | AK15: =AN14 -> 0 | AL15: 0 | AM15: 0 | AN15: =AK15+AL15-AM15 -> 0 | AO15: =AS14 -> 0 | AP15: 0 | AQ15: 0 | AR15: =CPP!I15 -> 0 | AS15: =AO15+AP15-AQ15-AR15 -> 0 | AT15: =AX14 -> 28.11 | AU15: 0 | AV15: 0 | AW15: =CPP!X15 -> 0 | AX15: =AT15+AU15-AV15-AW15 -> 28.11 | AY15: =BC14 -> 2482.887 | AZ15: 0 | BA15: 0 | BB15: =CPP!M15 -> 0 | BC15: =AY15+AZ15-BA15-BB15 -> 2482.887 | BD15: =BH14 -> 0 | BE15: 0 | BF15: 0 | BG15: =CPP!K15 -> 0 | BH15: =BD15+BE15-BF15-BG15 -> 0 | BI15: =BM14 -> 0 | BJ15: 0 | BK15: 0 | BL15: =CPP!L15 -> 0 | BM15: =BI15+BJ15-BK15-BL15 -> 0 | BN15: =BR14 -> 0 | BO15: 0 | BP15: 0 | BQ15: =CPP!N15 -> 0 | BR15: =BN15+BO15-BP15-BQ15 -> 0 | BS15: =BW14 -> 0 | BT15: 0 | BU15: 0 | BV15: =CPP!O15 -> 0 | BW15: =BS15+BT15-BU15-BV15 -> 0 | BX15: =CB14 -> 0 | BY15: 0 | BZ15: 0 | CB15: =BX15+BY15-BZ15-CA15 -> 0 | CC15: =CG14 -> 0 | CD15: 0 | CE15: 0 | CF15: =CPP!P15 -> 0 | CG15: =CC15+CD15-CE15-CF15 -> 0 | CH15: =CL14 -> 0 | CI15: 0 | CJ15: 0 | CK15: =CPP!Q15 -> 0 | CL15: =CH15+CI15-CJ15-CK15 -> 0 | CM15: =CQ14 -> 0.05 | CN15: 0 | CO15: 0 | CP15: =CPP!R15 -> 0 | CQ15: =CM15+CN15-CP15 -> 0.05 | CR15: =CV14 -> 0 | CS15: 0 | CT15: 0 | CU15: =CPP!S15 -> 0 | CV15: =CR15+CS15-CT15-CU15 -> 0 | CW15: =DA14 -> 0 | CX15: 0 | CY15: 0 | CZ15: =CPP!T15 -> 0 | DA15: =CW15+CX15-CY15-CZ15 -> 0 | DB15: =DF14 -> 0.01 | DC15: 0 | DD15: 0 | DE15: =CPP!U15 -> 0 | DF15: =DB15+DC15-DD15-DE15 -> 0.01 | DG15: =DK14 -> 0 | DH15: 0 | DI15: 0 | DJ15: =CPP!V15 -> 0 | DK15: =DG15+DH15-DI15-DJ15 -> 0 | DL15: =DP14 -> 304 | DM15: 0 | DN15: 0 | DO15: =CPP!W15 -> 0 | DP15: =DL15+DM15-DN15-DO15 -> 304 | DQ15: =DU14 -> 0 | DR15: 0 | DS15: 0 | DT15: =CPP!J15 -> 0 | DU15: =DQ15+DR15-DS15-DT15 -> 0 | DV15: =DZ14 -> 0 | DW15: 0 | DX15: 0 | DY15: 0 | DZ15: =DV15+DW15-DX15-DY15 -> 0 | EA15: =K15+W15+AK15+AO15+AT15+AY15 -> 3287.367 | EB15: 0 | EC15: 0 | ED15: =EA15+EB15-EC15 -> 3287.367 | EE15: =Q15+AB15+AF15 -> 4037.02 | EF15: =R15+AC15+AG15 -> 0 | EG15: =CPP!D15+CPP!E15+CPP!F15+CPP!G15+CPP!H15+CPP!I15+CPP!J15+CPP!M15+BG15 -> 126 | EH15: =EE15+EF15-EG15 -> 3911.02 | EI15: =EL14 -> 28709.533 | EJ15: =EM15+EN15 -> 1304 | EK15: ='DAILY CEM1'!AG16+'DAILY CEM2'!AF16 -> 2171.603 | EL15: =EI15+EJ15-EK15 -> 27841.93 | EM15: 1304 | EN15: 0 | EO15: 2155.47
B16: 14 | C16: =F15 -> 1801.92 | D16: 0 | E16: 61 | F16: =C16+D16-E16 -> 1740.92 | G16: =J15 -> 1695.0496 | H16: 0 | I16: 0 | J16: =G16+H16-I16-[1]Cement!U16 -> 1628.0496 | K16: =P15 -> 0 | L16: 0 | M16: =CPP!D16 -> 0 | N16: 0 | O16: =M16+N16 -> 0 | P16: =K16+L16-O16 -> 0 | Q16: =V15 -> 0 | R16: 0 | S16: =CPP!E16 -> 0 | T16: 0 | U16: =S16+T16 -> 0 | V16: =Q16+R16-U16 -> 0 | W16: =AA15 -> 534.15 | X16: 0 | Y16: =CPP!H16 -> 0 | Z16: 227.78 | AA16: =W16+X16-Z16-Y16 -> 306.37 | AB16: =AE15 -> 0 | AC16: 0 | AD16: =CPP!F16 -> 0 | AE16: =AB16+AC16-AD16 -> 0 | AF16: =AJ15 -> 3911.02 | AG16: 0 | AH16: 0 | AI16: =CPP!G16 -> 130 | AJ16: =AF16+AG16-AH16-AI16 -> 3781.02 | AK16: =AN15 -> 0 | AL16: 0 | AM16: 0 | AN16: =AK16+AL16-AM16 -> 0 | AO16: =AS15 -> 0 | AP16: 0 | AQ16: 0 | AR16: =CPP!I16 -> 0 | AS16: =AO16+AP16-AQ16-AR16 -> 0 | AT16: =AX15 -> 28.11 | AU16: 0 | AV16: 0 | AW16: =CPP!X16 -> 0 | AX16: =AT16+AU16-AV16-AW16 -> 28.11 | AY16: =BC15 -> 2482.887 | AZ16: 0 | BA16: 0 | BB16: =CPP!M16 -> 0 | BC16: =AY16+AZ16-BA16-BB16 -> 2482.887 | BD16: =BH15 -> 0 | BE16: 0 | BF16: 0 | BG16: =CPP!K16 -> 0 | BH16: =BD16+BE16-BF16-BG16 -> 0 | BI16: =BM15 -> 0 | BJ16: 0 | BK16: 0 | BL16: =CPP!L16 -> 0 | BM16: =BI16+BJ16-BK16-BL16 -> 0 | BN16: =BR15 -> 0 | BO16: 0 | BP16: 0 | BQ16: =CPP!N16 -> 0 | BR16: =BN16+BO16-BP16-BQ16 -> 0 | BS16: =BW15 -> 0 | BT16: 0 | BU16: 0 | BV16: =CPP!O16 -> 0 | BW16: =BS16+BT16-BU16-BV16 -> 0 | BX16: =CB15 -> 0 | BY16: 0 | BZ16: 0 | CB16: =BX16+BY16-BZ16-CA16 -> 0 | CC16: =CG15 -> 0 | CD16: 0 | CE16: 0 | CF16: =CPP!P16 -> 0 | CG16: =CC16+CD16-CE16-CF16 -> 0 | CH16: =CL15 -> 0 | CI16: 0 | CJ16: 0 | CK16: =CPP!Q16 -> 0 | CL16: =CH16+CI16-CJ16-CK16 -> 0 | CM16: =CQ15 -> 0.05 | CN16: 0 | CO16: 0 | CP16: =CPP!R16 -> 0 | CQ16: =CM16+CN16-CP16 -> 0.05 | CR16: =CV15 -> 0 | CS16: 0 | CT16: 0 | CU16: =CPP!S16 -> 0 | CV16: =CR16+CS16-CT16-CU16 -> 0 | CW16: =DA15 -> 0 | CX16: 0 | CY16: 0 | CZ16: =CPP!T16 -> 0 | DA16: =CW16+CX16-CY16-CZ16 -> 0 | DB16: =DF15 -> 0.01 | DC16: 0 | DD16: 0 | DE16: =CPP!U16 -> 0 | DF16: =DB16+DC16-DD16-DE16 -> 0.01 | DG16: =DK15 -> 0 | DH16: 0 | DI16: 0 | DJ16: =CPP!V16 -> 0 | DK16: =DG16+DH16-DI16-DJ16 -> 0 | DL16: =DP15 -> 304 | DM16: 0 | DN16: 0 | DO16: =CPP!W16 -> 0 | DP16: =DL16+DM16-DN16-DO16 -> 304 | DQ16: =DU15 -> 0 | DR16: 0 | DS16: 0 | DT16: =CPP!J16 -> 0 | DU16: =DQ16+DR16-DS16-DT16 -> 0 | DV16: =DZ15 -> 0 | DW16: 0 | DX16: 0 | DY16: 0 | DZ16: =DV16+DW16-DX16-DY16 -> 0 | EA16: =K16+W16+AK16+AO16+AT16+AY16 -> 3045.147 | EB16: 0 | EC16: 0 | ED16: =EA16+EB16-EC16 -> 3045.147 | EE16: =Q16+AB16+AF16 -> 3911.02 | EF16: =R16+AC16+AG16 -> 0 | EG16: =CPP!D16+CPP!E16+CPP!F16+CPP!G16+CPP!H16+CPP!I16+CPP!J16+CPP!M16+BG16 -> 130 | EH16: =EE16+EF16-EG16 -> 3781.02 | EI16: =EL15 -> 27841.93 | EJ16: =EM16+EN16 -> 1305 | EK16: ='DAILY CEM1'!AG17+'DAILY CEM2'!AF17 -> 2083.58 | EL16: =EI16+EJ16-EK16 -> 27063.35 | EM16: 1305 | EN16: 0 | EO16: 1826.06
B17: 15 | C17: =F16 -> 1740.92 | D17: 0 | E17: 63 | F17: =C17+D17-E17 -> 1677.92 | G17: =J16 -> 1628.0496 | H17: 0 | I17: 0 | J17: =G17+H17-I17-[1]Cement!U17 -> 1531.0496 | K17: =P16 -> 0 | L17: 0 | M17: =CPP!D17 -> 0 | N17: 0 | O17: =M17+N17 -> 0 | P17: =K17+L17-O17 -> 0 | Q17: =V16 -> 0 | R17: 0 | S17: =CPP!E17 -> 0 | T17: 0 | U17: =S17+T17 -> 0 | V17: =Q17+R17-U17 -> 0 | W17: =AA16 -> 306.37 | X17: 0 | Y17: =CPP!H17 -> 0 | Z17: 205.23 | AA17: =W17+X17-Z17-Y17 -> 101.14 | AB17: =AE16 -> 0 | AC17: 0 | AD17: =CPP!F17 -> 0 | AE17: =AB17+AC17-AD17 -> 0 | AF17: =AJ16 -> 3781.02 | AG17: 764.75 | AH17: 0 | AI17: =CPP!G17 -> 147 | AJ17: =AF17+AG17-AH17-AI17 -> 4398.77 | AK17: =AN16 -> 0 | AL17: 0 | AM17: 0 | AN17: =AK17+AL17-AM17 -> 0 | AO17: =AS16 -> 0 | AP17: 0 | AQ17: 0 | AR17: =CPP!I17 -> 0 | AS17: =AO17+AP17-AQ17-AR17 -> 0 | AT17: =AX16 -> 28.11 | AU17: 0 | AV17: 28.1 | AW17: =CPP!X17 -> 0 | AX17: =AT17+AU17-AV17-AW17 -> 0.01 | AY17: =BC16 -> 2482.887 | AZ17: 155.24 | BA17: 0 | BB17: =CPP!M17 -> 0 | BC17: =AY17+AZ17-BA17-BB17 -> 2638.127 | BD17: =BH16 -> 0 | BE17: 0 | BF17: 0 | BG17: =CPP!K17 -> 0 | BH17: =BD17+BE17-BF17-BG17 -> 0 | BI17: =BM16 -> 0 | BJ17: 0 | BK17: 0 | BL17: =CPP!L17 -> 0 | BM17: =BI17+BJ17-BK17-BL17 -> 0 | BN17: =BR16 -> 0 | BO17: 0 | BP17: 0 | BQ17: =CPP!N17 -> 0 | BR17: =BN17+BO17-BP17-BQ17 -> 0 | BS17: =BW16 -> 0 | BT17: 0 | BU17: 0 | BV17: =CPP!O17 -> 0 | BW17: =BS17+BT17-BU17-BV17 -> 0 | BX17: =CB16 -> 0 | BY17: 0 | BZ17: 0 | CB17: =BX17+BY17-BZ17-CA17 -> 0 | CC17: =CG16 -> 0 | CD17: 0 | CE17: 0 | CF17: =CPP!P17 -> 0 | CG17: =CC17+CD17-CE17-CF17 -> 0 | CH17: =CL16 -> 0 | CI17: 0 | CJ17: 0 | CK17: =CPP!Q17 -> 0 | CL17: =CH17+CI17-CJ17-CK17 -> 0 | CM17: =CQ16 -> 0.05 | CN17: 0 | CO17: 0 | CP17: =CPP!R17 -> 0 | CQ17: =CM17+CN17-CP17 -> 0.05 | CR17: =CV16 -> 0 | CS17: 0 | CT17: 0 | CU17: =CPP!S17 -> 0 | CV17: =CR17+CS17-CT17-CU17 -> 0 | CW17: =DA16 -> 0 | CX17: 0 | CY17: 0 | CZ17: =CPP!T17 -> 0 | DA17: =CW17+CX17-CY17-CZ17 -> 0 | DB17: =DF16 -> 0.01 | DC17: 0 | DD17: 0 | DE17: =CPP!U17 -> 0 | DF17: =DB17+DC17-DD17-DE17 -> 0.01 | DG17: =DK16 -> 0 | DH17: 0 | DI17: 0 | DJ17: =CPP!V17 -> 0 | DK17: =DG17+DH17-DI17-DJ17 -> 0 | DL17: =DP16 -> 304 | DM17: 0 | DN17: 0 | DO17: =CPP!W17 -> 0 | DP17: =DL17+DM17-DN17-DO17 -> 304 | DQ17: =DU16 -> 0 | DR17: 0 | DS17: 0 | DT17: =CPP!J17 -> 0 | DU17: =DQ17+DR17-DS17-DT17 -> 0 | DV17: =DZ16 -> 0 | DW17: 0 | DX17: 0 | DY17: 0 | DZ17: =DV17+DW17-DX17-DY17 -> 0 | EA17: =K17+W17+AK17+AO17+AT17+AY17 -> 2817.367 | EB17: 0 | EC17: 0 | ED17: =EA17+EB17-EC17 -> 2817.367 | EE17: =Q17+AB17+AF17 -> 3781.02 | EF17: =R17+AC17+AG17 -> 764.75 | EG17: =CPP!D17+CPP!E17+CPP!F17+CPP!G17+CPP!H17+CPP!I17+CPP!J17+CPP!M17+BG17 -> 147 | EH17: =EE17+EF17-EG17 -> 4398.77 | EI17: =EL16 -> 27063.35 | EJ17: =EM17+EN17 -> 1350 | EK17: ='DAILY CEM1'!AG18+'DAILY CEM2'!AF18 -> 1946.668 | EL17: =EI17+EJ17-EK17 -> 26466.682 | EM17: 1350 | EN17: 0 | EO17: 2287.62
B18: 16 | C18: =F17 -> 1677.92 | D18: 0 | E18: 72 | F18: =C18+D18-E18 -> 1605.92 | G18: =J17 -> 1531.0496 | H18: 0 | I18: 0 | J18: =G18+H18-I18-[1]Cement!U18 -> 1440.0496 | K18: =P17 -> 0 | L18: 0 | M18: =CPP!D18 -> 0 | N18: 0 | O18: =M18+N18 -> 0 | P18: =K18+L18-O18 -> 0 | Q18: =V17 -> 0 | R18: 0 | S18: =CPP!E18 -> 0 | T18: 0 | U18: =S18+T18 -> 0 | V18: =Q18+R18-U18 -> 0 | W18: =AA17 -> 101.14 | X18: 0 | Y18: =CPP!H18 -> 0 | Z18: 101.1 | AA18: =W18+X18-Z18-Y18 -> 0.04 | AB18: =AE17 -> 0 | AC18: 0 | AD18: =CPP!F18 -> 0 | AE18: =AB18+AC18-AD18 -> 0 | AF18: =AJ17 -> 4398.77 | AG18: 124.25 | AH18: 0 | AI18: =CPP!G18 -> 172 | AJ18: =AF18+AG18-AH18-AI18 -> 4351.02 | AK18: =AN17 -> 0 | AL18: 0 | AM18: 0 | AN18: =AK18+AL18-AM18 -> 0 | AO18: =AS17 -> 0 | AP18: 0 | AQ18: 0 | AR18: =CPP!I18 -> 0 | AS18: =AO18+AP18-AQ18-AR18 -> 0 | AT18: =AX17 -> 0.01 | AU18: 0 | AV18: 0 | AW18: =CPP!X18 -> 0 | AX18: =AT18+AU18-AV18-AW18 -> 0.01 | AY18: =BC17 -> 2638.127 | AZ18: 123.28 | BA18: 143.34 | BB18: =CPP!M18 -> 0 | BC18: =AY18+AZ18-BA18-BB18 -> 2618.067 | BD18: =BH17 -> 0 | BE18: 0 | BF18: 0 | BG18: =CPP!K18 -> 0 | BH18: =BD18+BE18-BF18-BG18 -> 0 | BI18: =BM17 -> 0 | BJ18: 0 | BK18: 0 | BL18: =CPP!L18 -> 0 | BM18: =BI18+BJ18-BK18-BL18 -> 0 | BN18: =BR17 -> 0 | BO18: 0 | BP18: 0 | BQ18: =CPP!N18 -> 0 | BR18: =BN18+BO18-BP18-BQ18 -> 0 | BS18: =BW17 -> 0 | BT18: 0 | BU18: 0 | BV18: =CPP!O18 -> 0 | BW18: =BS18+BT18-BU18-BV18 -> 0 | BX18: =CB17 -> 0 | BY18: 0 | BZ18: 0 | CB18: =BX18+BY18-BZ18-CA18 -> 0 | CC18: =CG17 -> 0 | CD18: 0 | CE18: 0 | CF18: =CPP!P18 -> 0 | CG18: =CC18+CD18-CE18-CF18 -> 0 | CH18: =CL17 -> 0 | CI18: 0 | CJ18: 0 | CK18: =CPP!Q18 -> 0 | CL18: =CH18+CI18-CJ18-CK18 -> 0 | CM18: =CQ17 -> 0.05 | CN18: 0 | CO18: 0 | CP18: =CPP!R18 -> 0 | CQ18: =CM18+CN18-CP18 -> 0.05 | CR18: =CV17 -> 0 | CS18: 0 | CT18: 0 | CU18: =CPP!S18 -> 0 | CV18: =CR18+CS18-CT18-CU18 -> 0 | CW18: =DA17 -> 0 | CX18: 0 | CY18: 0 | CZ18: =CPP!T18 -> 0 | DA18: =CW18+CX18-CY18-CZ18 -> 0 | DB18: =DF17 -> 0.01 | DC18: 0 | DD18: 0 | DE18: =CPP!U18 -> 0 | DF18: =DB18+DC18-DD18-DE18 -> 0.01 | DG18: =DK17 -> 0 | DH18: 0 | DI18: 0 | DJ18: =CPP!V18 -> 0 | DK18: =DG18+DH18-DI18-DJ18 -> 0 | DL18: =DP17 -> 304 | DM18: 0 | DN18: 0 | DO18: =CPP!W18 -> 0 | DP18: =DL18+DM18-DN18-DO18 -> 304 | DQ18: =DU17 -> 0 | DR18: 0 | DS18: 0 | DT18: =CPP!J18 -> 0 | DU18: =DQ18+DR18-DS18-DT18 -> 0 | DV18: =DZ17 -> 0 | DW18: 0 | DX18: 0 | DY18: 0 | DZ18: =DV18+DW18-DX18-DY18 -> 0 | EA18: =K18+W18+AK18+AO18+AT18+AY18 -> 2739.277 | EB18: 0 | EC18: 0 | ED18: =EA18+EB18-EC18 -> 2739.277 | EE18: =Q18+AB18+AF18 -> 4398.77 | EF18: =R18+AC18+AG18 -> 124.25 | EG18: =CPP!D18+CPP!E18+CPP!F18+CPP!G18+CPP!H18+CPP!I18+CPP!J18+CPP!M18+BG18 -> 172 | EH18: =EE18+EF18-EG18 -> 4351.02 | EI18: =EL17 -> 26466.682 | EJ18: =EM18+EN18 -> 1390 | EK18: ='DAILY CEM1'!AG19+'DAILY CEM2'!AF19 -> 2298.529 | EL18: =EI18+EJ18-EK18 -> 25558.153 | EM18: 1390 | EN18: 0 | EO18: 2324.5
B19: 17 | C19: =F18 -> 1605.92 | D19: 0 | E19: 47 | F19: =C19+D19-E19 -> 1558.92 | G19: =J18 -> 1440.0496 | H19: 0 | I19: 0 | J19: =G19+H19-I19-[1]Cement!U19 -> 1365.0496 | K19: =P18 -> 0 | L19: 0 | M19: =CPP!D19 -> 0 | N19: 0 | O19: =M19+N19 -> 0 | P19: =K19+L19-O19 -> 0 | Q19: =V18 -> 0 | R19: 0 | S19: =CPP!E19 -> 0 | T19: 0 | U19: =S19+T19 -> 0 | V19: =Q19+R19-U19 -> 0 | W19: =AA18 -> 0.04 | X19: 0 | Y19: =CPP!H19 -> 0 | Z19: 0 | AA19: =W19+X19-Z19-Y19 -> 0.04 | AB19: =AE18 -> 0 | AC19: 0 | AD19: =CPP!F19 -> 0 | AE19: =AB19+AC19-AD19 -> 0 | AF19: =AJ18 -> 4351.02 | AG19: 32 | AH19: 0 | AI19: =CPP!G19 -> 155 | AJ19: =AF19+AG19-AH19-AI19 -> 4228.02 | AK19: =AN18 -> 0 | AL19: 0 | AM19: 0 | AN19: =AK19+AL19-AM19 -> 0 | AO19: =AS18 -> 0 | AP19: 0 | AQ19: 0 | AR19: =CPP!I19 -> 0 | AS19: =AO19+AP19-AQ19-AR19 -> 0 | AT19: =AX18 -> 0.01 | AU19: 0 | AV19: 0 | AW19: =CPP!X19 -> 0 | AX19: =AT19+AU19-AV19-AW19 -> 0.01 | AY19: =BC18 -> 2618.067 | AZ19: 64.14 | BA19: 244.44 | BB19: =CPP!M19 -> 0 | BC19: =AY19+AZ19-BA19-BB19 -> 2437.767 | BD19: =BH18 -> 0 | BE19: 0 | BF19: 0 | BG19: =CPP!K19 -> 0 | BH19: =BD19+BE19-BF19-BG19 -> 0 | BI19: =BM18 -> 0 | BJ19: 0 | BK19: 0 | BL19: =CPP!L19 -> 0 | BM19: =BI19+BJ19-BK19-BL19 -> 0 | BN19: =BR18 -> 0 | BO19: 0 | BP19: 0 | BQ19: =CPP!N19 -> 0 | BR19: =BN19+BO19-BP19-BQ19 -> 0 | BS19: =BW18 -> 0 | BT19: 0 | BU19: 0 | BV19: =CPP!O19 -> 0 | BW19: =BS19+BT19-BU19-BV19 -> 0 | BX19: =CB18 -> 0 | BY19: 0 | BZ19: 0 | CB19: =BX19+BY19-BZ19-CA19 -> 0 | CC19: =CG18 -> 0 | CD19: 0 | CE19: 0 | CF19: =CPP!P19 -> 0 | CG19: =CC19+CD19-CE19-CF19 -> 0 | CH19: =CL18 -> 0 | CI19: 0 | CJ19: 0 | CK19: =CPP!Q19 -> 0 | CL19: =CH19+CI19-CJ19-CK19 -> 0 | CM19: =CQ18 -> 0.05 | CN19: 0 | CO19: 0 | CP19: =CPP!R19 -> 0 | CQ19: =CM19+CN19-CP19 -> 0.05 | CR19: =CV18 -> 0 | CS19: 0 | CT19: 0 | CU19: =CPP!S19 -> 0 | CV19: =CR19+CS19-CT19-CU19 -> 0 | CW19: =DA18 -> 0 | CX19: 0 | CY19: 0 | CZ19: =CPP!T19 -> 0 | DA19: =CW19+CX19-CY19-CZ19 -> 0 | DB19: =DF18 -> 0.01 | DC19: 0 | DD19: 0 | DE19: =CPP!U19 -> 0 | DF19: =DB19+DC19-DD19-DE19 -> 0.01 | DG19: =DK18 -> 0 | DH19: 0 | DI19: 0 | DJ19: =CPP!V19 -> 0 | DK19: =DG19+DH19-DI19-DJ19 -> 0 | DL19: =DP18 -> 304 | DM19: 0 | DN19: 0 | DO19: =CPP!W19 -> 0 | DP19: =DL19+DM19-DN19-DO19 -> 304 | DQ19: =DU18 -> 0 | DR19: 0 | DS19: 0 | DT19: =CPP!J19 -> 0 | DU19: =DQ19+DR19-DS19-DT19 -> 0 | DV19: =DZ18 -> 0 | DW19: 0 | DX19: 0 | DY19: 0 | DZ19: =DV19+DW19-DX19-DY19 -> 0 | EA19: =K19+W19+AK19+AO19+AT19+AY19 -> 2618.117 | EB19: 0 | EC19: 0 | ED19: =EA19+EB19-EC19 -> 2618.117 | EE19: =Q19+AB19+AF19 -> 4351.02 | EF19: =R19+AC19+AG19 -> 32 | EG19: =CPP!D19+CPP!E19+CPP!F19+CPP!G19+CPP!H19+CPP!I19+CPP!J19+CPP!M19+BG19 -> 155 | EH19: =EE19+EF19-EG19 -> 4228.02 | EI19: =EL18 -> 25558.153 | EJ19: =EM19+EN19 -> 1425 | EK19: ='DAILY CEM1'!AG20+'DAILY CEM2'!AF20 -> 2169.69 | EL19: =EI19+EJ19-EK19 -> 24813.463 | EM19: 1425 | EN19: 0 | EO19: 2176.78
B20: 18 | C20: =F19 -> 1558.92 | D20: 0 | E20: 88 | F20: =C20+D20-E20 -> 1470.92 | G20: =J19 -> 1365.0496 | H20: 0 | I20: 0 | J20: =G20+H20-I20-[1]Cement!U20 -> 1271.0496 | K20: =P19 -> 0 | L20: 0 | M20: =CPP!D20 -> 0 | N20: 0 | O20: =M20+N20 -> 0 | P20: =K20+L20-O20 -> 0 | Q20: =V19 -> 0 | R20: 0 | S20: =CPP!E20 -> 0 | T20: 0 | U20: =S20+T20 -> 0 | V20: =Q20+R20-U20 -> 0 | W20: =AA19 -> 0.04 | X20: 0 | Y20: =CPP!H20 -> 0 | Z20: 0 | AA20: =W20+X20-Z20-Y20 -> 0.04 | AB20: =AE19 -> 0 | AC20: 0 | AD20: =CPP!F20 -> 0 | AE20: =AB20+AC20-AD20 -> 0 | AF20: =AJ19 -> 4228.02 | AG20: 251.7 | AH20: 0 | AI20: =CPP!G20 -> 164 | AJ20: =AF20+AG20-AH20-AI20 -> 4315.72 | AK20: =AN19 -> 0 | AL20: 0 | AM20: 0 | AN20: =AK20+AL20-AM20 -> 0 | AO20: =AS19 -> 0 | AP20: 0 | AQ20: 0 | AR20: =CPP!I20 -> 0 | AS20: =AO20+AP20-AQ20-AR20 -> 0 | AT20: =AX19 -> 0.01 | AU20: 0 | AV20: 0 | AW20: =CPP!X20 -> 0 | AX20: =AT20+AU20-AV20-AW20 -> 0.01 | AY20: =BC19 -> 2437.767 | AZ20: 186.46 | BA20: 237.78 | BB20: =CPP!M20 -> 0 | BC20: =AY20+AZ20-BA20-BB20 -> 2386.447 | BD20: =BH19 -> 0 | BE20: 0 | BF20: 0 | BG20: =CPP!K20 -> 0 | BH20: =BD20+BE20-BF20-BG20 -> 0 | BI20: =BM19 -> 0 | BJ20: 0 | BK20: 0 | BL20: =CPP!L20 -> 0 | BM20: =BI20+BJ20-BK20-BL20 -> 0 | BN20: =BR19 -> 0 | BO20: 0 | BP20: 0 | BQ20: =CPP!N20 -> 0 | BR20: =BN20+BO20-BP20-BQ20 -> 0 | BS20: =BW19 -> 0 | BT20: 0 | BU20: 0 | BV20: =CPP!O20 -> 0 | BW20: =BS20+BT20-BU20-BV20 -> 0 | BX20: =CB19 -> 0 | BY20: 0 | BZ20: 0 | CB20: =BX20+BY20-BZ20-CA20 -> 0 | CC20: =CG19 -> 0 | CD20: 0 | CE20: 0 | CF20: =CPP!P20 -> 0 | CG20: =CC20+CD20-CE20-CF20 -> 0 | CH20: =CL19 -> 0 | CI20: 0 | CJ20: 0 | CK20: =CPP!Q20 -> 0 | CL20: =CH20+CI20-CJ20-CK20 -> 0 | CM20: =CQ19 -> 0.05 | CN20: 0 | CO20: 0 | CP20: =CPP!R20 -> 0 | CQ20: =CM20+CN20-CP20 -> 0.05 | CR20: =CV19 -> 0 | CS20: 0 | CT20: 0 | CU20: =CPP!S20 -> 0 | CV20: =CR20+CS20-CT20-CU20 -> 0 | CW20: =DA19 -> 0 | CX20: 0 | CY20: 0 | CZ20: =CPP!T20 -> 0 | DA20: =CW20+CX20-CY20-CZ20 -> 0 | DB20: =DF19 -> 0.01 | DC20: 0 | DD20: 0 | DE20: =CPP!U20 -> 0 | DF20: =DB20+DC20-DD20-DE20 -> 0.01 | DG20: =DK19 -> 0 | DH20: 0 | DI20: 0 | DJ20: =CPP!V20 -> 0 | DK20: =DG20+DH20-DI20-DJ20 -> 0 | DL20: =DP19 -> 304 | DM20: 0 | DN20: 0 | DO20: =CPP!W20 -> 0 | DP20: =DL20+DM20-DN20-DO20 -> 304 | DQ20: =DU19 -> 0 | DR20: 0 | DS20: 0 | DT20: =CPP!J20 -> 0 | DU20: =DQ20+DR20-DS20-DT20 -> 0 | DV20: =DZ19 -> 0 | DW20: 0 | DX20: 0 | DY20: 0 | DZ20: =DV20+DW20-DX20-DY20 -> 0 | EA20: =K20+W20+AK20+AO20+AT20+AY20 -> 2437.817 | EB20: 0 | EC20: 0 | ED20: =EA20+EB20-EC20 -> 2437.817 | EE20: =Q20+AB20+AF20 -> 4228.02 | EF20: =R20+AC20+AG20 -> 251.7 | EG20: =CPP!D20+CPP!E20+CPP!F20+CPP!G20+CPP!H20+CPP!I20+CPP!J20+CPP!M20+BG20 -> 164 | EH20: =EE20+EF20-EG20 -> 4315.72 | EI20: =EL19 -> 24813.463 | EJ20: =EM20+EN20 -> 1350 | EK20: ='DAILY CEM1'!AG21+'DAILY CEM2'!AF21 -> 2232.55 | EL20: =EI20+EJ20-EK20 -> 23930.913 | EM20: 1350 | EN20: 0 | EO20: 2219.1
B21: 19 | C21: =F20 -> 1470.92 | D21: 0 | E21: 80 | F21: =C21+D21-E21 -> 1390.92 | G21: =J20 -> 1271.0496 | H21: 0 | I21: 0 | J21: =G21+H21-I21-[1]Cement!U21 -> 1165.0496 | K21: =P20 -> 0 | L21: 0 | M21: =CPP!D21 -> 0 | N21: 0 | O21: =M21+N21 -> 0 | P21: =K21+L21-O21 -> 0 | Q21: =V20 -> 0 | R21: 0 | S21: =CPP!E21 -> 0 | T21: 0 | U21: =S21+T21 -> 0 | V21: =Q21+R21-U21 -> 0 | W21: =AA20 -> 0.04 | X21: 0 | Y21: =CPP!H21 -> 0 | Z21: 0 | AA21: =W21+X21-Z21-Y21 -> 0.04 | AB21: =AE20 -> 0 | AC21: 0 | AD21: =CPP!F21 -> 0 | AE21: =AB21+AC21-AD21 -> 0 | AF21: =AJ20 -> 4315.72 | AG21: 59.3 | AH21: 0 | AI21: =CPP!G21 -> 172 | AJ21: =AF21+AG21-AH21-AI21 -> 4203.02 | AK21: =AN20 -> 0 | AL21: 0 | AM21: 0 | AN21: =AK21+AL21-AM21 -> 0 | AO21: =AS20 -> 0 | AP21: 0 | AQ21: 0 | AR21: =CPP!I21 -> 0 | AS21: =AO21+AP21-AQ21-AR21 -> 0 | AT21: =AX20 -> 0.01 | AU21: 0 | AV21: 0 | AW21: =CPP!X21 -> 0 | AX21: =AT21+AU21-AV21-AW21 -> 0.01 | AY21: =BC20 -> 2386.447 | AZ21: 120.74 | BA21: 236.67 | BB21: =CPP!M21 -> 0 | BC21: =AY21+AZ21-BA21-BB21 -> 2270.517 | BD21: =BH20 -> 0 | BE21: 0 | BF21: 0 | BG21: =CPP!K21 -> 0 | BH21: =BD21+BE21-BF21-BG21 -> 0 | BI21: =BM20 -> 0 | BJ21: 0 | BK21: 0 | BL21: =CPP!L21 -> 0 | BM21: =BI21+BJ21-BK21-BL21 -> 0 | BN21: =BR20 -> 0 | BO21: 0 | BP21: 0 | BQ21: =CPP!N21 -> 0 | BR21: =BN21+BO21-BP21-BQ21 -> 0 | BS21: =BW20 -> 0 | BT21: 0 | BU21: 0 | BV21: =CPP!O21 -> 0 | BW21: =BS21+BT21-BU21-BV21 -> 0 | BX21: =CB20 -> 0 | BY21: 0 | BZ21: 0 | CB21: =BX21+BY21-BZ21-CA21 -> 0 | CC21: =CG20 -> 0 | CD21: 0 | CE21: 0 | CF21: =CPP!P21 -> 0 | CG21: =CC21+CD21-CE21-CF21 -> 0 | CH21: =CL20 -> 0 | CI21: 0 | CJ21: 0 | CK21: =CPP!Q21 -> 0 | CL21: =CH21+CI21-CJ21-CK21 -> 0 | CM21: =CQ20 -> 0.05 | CN21: 0 | CO21: 0 | CP21: =CPP!R21 -> 0 | CQ21: =CM21+CN21-CP21 -> 0.05 | CR21: =CV20 -> 0 | CS21: 0 | CT21: 0 | CU21: =CPP!S21 -> 0 | CV21: =CR21+CS21-CT21-CU21 -> 0 | CW21: =DA20 -> 0 | CX21: 0 | CY21: 0 | CZ21: =CPP!T21 -> 0 | DA21: =CW21+CX21-CY21-CZ21 -> 0 | DB21: =DF20 -> 0.01 | DC21: 0 | DD21: 0 | DE21: =CPP!U21 -> 0 | DF21: =DB21+DC21-DD21-DE21 -> 0.01 | DG21: =DK20 -> 0 | DH21: 0 | DI21: 0 | DJ21: =CPP!V21 -> 0 | DK21: =DG21+DH21-DI21-DJ21 -> 0 | DL21: =DP20 -> 304 | DM21: 0 | DN21: 0 | DO21: =CPP!W21 -> 0 | DP21: =DL21+DM21-DN21-DO21 -> 304 | DQ21: =DU20 -> 0 | DR21: 0 | DS21: 0 | DT21: =CPP!J21 -> 0 | DU21: =DQ21+DR21-DS21-DT21 -> 0 | DV21: =DZ20 -> 0 | DW21: 0 | DX21: 0 | DY21: 0 | DZ21: =DV21+DW21-DX21-DY21 -> 0 | EA21: =K21+W21+AK21+AO21+AT21+AY21 -> 2386.497 | EB21: 0 | EC21: 0 | ED21: =EA21+EB21-EC21 -> 2386.497 | EE21: =Q21+AB21+AF21 -> 4315.72 | EF21: =R21+AC21+AG21 -> 59.3 | EG21: =CPP!D21+CPP!E21+CPP!F21+CPP!G21+CPP!H21+CPP!I21+CPP!J21+CPP!M21+BG21 -> 172 | EH21: =EE21+EF21-EG21 -> 4203.02 | EI21: =EL20 -> 23930.913 | EJ21: =EM21+EN21 -> 1335 | EK21: ='DAILY CEM1'!AG22+'DAILY CEM2'!AF22 -> 2382.808 | EL21: =EI21+EJ21-EK21 -> 22883.105 | EM21: 1335 | EN21: 0 | EO21: 2143.6
B22: 20 | C22: =F21 -> 1390.92 | D22: 0 | E22: 68 | F22: =C22+D22-E22 -> 1322.92 | G22: =J21 -> 1165.0496 | H22: 0 | I22: 0 | J22: =G22+H22-I22-[1]Cement!U22 -> 1061.0496 | K22: =P21 -> 0 | L22: 0 | M22: =CPP!D22 -> 0 | N22: 0 | O22: =M22+N22 -> 0 | P22: =K22+L22-O22 -> 0 | Q22: =V21 -> 0 | R22: 0 | S22: =CPP!E22 -> 0 | T22: 0 | U22: =S22+T22 -> 0 | V22: =Q22+R22-U22 -> 0 | W22: =AA21 -> 0.04 | X22: 0 | Y22: =CPP!H22 -> 0 | Z22: 0 | AA22: =W22+X22-Z22-Y22 -> 0.04 | AB22: =AE21 -> 0 | AC22: 0 | AD22: =CPP!F22 -> 0 | AE22: =AB22+AC22-AD22 -> 0 | AF22: =AJ21 -> 4203.02 | AG22: 0 | AH22: 0 | AI22: =CPP!G22 -> 171 | AJ22: =AF22+AG22-AH22-AI22 -> 4032.02 | AK22: =AN21 -> 0 | AL22: 0 | AM22: 0 | AN22: =AK22+AL22-AM22 -> 0 | AO22: =AS21 -> 0 | AP22: 0 | AQ22: 0 | AR22: =CPP!I22 -> 0 | AS22: =AO22+AP22-AQ22-AR22 -> 0 | AT22: =AX21 -> 0.01 | AU22: 0 | AV22: 0 | AW22: =CPP!X22 -> 0 | AX22: =AT22+AU22-AV22-AW22 -> 0.01 | AY22: =BC21 -> 2270.517 | AZ22: 0 | BA22: 227.78 | BB22: =CPP!M22 -> 0 | BC22: =AY22+AZ22-BA22-BB22 -> 2042.737 | BD22: =BH21 -> 0 | BE22: 0 | BF22: 0 | BG22: =CPP!K22 -> 0 | BH22: =BD22+BE22-BF22-BG22 -> 0 | BI22: =BM21 -> 0 | BJ22: 0 | BK22: 0 | BL22: =CPP!L22 -> 0 | BM22: =BI22+BJ22-BK22-BL22 -> 0 | BN22: =BR21 -> 0 | BO22: 0 | BP22: 0 | BQ22: =CPP!N22 -> 0 | BR22: =BN22+BO22-BP22-BQ22 -> 0 | BS22: =BW21 -> 0 | BT22: 0 | BU22: 0 | BV22: =CPP!O22 -> 0 | BW22: =BS22+BT22-BU22-BV22 -> 0 | BX22: =CB21 -> 0 | BY22: 0 | BZ22: 0 | CB22: =BX22+BY22-BZ22-CA22 -> 0 | CC22: =CG21 -> 0 | CD22: 0 | CE22: 0 | CF22: =CPP!P22 -> 0 | CG22: =CC22+CD22-CE22-CF22 -> 0 | CH22: =CL21 -> 0 | CI22: 0 | CJ22: 0 | CK22: =CPP!Q22 -> 0 | CL22: =CH22+CI22-CJ22-CK22 -> 0 | CM22: =CQ21 -> 0.05 | CN22: 0 | CO22: 0 | CP22: =CPP!R22 -> 0 | CQ22: =CM22+CN22-CP22 -> 0.05 | CR22: =CV21 -> 0 | CS22: 0 | CT22: 0 | CU22: =CPP!S22 -> 0 | CV22: =CR22+CS22-CT22-CU22 -> 0 | CW22: =DA21 -> 0 | CX22: 0 | CY22: 0 | CZ22: =CPP!T22 -> 0 | DA22: =CW22+CX22-CY22-CZ22 -> 0 | DB22: =DF21 -> 0.01 | DC22: 0 | DD22: 0 | DE22: =CPP!U22 -> 0 | DF22: =DB22+DC22-DD22-DE22 -> 0.01 | DG22: =DK21 -> 0 | DH22: 0 | DI22: 0 | DJ22: =CPP!V22 -> 0 | DK22: =DG22+DH22-DI22-DJ22 -> 0 | DL22: =DP21 -> 304 | DM22: 0 | DN22: 0 | DO22: =CPP!W22 -> 0 | DP22: =DL22+DM22-DN22-DO22 -> 304 | DQ22: =DU21 -> 0 | DR22: 0 | DS22: 0 | DT22: =CPP!J22 -> 0 | DU22: =DQ22+DR22-DS22-DT22 -> 0 | DV22: =DZ21 -> 0 | DW22: 0 | DX22: 0 | DY22: 0 | DZ22: =DV22+DW22-DX22-DY22 -> 0 | EA22: =K22+W22+AK22+AO22+AT22+AY22 -> 2270.567 | EB22: 0 | EC22: 0 | ED22: =EA22+EB22-EC22 -> 2270.567 | EE22: =Q22+AB22+AF22 -> 4203.02 | EF22: =R22+AC22+AG22 -> 0 | EG22: =CPP!D22+CPP!E22+CPP!F22+CPP!G22+CPP!H22+CPP!I22+CPP!J22+CPP!M22+BG22 -> 171 | EH22: =EE22+EF22-EG22 -> 4032.02 | EI22: =EL21 -> 22883.105 | EJ22: =EM22+EN22 -> 1270 | EK22: ='DAILY CEM1'!AG23+'DAILY CEM2'!AF23 -> 2446.567 | EL22: =EI22+EJ22-EK22 -> 21706.538 | EM22: 1270 | EN22: 0 | EO22: 2112.93
B23: 21 | C23: =F22 -> 1322.92 | D23: 0 | E23: 42 | F23: =C23+D23-E23 -> 1280.92 | G23: =J22 -> 1061.0496 | H23: 0 | I23: 0 | J23: =G23+H23-I23-[1]Cement!U23 -> 956.04958 | K23: =P22 -> 0 | L23: 0 | M23: =CPP!D23 -> 0 | N23: 0 | O23: =M23+N23 -> 0 | P23: =K23+L23-O23 -> 0 | Q23: =V22 -> 0 | R23: 0 | S23: =CPP!E23 -> 0 | T23: 0 | U23: =S23+T23 -> 0 | V23: =Q23+R23-U23 -> 0 | W23: =AA22 -> 0.04 | X23: 0 | Y23: =CPP!H23 -> 0 | Z23: 0 | AA23: =W23+X23-Z23-Y23 -> 0.04 | AB23: =AE22 -> 0 | AC23: 0 | AD23: =CPP!F23 -> 0 | AE23: =AB23+AC23-AD23 -> 0 | AF23: =AJ22 -> 4032.02 | AG23: 0 | AH23: 0 | AI23: =CPP!G23 -> 144 | AJ23: =AF23+AG23-AH23-AI23 -> 3888.02 | AK23: =AN22 -> 0 | AL23: 0 | AM23: 0 | AN23: =AK23+AL23-AM23 -> 0 | AO23: =AS22 -> 0 | AP23: 0 | AQ23: 0 | AR23: =CPP!I23 -> 0 | AS23: =AO23+AP23-AQ23-AR23 -> 0 | AT23: =AX22 -> 0.01 | AU23: 0 | AV23: 0 | AW23: =CPP!X23 -> 0 | AX23: =AT23+AU23-AV23-AW23 -> 0.01 | AY23: =BC22 -> 2042.737 | AZ23: 0 | BA23: 211.11 | BB23: =CPP!M23 -> 0 | BC23: =AY23+AZ23-BA23-BB23 -> 1831.627 | BD23: =BH22 -> 0 | BE23: 0 | BF23: 0 | BG23: =CPP!K23 -> 0 | BH23: =BD23+BE23-BF23-BG23 -> 0 | BI23: =BM22 -> 0 | BJ23: 0 | BK23: 0 | BL23: =CPP!L23 -> 0 | BM23: =BI23+BJ23-BK23-BL23 -> 0 | BN23: =BR22 -> 0 | BO23: 0 | BP23: 0 | BQ23: =CPP!N23 -> 0 | BR23: =BN23+BO23-BP23-BQ23 -> 0 | BS23: =BW22 -> 0 | BT23: 0 | BU23: 0 | BV23: =CPP!O23 -> 0 | BW23: =BS23+BT23-BU23-BV23 -> 0 | BX23: =CB22 -> 0 | BY23: 0 | BZ23: 0 | CB23: =BX23+BY23-BZ23-CA23 -> 0 | CC23: =CG22 -> 0 | CD23: 0 | CE23: 0 | CF23: =CPP!P23 -> 0 | CG23: =CC23+CD23-CE23-CF23 -> 0 | CH23: =CL22 -> 0 | CI23: 0 | CJ23: 0 | CK23: =CPP!Q23 -> 0 | CL23: =CH23+CI23-CJ23-CK23 -> 0 | CM23: =CQ22 -> 0.05 | CN23: 0 | CO23: 0 | CP23: =CPP!R23 -> 0 | CQ23: =CM23+CN23-CP23 -> 0.05 | CR23: =CV22 -> 0 | CS23: 0 | CT23: 0 | CU23: =CPP!S23 -> 0 | CV23: =CR23+CS23-CT23-CU23 -> 0 | CW23: =DA22 -> 0 | CX23: 0 | CY23: 0 | CZ23: =CPP!T23 -> 0 | DA23: =CW23+CX23-CY23-CZ23 -> 0 | DB23: =DF22 -> 0.01 | DC23: 0 | DD23: 0 | DE23: =CPP!U23 -> 0 | DF23: =DB23+DC23-DD23-DE23 -> 0.01 | DG23: =DK22 -> 0 | DH23: 0 | DI23: 0 | DJ23: =CPP!V23 -> 0 | DK23: =DG23+DH23-DI23-DJ23 -> 0 | DL23: =DP22 -> 304 | DM23: 0 | DN23: 0 | DO23: =CPP!W23 -> 0 | DP23: =DL23+DM23-DN23-DO23 -> 304 | DQ23: =DU22 -> 0 | DR23: 0 | DS23: 0 | DT23: =CPP!J23 -> 0 | DU23: =DQ23+DR23-DS23-DT23 -> 0 | DV23: =DZ22 -> 0 | DW23: 0 | DX23: 0 | DY23: 0 | DZ23: =DV23+DW23-DX23-DY23 -> 0 | EA23: =K23+W23+AK23+AO23+AT23+AY23 -> 2042.787 | EB23: 0 | EC23: 0 | ED23: =EA23+EB23-EC23 -> 2042.787 | EE23: =Q23+AB23+AF23 -> 4032.02 | EF23: =R23+AC23+AG23 -> 0 | EG23: =CPP!D23+CPP!E23+CPP!F23+CPP!G23+CPP!H23+CPP!I23+CPP!J23+CPP!M23+BG23 -> 144 | EH23: =EE23+EF23-EG23 -> 3888.02 | EI23: =EL22 -> 21706.538 | EJ23: =EM23+EN23 -> 1160 | EK23: ='DAILY CEM1'!AG24+'DAILY CEM2'!AF24 -> 2484.04 | EL23: =EI23+EJ23-EK23 -> 20382.498 | EM23: 1160 | EN23: 0 | EO23: 2267.3
B24: 22 | C24: =F23 -> 1280.92 | D24: 29.72 | E24: 55 | F24: =C24+D24-E24 -> 1255.64 | G24: =J23 -> 956.04958 | H24: 0 | I24: 0 | J24: =G24+H24-I24-[1]Cement!U24 -> 846.04958 | K24: =P23 -> 0 | L24: 0 | M24: =CPP!D24 -> 0 | N24: 0 | O24: =M24+N24 -> 0 | P24: =K24+L24-O24 -> 0 | Q24: =V23 -> 0 | R24: 0 | S24: =CPP!E24 -> 0 | T24: 0 | U24: =S24+T24 -> 0 | V24: =Q24+R24-U24 -> 0 | W24: =AA23 -> 0.04 | X24: 0 | Y24: =CPP!H24 -> 0 | Z24: 0 | AA24: =W24+X24-Z24-Y24 -> 0.04 | AB24: =AE23 -> 0 | AC24: 0 | AD24: =CPP!F24 -> 0 | AE24: =AB24+AC24-AD24 -> 0 | AF24: =AJ23 -> 3888.02 | AG24: 330.25 | AH24: 0 | AI24: =CPP!G24 -> 161 | AJ24: =AF24+AG24-AH24-AI24 -> 4057.27 | AK24: =AN23 -> 0 | AL24: 0 | AM24: 0 | AN24: =AK24+AL24-AM24 -> 0 | AO24: =AS23 -> 0 | AP24: 0 | AQ24: 0 | AR24: =CPP!I24 -> 0 | AS24: =AO24+AP24-AQ24-AR24 -> 0 | AT24: =AX23 -> 0.01 | AU24: 0 | AV24: 0 | AW24: =CPP!X24 -> 0 | AX24: =AT24+AU24-AV24-AW24 -> 0.01 | AY24: =BC23 -> 1831.627 | AZ24: 1009.82 | BA24: 169 | BB24: =CPP!M24 -> 0 | BC24: =AY24+AZ24-BA24-BB24 -> 2672.447 | BD24: =BH23 -> 0 | BE24: 0 | BF24: 0 | BG24: =CPP!K24 -> 0 | BH24: =BD24+BE24-BF24-BG24 -> 0 | BI24: =BM23 -> 0 | BJ24: 0 | BK24: 0 | BL24: =CPP!L24 -> 0 | BM24: =BI24+BJ24-BK24-BL24 -> 0 | BN24: =BR23 -> 0 | BO24: 0 | BP24: 0 | BQ24: =CPP!N24 -> 0 | BR24: =BN24+BO24-BP24-BQ24 -> 0 | BS24: =BW23 -> 0 | BT24: 0 | BU24: 0 | BV24: =CPP!O24 -> 0 | BW24: =BS24+BT24-BU24-BV24 -> 0 | BX24: =CB23 -> 0 | BY24: 0 | BZ24: 0 | CB24: =BX24+BY24-BZ24-CA24 -> 0 | CC24: =CG23 -> 0 | CD24: 0 | CE24: 0 | CF24: =CPP!P24 -> 0 | CG24: =CC24+CD24-CE24-CF24 -> 0 | CH24: =CL23 -> 0 | CI24: 0 | CJ24: 0 | CK24: =CPP!Q24 -> 0 | CL24: =CH24+CI24-CJ24-CK24 -> 0 | CM24: =CQ23 -> 0.05 | CN24: 0 | CO24: 0 | CP24: =CPP!R24 -> 0 | CQ24: =CM24+CN24-CP24 -> 0.05 | CR24: =CV23 -> 0 | CS24: 0 | CT24: 0 | CU24: =CPP!S24 -> 0 | CV24: =CR24+CS24-CT24-CU24 -> 0 | CW24: =DA23 -> 0 | CX24: 0 | CY24: 0 | CZ24: =CPP!T24 -> 0 | DA24: =CW24+CX24-CY24-CZ24 -> 0 | DB24: =DF23 -> 0.01 | DC24: 0 | DD24: 0 | DE24: =CPP!U24 -> 0 | DF24: =DB24+DC24-DD24-DE24 -> 0.01 | DG24: =DK23 -> 0 | DH24: 0 | DI24: 0 | DJ24: =CPP!V24 -> 0 | DK24: =DG24+DH24-DI24-DJ24 -> 0 | DL24: =DP23 -> 304 | DM24: 0 | DN24: 0 | DO24: =CPP!W24 -> 0 | DP24: =DL24+DM24-DN24-DO24 -> 304 | DQ24: =DU23 -> 0 | DR24: 0 | DS24: 0 | DT24: =CPP!J24 -> 0 | DU24: =DQ24+DR24-DS24-DT24 -> 0 | DV24: =DZ23 -> 0 | DW24: 0 | DX24: 0 | DY24: 0 | DZ24: =DV24+DW24-DX24-DY24 -> 0 | EA24: =K24+W24+AK24+AO24+AT24+AY24 -> 1831.677 | EB24: 0 | EC24: 0 | ED24: =EA24+EB24-EC24 -> 1831.677 | EE24: =Q24+AB24+AF24 -> 3888.02 | EF24: =R24+AC24+AG24 -> 330.25 | EG24: =CPP!D24+CPP!E24+CPP!F24+CPP!G24+CPP!H24+CPP!I24+CPP!J24+CPP!M24+BG24 -> 161 | EH24: =EE24+EF24-EG24 -> 4057.27 | EI24: =EL23 -> 20382.498 | EJ24: =EM24+EN24 -> 1005 | EK24: ='DAILY CEM1'!AG25+'DAILY CEM2'!AF25 -> 2456.198 | EL24: =EI24+EJ24-EK24 -> 18931.3 | EM24: 1005 | EN24: 0 | EO24: 2173.11
B25: 23 | C25: =F24 -> 1255.64 | D25: 0 | E25: 0 | F25: =C25+D25-E25 -> 1255.64 | G25: =J24 -> 846.04958 | H25: 0 | I25: 0 | J25: =G25+H25-I25-[1]Cement!U25 -> 762.04958 | K25: =P24 -> 0 | L25: 0 | M25: =CPP!D25 -> 0 | N25: 0 | O25: =M25+N25 -> 0 | P25: =K25+L25-O25 -> 0 | Q25: =V24 -> 0 | R25: 0 | S25: =CPP!E25 -> 0 | T25: 0 | U25: =S25+T25 -> 0 | V25: =Q25+R25-U25 -> 0 | W25: =AA24 -> 0.04 | X25: 0 | Y25: =CPP!H25 -> 0 | Z25: 0 | AA25: =W25+X25-Z25-Y25 -> 0.04 | AB25: =AE24 -> 0 | AC25: 0 | AD25: =CPP!F25 -> 0 | AE25: =AB25+AC25-AD25 -> 0 | AF25: =AJ24 -> 4057.27 | AG25: 60 | AH25: 0 | AI25: =CPP!G25 -> 94 | AJ25: =AF25+AG25-AH25-AI25 -> 4023.27 | AK25: =AN24 -> 0 | AL25: 0 | AM25: 0 | AN25: =AK25+AL25-AM25 -> 0 | AO25: =AS24 -> 0 | AP25: 0 | AQ25: 0 | AR25: =CPP!I25 -> 0 | AS25: =AO25+AP25-AQ25-AR25 -> 0 | AT25: =AX24 -> 0.01 | AU25: 0 | AV25: 0 | AW25: =CPP!X25 -> 0 | AX25: =AT25+AU25-AV25-AW25 -> 0.01 | AY25: =BC24 -> 2672.447 | AZ25: 155.32 | BA25: 14 | BB25: =CPP!M25 -> 0 | BC25: =AY25+AZ25-BA25-BB25 -> 2813.767 | BD25: =BH24 -> 0 | BE25: 0 | BF25: 0 | BG25: =CPP!K25 -> 0 | BH25: =BD25+BE25-BF25-BG25 -> 0 | BI25: =BM24 -> 0 | BJ25: 0 | BK25: 0 | BL25: =CPP!L25 -> 0 | BM25: =BI25+BJ25-BK25-BL25 -> 0 | BN25: =BR24 -> 0 | BO25: 0 | BP25: 0 | BQ25: =CPP!N25 -> 0 | BR25: =BN25+BO25-BP25-BQ25 -> 0 | BS25: =BW24 -> 0 | BT25: 0 | BU25: 0 | BV25: =CPP!O25 -> 0 | BW25: =BS25+BT25-BU25-BV25 -> 0 | BX25: =CB24 -> 0 | BY25: 0 | BZ25: 0 | CB25: =BX25+BY25-BZ25-CA25 -> 0 | CC25: =CG24 -> 0 | CD25: 0 | CE25: 0 | CF25: =CPP!P25 -> 0 | CG25: =CC25+CD25-CE25-CF25 -> 0 | CH25: =CL24 -> 0 | CI25: 0 | CJ25: 0 | CK25: =CPP!Q25 -> 0 | CL25: =CH25+CI25-CJ25-CK25 -> 0 | CM25: =CQ24 -> 0.05 | CN25: 0 | CO25: 0 | CP25: =CPP!R25 -> 0 | CQ25: =CM25+CN25-CP25 -> 0.05 | CR25: =CV24 -> 0 | CS25: 0 | CT25: 0 | CU25: =CPP!S25 -> 0 | CV25: =CR25+CS25-CT25-CU25 -> 0 | CW25: =DA24 -> 0 | CX25: 0 | CY25: 0 | CZ25: =CPP!T25 -> 0 | DA25: =CW25+CX25-CY25-CZ25 -> 0 | DB25: =DF24 -> 0.01 | DC25: 0 | DD25: 0 | DE25: =CPP!U25 -> 0 | DF25: =DB25+DC25-DD25-DE25 -> 0.01 | DG25: =DK24 -> 0 | DH25: 0 | DI25: 0 | DJ25: =CPP!V25 -> 0 | DK25: =DG25+DH25-DI25-DJ25 -> 0 | DL25: =DP24 -> 304 | DM25: 0 | DN25: 0 | DO25: =CPP!W25 -> 0 | DP25: =DL25+DM25-DN25-DO25 -> 304 | DQ25: =DU24 -> 0 | DR25: 0 | DS25: 0 | DT25: =CPP!J25 -> 0 | DU25: =DQ25+DR25-DS25-DT25 -> 0 | DV25: =DZ24 -> 0 | DW25: 0 | DX25: 0 | DY25: =CPP!Y25 -> 0 | DZ25: =DV25+DW25-DX25-DY25 -> 0 | EA25: =K25+W25+AK25+AO25+AT25+AY25 -> 2672.497 | EB25: 0 | EC25: 0 | ED25: =EA25+EB25-EC25 -> 2672.497 | EE25: =Q25+AB25+AF25 -> 4057.27 | EF25: =R25+AC25+AG25 -> 60 | EG25: =CPP!D25+CPP!E25+CPP!F25+CPP!G25+CPP!H25+CPP!I25+CPP!J25+CPP!M25+BG25 -> 94 | EH25: =EE25+EF25-EG25 -> 4023.27 | EI25: =EL24 -> 18931.3 | EJ25: =EM25+EN25 -> 75 | EK25: ='DAILY CEM1'!AG26+'DAILY CEM2'!AF26 -> 2314.679 | EL25: =EI25+EJ25-EK25 -> 16691.621 | EM25: 75 | EN25: 0 | EO25: 2300.8
B26: 24 | C26: =F25 -> 1255.64 | D26: 30.9 | E26: 37 | F26: =C26+D26-E26 -> 1249.54 | G26: =J25 -> 762.04958 | H26: 0 | I26: 0 | J26: =G26+H26-I26-[1]Cement!U26 -> 643.04958 | K26: =P25 -> 0 | L26: 0 | M26: =CPP!D26 -> 0 | N26: 0 | O26: =M26+N26 -> 0 | P26: =K26+L26-O26 -> 0 | Q26: =V25 -> 0 | R26: 0 | S26: =CPP!E26 -> 0 | T26: 0 | U26: =S26+T26 -> 0 | V26: =Q26+R26-U26 -> 0 | W26: =AA25 -> 0.04 | X26: 0 | Y26: =CPP!H26 -> 0 | Z26: 0 | AA26: =W26+X26-Z26-Y26 -> 0.04 | AB26: =AE25 -> 0 | AC26: 0 | AD26: =CPP!F26 -> 0 | AE26: =AB26+AC26-AD26 -> 0 | AF26: =AJ25 -> 4023.27 | AG26: 61 | AH26: 0 | AI26: =CPP!G26 -> 122 | AJ26: =AF26+AG26-AH26-AI26 -> 3962.27 | AK26: =AN25 -> 0 | AL26: 0 | AM26: 0 | AN26: =AK26+AL26-AM26 -> 0 | AO26: =AS25 -> 0 | AP26: 0 | AQ26: 0 | AR26: =CPP!I26 -> 0 | AS26: =AO26+AP26-AQ26-AR26 -> 0 | AT26: =AX25 -> 0.01 | AU26: 0 | AV26: 0 | AW26: =CPP!X26 -> 0 | AX26: =AT26+AU26-AV26-AW26 -> 0.01 | AY26: =BC25 -> 2813.767 | AZ26: 243.06 | BA26: 175 | BB26: =CPP!M26 -> 10 | BC26: =AY26+AZ26-BA26-BB26 -> 2871.827 | BD26: =BH25 -> 0 | BE26: 0 | BF26: 0 | BG26: =CPP!K26 -> 0 | BH26: =BD26+BE26-BF26-BG26 -> 0 | BI26: =BM25 -> 0 | BJ26: 0 | BK26: 0 | BL26: =CPP!L26 -> 0 | BM26: =BI26+BJ26-BK26-BL26 -> 0 | BN26: =BR25 -> 0 | BO26: 0 | BP26: 0 | BQ26: =CPP!N26 -> 0 | BR26: =BN26+BO26-BP26-BQ26 -> 0 | BS26: =BW25 -> 0 | BT26: 0 | BU26: 0 | BV26: =CPP!O26 -> 0 | BW26: =BS26+BT26-BU26-BV26 -> 0 | BX26: =CB25 -> 0 | BY26: 0 | BZ26: 0 | CB26: =BX26+BY26-BZ26-CA26 -> 0 | CC26: =CG25 -> 0 | CD26: 0 | CE26: 0 | CF26: =CPP!P26 -> 0 | CG26: =CC26+CD26-CE26-CF26 -> 0 | CH26: =CL25 -> 0 | CI26: 0 | CJ26: 0 | CK26: =CPP!Q26 -> 0 | CL26: =CH26+CI26-CJ26-CK26 -> 0 | CM26: =CQ25 -> 0.05 | CN26: 0 | CO26: 0 | CP26: =CPP!R26 -> 0 | CQ26: =CM26+CN26-CP26 -> 0.05 | CR26: =CV25 -> 0 | CS26: 0 | CT26: 0 | CU26: =CPP!S26 -> 0 | CV26: =CR26+CS26-CT26-CU26 -> 0 | CW26: =DA25 -> 0 | CX26: 0 | CY26: 0 | CZ26: =CPP!T26 -> 0 | DA26: =CW26+CX26-CY26-CZ26 -> 0 | DB26: =DF25 -> 0.01 | DC26: 0 | DD26: 0 | DE26: =CPP!U26 -> 0 | DF26: =DB26+DC26-DD26-DE26 -> 0.01 | DG26: =DK25 -> 0 | DH26: 0 | DI26: 0 | DJ26: =CPP!V26 -> 0 | DK26: =DG26+DH26-DI26-DJ26 -> 0 | DL26: =DP25 -> 304 | DM26: 0 | DN26: 0 | DO26: =CPP!W26 -> 0 | DP26: =DL26+DM26-DN26-DO26 -> 304 | DQ26: =DU25 -> 0 | DR26: 0 | DS26: 0 | DT26: =CPP!J26 -> 0 | DU26: =DQ26+DR26-DS26-DT26 -> 0 | DV26: =DZ25 -> 0 | DW26: 0 | DX26: 0 | DY26: 0 | DZ26: =DV26+DW26-DX26-DY26 -> 0 | EA26: =K26+W26+AK26+AO26+AT26+AY26 -> 2813.817 | EB26: 0 | EC26: 0 | ED26: =EA26+EB26-EC26 -> 2813.817 | EE26: =Q26+AB26+AF26 -> 4023.27 | EF26: =R26+AC26+AG26 -> 61 | EG26: =CPP!D26+CPP!E26+CPP!F26+CPP!G26+CPP!H26+CPP!I26+CPP!J26+CPP!M26+BG26 -> 132 | EH26: =EE26+EF26-EG26 -> 3952.27 | EI26: =EL25 -> 16691.621 | EJ26: =EM26+EN26 -> 750 | EK26: ='DAILY CEM1'!AG27+'DAILY CEM2'!AF27 -> 2352.773 | EL26: =EI26+EJ26-EK26 -> 15088.848 | EM26: 750 | EN26: 0 | EO26: 0
B27: 25 | C27: =F26 -> 1249.54 | D27: 38.2 | E27: 51 | F27: =C27+D27-E27 -> 1236.74 | G27: =J26 -> 643.04958 | H27: 0 | I27: 0 | J27: =G27+H27-I27-[1]Cement!U27 -> 542.04958 | K27: =P26 -> 0 | L27: 0 | M27: =CPP!D27 -> 0 | N27: 0 | O27: =M27+N27 -> 0 | P27: =K27+L27-O27 -> 0 | Q27: =V26 -> 0 | R27: 0 | S27: =CPP!E27 -> 0 | T27: 0 | U27: =S27+T27 -> 0 | V27: =Q27+R27-U27 -> 0 | W27: =AA26 -> 0.04 | X27: 0 | Y27: =CPP!H27 -> 0 | Z27: 0 | AA27: =W27+X27-Z27-Y27 -> 0.04 | AB27: =AE26 -> 0 | AC27: 0 | AD27: =CPP!F27 -> 0 | AE27: =AB27+AC27-AD27 -> 0 | AF27: =AJ26 -> 3962.27 | AG27: 180 | AH27: 0 | AI27: =CPP!G27 -> 148 | AJ27: =AF27+AG27-AH27-AI27 -> 3994.27 | AK27: =AN26 -> 0 | AL27: 0 | AM27: 0 | AN27: =AK27+AL27-AM27 -> 0 | AO27: =AS26 -> 0 | AP27: 0 | AQ27: 0 | AR27: =CPP!I27 -> 0 | AS27: =AO27+AP27-AQ27-AR27 -> 0 | AT27: =AX26 -> 0.01 | AU27: 0 | AV27: 0 | AW27: =CPP!X27 -> 0 | AX27: =AT27+AU27-AV27-AW27 -> 0.01 | AY27: =BC26 -> 2871.827 | AZ27: 254.56 | BA27: 272 | BB27: =CPP!M27 -> 0 | BC27: =AY27+AZ27-BA27-BB27 -> 2854.387 | BD27: =BH26 -> 0 | BE27: 0 | BF27: 0 | BG27: =CPP!K27 -> 0 | BH27: =BD27+BE27-BF27-BG27 -> 0 | BI27: =BM26 -> 0 | BJ27: 0 | BK27: 0 | BL27: =CPP!L27 -> 0 | BM27: =BI27+BJ27-BK27-BL27 -> 0 | BN27: =BR26 -> 0 | BO27: 0 | BP27: 0 | BQ27: =CPP!N27 -> 0 | BR27: =BN27+BO27-BP27-BQ27 -> 0 | BS27: =BW26 -> 0 | BT27: 0 | BU27: 0 | BV27: =CPP!O27 -> 0 | BW27: =BS27+BT27-BU27-BV27 -> 0 | BX27: =CB26 -> 0 | BY27: 0 | BZ27: 0 | CB27: =BX27+BY27-BZ27-CA27 -> 0 | CC27: =CG26 -> 0 | CD27: 0 | CE27: 0 | CF27: =CPP!P27 -> 0 | CG27: =CC27+CD27-CE27-CF27 -> 0 | CH27: =CL26 -> 0 | CI27: 0 | CJ27: 0 | CK27: =CPP!Q27 -> 0 | CL27: =CH27+CI27-CJ27-CK27 -> 0 | CM27: =CQ26 -> 0.05 | CN27: 0 | CO27: 0 | CP27: =CPP!R27 -> 0 | CQ27: =CM27+CN27-CP27 -> 0.05 | CR27: =CV26 -> 0 | CS27: 0 | CT27: 0 | CU27: =CPP!S27 -> 0 | CV27: =CR27+CS27-CT27-CU27 -> 0 | CW27: =DA26 -> 0 | CX27: 0 | CY27: 0 | CZ27: =CPP!T27 -> 0 | DA27: =CW27+CX27-CY27-CZ27 -> 0 | DB27: =DF26 -> 0.01 | DC27: 0 | DD27: 0 | DE27: =CPP!U27 -> 0 | DF27: =DB27+DC27-DD27-DE27 -> 0.01 | DG27: =DK26 -> 0 | DH27: 0 | DI27: 0 | DJ27: =CPP!V27 -> 0 | DK27: =DG27+DH27-DI27-DJ27 -> 0 | DL27: =DP26 -> 304 | DM27: 0 | DN27: 0 | DO27: =CPP!W27 -> 0 | DP27: =DL27+DM27-DN27-DO27 -> 304 | DQ27: =DU26 -> 0 | DR27: 0 | DS27: 0 | DT27: =CPP!J27 -> 0 | DU27: =DQ27+DR27-DS27-DT27 -> 0 | DV27: =DZ26 -> 0 | DW27: 0 | DX27: 0 | DY27: 0 | DZ27: =DV27+DW27-DX27-DY27 -> 0 | EA27: =K27+W27+AK27+AO27+AT27+AY27 -> 2871.877 | EB27: 0 | EC27: 0 | ED27: =EA27+EB27-EC27 -> 2871.877 | EE27: =Q27+AB27+AF27 -> 3962.27 | EF27: =R27+AC27+AG27 -> 180 | EG27: =CPP!D27+CPP!E27+CPP!F27+CPP!G27+CPP!H27+CPP!I27+CPP!J27+CPP!M27+BG27 -> 148 | EH27: =EE27+EF27-EG27 -> 3994.27 | EI27: =EL26 -> 15088.848 | EJ27: =EM27+EN27 -> 1525 | EK27: ='DAILY CEM1'!AG28+'DAILY CEM2'!AF28 -> 2398.332 | EL27: =EI27+EJ27-EK27 -> 14215.516 | EM27: 1525 | EN27: 0 | EO27: 0
B28: 26 | C28: =F27 -> 1236.74 | D28: 0 | E28: 50 | F28: =C28+D28-E28 -> 1186.74 | G28: =J27 -> 542.04958 | H28: 0 | I28: 0 | J28: =G28+H28-I28-[1]Cement!U28 -> 444.04958 | K28: =P27 -> 0 | L28: 0 | M28: =CPP!D28 -> 0 | N28: 0 | O28: =M28+N28 -> 0 | P28: =K28+L28-O28 -> 0 | Q28: =V27 -> 0 | R28: 0 | S28: =CPP!E28 -> 0 | T28: 0 | U28: =S28+T28 -> 0 | V28: =Q28+R28-U28 -> 0 | W28: =AA27 -> 0.04 | X28: 0 | Y28: =CPP!H28 -> 0 | Z28: 0 | AA28: =W28+X28-Z28-Y28 -> 0.04 | AB28: =AE27 -> 0 | AC28: 0 | AD28: =CPP!F28 -> 0 | AE28: =AB28+AC28-AD28 -> 0 | AF28: =AJ27 -> 3994.27 | AG28: 120.05 | AH28: 0 | AI28: =CPP!G28 -> 140 | AJ28: =AF28+AG28-AH28-AI28 -> 3974.32 | AK28: =AN27 -> 0 | AL28: 0 | AM28: 0 | AN28: =AK28+AL28-AM28 -> 0 | AO28: =AS27 -> 0 | AP28: 0 | AQ28: 0 | AR28: =CPP!I28 -> 0 | AS28: =AO28+AP28-AQ28-AR28 -> 0 | AT28: =AX27 -> 0.01 | AU28: 0 | AV28: 0 | AW28: =CPP!X28 -> 0 | AX28: =AT28+AU28-AV28-AW28 -> 0.01 | AY28: =BC27 -> 2854.387 | AZ28: 187.76 | BA28: 266.67 | BB28: =CPP!M28 -> 0 | BC28: =AY28+AZ28-BA28-BB28 -> 2775.477 | BD28: =BH27 -> 0 | BE28: 0 | BF28: 0 | BG28: =CPP!K28 -> 0 | BH28: =BD28+BE28-BF28-BG28 -> 0 | BI28: =BM27 -> 0 | BJ28: 0 | BK28: 0 | BL28: =CPP!L28 -> 0 | BM28: =BI28+BJ28-BK28-BL28 -> 0 | BN28: =BR27 -> 0 | BO28: 0 | BP28: 0 | BQ28: =CPP!N28 -> 0 | BR28: =BN28+BO28-BP28-BQ28 -> 0 | BS28: =BW27 -> 0 | BT28: 0 | BU28: 0 | BV28: =CPP!O28 -> 0 | BW28: =BS28+BT28-BU28-BV28 -> 0 | BX28: =CB27 -> 0 | BY28: 0 | BZ28: 0 | CB28: =BX28+BY28-BZ28-CA28 -> 0 | CC28: =CG27 -> 0 | CD28: 0 | CE28: 0 | CF28: =CPP!P28 -> 0 | CG28: =CC28+CD28-CE28-CF28 -> 0 | CH28: =CL27 -> 0 | CI28: 0 | CJ28: 0 | CK28: =CPP!Q28 -> 0 | CL28: =CH28+CI28-CJ28-CK28 -> 0 | CM28: =CQ27 -> 0.05 | CN28: 0 | CO28: 0 | CP28: =CPP!R28 -> 0 | CQ28: =CM28+CN28-CP28 -> 0.05 | CR28: =CV27 -> 0 | CS28: 0 | CT28: 0 | CU28: =CPP!S28 -> 0 | CV28: =CR28+CS28-CT28-CU28 -> 0 | CW28: =DA27 -> 0 | CX28: 0 | CY28: 0 | CZ28: =CPP!T28 -> 0 | DA28: =CW28+CX28-CY28-CZ28 -> 0 | DB28: =DF27 -> 0.01 | DC28: 0 | DD28: 0 | DE28: =CPP!U28 -> 0 | DF28: =DB28+DC28-DD28-DE28 -> 0.01 | DG28: =DK27 -> 0 | DH28: 0 | DI28: 0 | DJ28: =CPP!V28 -> 0 | DK28: =DG28+DH28-DI28-DJ28 -> 0 | DL28: =DP27 -> 304 | DM28: 32 | DN28: 0 | DO28: =CPP!W28 -> 0 | DP28: =DL28+DM28-DN28-DO28 -> 336 | DQ28: =DU27 -> 0 | DR28: 0 | DS28: 0 | DT28: =CPP!J28 -> 0 | DU28: =DQ28+DR28-DS28-DT28 -> 0 | DV28: =DZ27 -> 0 | DW28: 0 | DX28: 0 | DY28: 0 | DZ28: =DV28+DW28-DX28-DY28 -> 0 | EA28: =K28+W28+AK28+AO28+AT28+AY28 -> 2854.437 | EB28: 0 | EC28: 0 | ED28: =EA28+EB28-EC28 -> 2854.437 | EE28: =Q28+AB28+AF28 -> 3994.27 | EF28: =R28+AC28+AG28 -> 120.05 | EG28: =CPP!D28+CPP!E28+CPP!F28+CPP!G28+CPP!H28+CPP!I28+CPP!J28+CPP!M28+BG28 -> 140 | EH28: =EE28+EF28-EG28 -> 3974.32 | EI28: =EL27 -> 14215.516 | EJ28: =EM28+EN28 -> 1550 | EK28: ='DAILY CEM1'!AG29+'DAILY CEM2'!AF29 -> 2372.925 | EL28: =EI28+EJ28-EK28 -> 13392.591 | EM28: 1550 | EN28: 0 | EO28: 0
B29: 27 | C29: =F28 -> 1186.74 | D29: 29.5 | E29: 40 | F29: =C29+D29-E29 -> 1176.24 | G29: =J28 -> 444.04958 | H29: 0 | I29: 0 | J29: =G29+H29-I29-[1]Cement!U29 -> 342.04958 | K29: =P28 -> 0 | L29: 0 | M29: =CPP!D29 -> 0 | N29: 0 | O29: =M29+N29 -> 0 | P29: =K29+L29-O29 -> 0 | Q29: =V28 -> 0 | R29: 0 | S29: =CPP!E29 -> 0 | T29: 0 | U29: =S29+T29 -> 0 | V29: =Q29+R29-U29 -> 0 | W29: =AA28 -> 0.04 | X29: 0 | Y29: =CPP!H29 -> 0 | Z29: 0 | AA29: =W29+X29-Z29-Y29 -> 0.04 | AB29: =AE28 -> 0 | AC29: 0 | AD29: =CPP!F29 -> 0 | AE29: =AB29+AC29-AD29 -> 0 | AF29: =AJ28 -> 3974.32 | AG29: 30 | AH29: 0 | AI29: =CPP!G29 -> 143 | AJ29: =AF29+AG29-AH29-AI29 -> 3861.32 | AK29: =AN28 -> 0 | AL29: 0 | AM29: 0 | AN29: =AK29+AL29-AM29 -> 0 | AO29: =AS28 -> 0 | AP29: 0 | AQ29: 0 | AR29: =CPP!I29 -> 0 | AS29: =AO29+AP29-AQ29-AR29 -> 0 | AT29: =AX28 -> 0.01 | AU29: 0 | AV29: 0 | AW29: =CPP!X29 -> 0 | AX29: =AT29+AU29-AV29-AW29 -> 0.01 | AY29: =BC28 -> 2775.477 | AZ29: 186.28 | BA29: 244.44 | BB29: =CPP!M29 -> 0 | BC29: =AY29+AZ29-BA29-BB29 -> 2717.317 | BD29: =BH28 -> 0 | BE29: 0 | BF29: 0 | BG29: =CPP!K29 -> 0 | BH29: =BD29+BE29-BF29-BG29 -> 0 | BI29: =BM28 -> 0 | BJ29: 0 | BK29: 0 | BL29: =CPP!L29 -> 0 | BM29: =BI29+BJ29-BK29-BL29 -> 0 | BN29: =BR28 -> 0 | BO29: 0 | BP29: 0 | BQ29: =CPP!N29 -> 0 | BR29: =BN29+BO29-BP29-BQ29 -> 0 | BS29: =BW28 -> 0 | BT29: 0 | BU29: 0 | BV29: =CPP!O29 -> 0 | BW29: =BS29+BT29-BU29-BV29 -> 0 | BX29: =CB28 -> 0 | BY29: 0 | BZ29: 0 | CB29: =BX29+BY29-BZ29-CA29 -> 0 | CC29: =CG28 -> 0 | CD29: 0 | CE29: 0 | CF29: =CPP!P29 -> 0 | CG29: =CC29+CD29-CE29-CF29 -> 0 | CH29: =CL28 -> 0 | CI29: 0 | CJ29: 0 | CK29: =CPP!Q29 -> 0 | CL29: =CH29+CI29-CJ29-CK29 -> 0 | CM29: =CQ28 -> 0.05 | CN29: 0 | CO29: 0 | CP29: =CPP!R29 -> 0 | CQ29: =CM29+CN29-CP29 -> 0.05 | CR29: =CV28 -> 0 | CS29: 0 | CT29: 0 | CU29: =CPP!S29 -> 0 | CV29: =CR29+CS29-CT29-CU29 -> 0 | CW29: =DA28 -> 0 | CX29: 0 | CY29: 0 | CZ29: =CPP!T29 -> 0 | DA29: =CW29+CX29-CY29-CZ29 -> 0 | DB29: =DF28 -> 0.01 | DC29: 0 | DD29: 0 | DE29: =CPP!U29 -> 0 | DF29: =DB29+DC29-DD29-DE29 -> 0.01 | DG29: =DK28 -> 0 | DH29: 0 | DI29: 0 | DJ29: =CPP!V29 -> 0 | DK29: =DG29+DH29-DI29-DJ29 -> 0 | DL29: =DP28 -> 336 | DM29: 96 | DN29: 0 | DO29: =CPP!W29 -> 0 | DP29: =DL29+DM29-DN29-DO29 -> 432 | DQ29: =DU28 -> 0 | DR29: 0 | DS29: 0 | DT29: =CPP!J29 -> 0 | DU29: =DQ29+DR29-DS29-DT29 -> 0 | DV29: =DZ28 -> 0 | DW29: 0 | DX29: 0 | DY29: 0 | DZ29: =DV29+DW29-DX29-DY29 -> 0 | EA29: =K29+W29+AK29+AO29+AT29+AY29 -> 2775.527 | EB29: 0 | EC29: 0 | ED29: =EA29+EB29-EC29 -> 2775.527 | EE29: =Q29+AB29+AF29 -> 3974.32 | EF29: =R29+AC29+AG29 -> 30 | EG29: =CPP!D29+CPP!E29+CPP!F29+CPP!G29+CPP!H29+CPP!I29+CPP!J29+CPP!M29+BG29 -> 143 | EH29: =EE29+EF29-EG29 -> 3861.32 | EI29: =EL28 -> 13392.591 | EJ29: =EM29+EN29 -> 1506 | EK29: ='DAILY CEM1'!AG30+'DAILY CEM2'!AF30 -> 1955.99 | EL29: =EI29+EJ29-EK29 -> 12942.601 | EM29: 1506 | EN29: 0 | EO29: 0
B30: 28 | C30: =F29 -> 1176.24 | D30: 0 | E30: 34 | F30: =C30+D30-E30 -> 1142.24 | G30: =J29 -> 342.04958 | H30: 0 | I30: 0 | J30: =G30+H30-I30-[1]Cement!U30 -> 342.04958 | K30: =P29 -> 0 | L30: 0 | M30: =CPP!D30 -> 0 | N30: 0 | O30: =M30+N30 -> 0 | P30: =K30+L30-O30 -> 0 | Q30: =V29 -> 0 | R30: 0 | S30: =CPP!E30 -> 0 | T30: 0 | U30: =S30+T30 -> 0 | V30: =Q30+R30-U30 -> 0 | W30: =AA29 -> 0.04 | X30: 0 | Y30: =CPP!H30 -> 0 | Z30: 0 | AA30: =W30+X30-Z30-Y30 -> 0.04 | AB30: =AE29 -> 0 | AC30: 0 | AD30: =CPP!F30 -> 0 | AE30: =AB30+AC30-AD30 -> 0 | AF30: =AJ29 -> 3861.32 | AG30: 0 | AH30: 0 | AI30: =CPP!G30 -> 145 | AJ30: =AF30+AG30-AH30-AI30 -> 3716.32 | AK30: =AN29 -> 0 | AL30: 0 | AM30: 0 | AN30: =AK30+AL30-AM30 -> 0 | AO30: =AS29 -> 0 | AP30: 0 | AQ30: 0 | AR30: =CPP!I30 -> 0 | AS30: =AO30+AP30-AQ30-AR30 -> 0 | AT30: =AX29 -> 0.01 | AU30: 0 | AV30: 0 | AW30: =CPP!X30 -> 0 | AX30: =AT30+AU30-AV30-AW30 -> 0.01 | AY30: =BC29 -> 2717.317 | AZ30: 0 | BA30: 233.33 | BB30: =CPP!M30 -> 0 | BC30: =AY30+AZ30-BA30-BB30 -> 2483.987 | BD30: =BH29 -> 0 | BE30: 0 | BF30: 0 | BG30: =CPP!K30 -> 0 | BH30: =BD30+BE30-BF30-BG30 -> 0 | BI30: =BM29 -> 0 | BJ30: 0 | BK30: 0 | BL30: =CPP!L30 -> 0 | BM30: =BI30+BJ30-BK30-BL30 -> 0 | BN30: =BR29 -> 0 | BO30: 0 | BP30: 0 | BQ30: =CPP!N30 -> 0 | BR30: =BN30+BO30-BP30-BQ30 -> 0 | BS30: =BW29 -> 0 | BT30: 0 | BU30: 0 | BV30: =CPP!O30 -> 0 | BW30: =BS30+BT30-BU30-BV30 -> 0 | BX30: =CB29 -> 0 | BY30: 0 | BZ30: 0 | CB30: =BX30+BY30-BZ30-CA30 -> 0 | CC30: =CG29 -> 0 | CD30: 0 | CE30: 0 | CF30: =CPP!P30 -> 0 | CG30: =CC30+CD30-CE30-CF30 -> 0 | CH30: =CL29 -> 0 | CI30: 0 | CJ30: 0 | CK30: =CPP!Q30 -> 0 | CL30: =CH30+CI30-CJ30-CK30 -> 0 | CM30: =CQ29 -> 0.05 | CN30: 0 | CO30: 0 | CP30: =CPP!R30 -> 0 | CQ30: =CM30+CN30-CP30 -> 0.05 | CR30: =CV29 -> 0 | CS30: 0 | CT30: 0 | CU30: =CPP!S30 -> 0 | CV30: =CR30+CS30-CT30-CU30 -> 0 | CW30: =DA29 -> 0 | CX30: 0 | CY30: 0 | CZ30: =CPP!T30 -> 0 | DA30: =CW30+CX30-CY30-CZ30 -> 0 | DB30: =DF29 -> 0.01 | DC30: 0 | DD30: 0 | DE30: =CPP!U30 -> 0 | DF30: =DB30+DC30-DD30-DE30 -> 0.01 | DG30: =DK29 -> 0 | DH30: 0 | DI30: 0 | DJ30: =CPP!V30 -> 0 | DK30: =DG30+DH30-DI30-DJ30 -> 0 | DL30: =DP29 -> 432 | DM30: 0 | DN30: 0 | DO30: =CPP!W30 -> 0 | DP30: =DL30+DM30-DN30-DO30 -> 432 | DQ30: =DU29 -> 0 | DR30: 0 | DS30: 0 | DT30: =CPP!J30 -> 0 | DU30: =DQ30+DR30-DS30-DT30 -> 0 | DV30: =DZ29 -> 0 | DW30: 0 | DX30: 0 | DY30: 0 | DZ30: =DV30+DW30-DX30-DY30 -> 0 | EA30: =K30+W30+AK30+AO30+AT30+AY30 -> 2717.367 | EB30: 0 | EC30: 0 | ED30: =EA30+EB30-EC30 -> 2717.367 | EE30: =Q30+AB30+AF30 -> 3861.32 | EF30: =R30+AC30+AG30 -> 0 | EG30: =CPP!D30+CPP!E30+CPP!F30+CPP!G30+CPP!H30+CPP!I30+CPP!J30+CPP!M30+BG30 -> 145 | EH30: =EE30+EF30-EG30 -> 3716.32 | EI30: =EL29 -> 12942.601 | EJ30: =EM30+EN30 -> 1370 | EK30: ='DAILY CEM1'!AG31+'DAILY CEM2'!AF31 -> 2303.717 | EL30: =EI30+EJ30-EK30 -> 12008.884 | EM30: 1370 | EN30: 0 | EO30: 0
B31: 29 | C31: =F30 -> 1142.24 | D31: 62.6 | E31: 77 | F31: =C31+D31-E31 -> 1127.84 | G31: =J30 -> 342.04958 | H31: 0 | I31: 0 | J31: =G31+H31-I31-[1]Cement!U31 -> 254.04958 | K31: =P30 -> 0 | L31: 0 | M31: =CPP!D31 -> 0 | N31: 0 | O31: =M31+N31 -> 0 | P31: =K31+L31-O31 -> 0 | Q31: =V30 -> 0 | R31: 0 | S31: =CPP!E31 -> 0 | T31: 0 | U31: =S31+T31 -> 0 | V31: =Q31+R31-U31 -> 0 | W31: =AA30 -> 0.04 | X31: 0 | Y31: =CPP!H31 -> 0 | Z31: 0 | AA31: =W31+X31-Z31-Y31 -> 0.04 | AB31: =AE30 -> 0 | AC31: 0 | AD31: =CPP!F31 -> 0 | AE31: =AB31+AC31-AD31 -> 0 | AF31: =AJ30 -> 3716.32 | AG31: 89.65 | AH31: 0 | AI31: =CPP!G31 -> 150 | AJ31: =AF31+AG31-AH31-AI31 -> 3655.97 | AK31: =AN30 -> 0 | AL31: 0 | AM31: 0 | AN31: =AK31+AL31-AM31 -> 0 | AO31: =AS30 -> 0 | AP31: 0 | AQ31: 0 | AR31: =CPP!I31 -> 0 | AS31: =AO31+AP31-AQ31-AR31 -> 0 | AT31: =AX30 -> 0.01 | AU31: 0 | AV31: 0 | AW31: =CPP!X31 -> 0 | AX31: =AT31+AU31-AV31-AW31 -> 0.01 | AY31: =BC30 -> 2483.987 | AZ31: 527.94 | BA31: 246 | BB31: =CPP!M31 -> 0 | BC31: =AY31+AZ31-BA31-BB31 -> 2765.927 | BD31: =BH30 -> 0 | BE31: 0 | BF31: 0 | BG31: =CPP!K31 -> 0 | BH31: =BD31+BE31-BF31-BG31 -> 0 | BI31: =BM30 -> 0 | BJ31: 0 | BK31: 0 | BL31: =CPP!L31 -> 0 | BM31: =BI31+BJ31-BK31-BL31 -> 0 | BN31: =BR30 -> 0 | BO31: 0 | BP31: 0 | BQ31: =CPP!N31 -> 0 | BR31: =BN31+BO31-BP31-BQ31 -> 0 | BS31: =BW30 -> 0 | BT31: 0 | BU31: 0 | BV31: =CPP!O31 -> 0 | BW31: =BS31+BT31-BU31-BV31 -> 0 | BX31: =CB30 -> 0 | BY31: 0 | BZ31: 0 | CB31: =BX31+BY31-BZ31-CA31 -> 0 | CC31: =CG30 -> 0 | CD31: 0 | CE31: 0 | CF31: =CPP!P31 -> 0 | CG31: =CC31+CD31-CE31-CF31 -> 0 | CH31: =CL30 -> 0 | CI31: 0 | CJ31: 0 | CK31: =CPP!Q31 -> 0 | CL31: =CH31+CI31-CJ31-CK31 -> 0 | CM31: =CQ30 -> 0.05 | CN31: 0 | CO31: 0 | CP31: =CPP!R31 -> 0 | CQ31: =CM31+CN31-CP31 -> 0.05 | CR31: =CV30 -> 0 | CS31: 0 | CT31: 0 | CU31: =CPP!S31 -> 0 | CV31: =CR31+CS31-CT31-CU31 -> 0 | CW31: =DA30 -> 0 | CX31: 0 | CY31: 0 | CZ31: =CPP!T31 -> 0 | DA31: =CW31+CX31-CY31-CZ31 -> 0 | DB31: =DF30 -> 0.01 | DC31: 0 | DD31: 0 | DE31: =CPP!U31 -> 0 | DF31: =DB31+DC31-DD31-DE31 -> 0.01 | DG31: =DK30 -> 0 | DH31: 0 | DI31: 0 | DJ31: =CPP!V31 -> 0 | DK31: =DG31+DH31-DI31-DJ31 -> 0 | DL31: =DP30 -> 432 | DM31: 32 | DN31: 0 | DO31: =CPP!W31 -> 0 | DP31: =DL31+DM31-DN31-DO31 -> 464 | DQ31: =DU30 -> 0 | DR31: 0 | DS31: 0 | DT31: =CPP!J31 -> 0 | DU31: =DQ31+DR31-DS31-DT31 -> 0 | DV31: =DZ30 -> 0 | DW31: 0 | DX31: 0 | DY31: 0 | DZ31: =DV31+DW31-DX31-DY31 -> 0 | EA31: =K31+W31+AK31+AO31+AT31+AY31 -> 2484.037 | EB31: 0 | EC31: 0 | ED31: =EA31+EB31-EC31 -> 2484.037 | EE31: =Q31+AB31+AF31 -> 3716.32 | EF31: =R31+AC31+AG31 -> 89.65 | EG31: =CPP!D31+CPP!E31+CPP!F31+CPP!G31+CPP!H31+CPP!I31+CPP!J31+CPP!M31+BG31 -> 150 | EH31: =EE31+EF31-EG31 -> 3655.97 | EI31: =EL30 -> 12008.884 | EJ31: =EM31+EN31 -> 1490 | EK31: ='DAILY CEM1'!AG32+'DAILY CEM2'!AF32 -> 2058.412 | EL31: =EI31+EJ31-EK31 -> 11440.472 | EM31: 1490 | EN31: 0 | EO31: 0
B32: 30 | C32: =F31 -> 1127.84 | D32: 63.48 | E32: 43 | F32: =C32+D32-E32 -> 1148.32 | G32: =J31 -> 254.04958 | H32: 0 | I32: 0 | J32: =G32+H32-I32-[1]Cement!U32 -> 254.04958 | K32: =P31 -> 0 | L32: 0 | M32: =CPP!D32 -> 0 | N32: 0 | O32: =M32+N32 -> 0 | P32: =K32+L32-O32 -> 0 | Q32: =V31 -> 0 | R32: 0 | S32: =CPP!E32 -> 0 | T32: 0 | U32: =S32+T32 -> 0 | V32: =Q32+R32-U32 -> 0 | W32: =AA31 -> 0.04 | X32: 0 | Y32: =CPP!H32 -> 0 | Z32: 0 | AA32: =W32+X32-Z32-Y32 -> 0.04 | AB32: =AE31 -> 0 | AC32: 0 | AD32: =CPP!F32 -> 0 | AE32: =AB32+AC32-AD32 -> 0 | AF32: =AJ31 -> 3655.97 | AG32: 0 | AH32: 0 | AI32: =CPP!G32 -> 122 | AJ32: =AF32+AG32-AH32-AI32 -> 3533.97 | AK32: =AN31 -> 0 | AL32: 0 | AM32: 0 | AN32: =AK32+AL32-AM32 -> 0 | AO32: =AS31 -> 0 | AP32: 0 | AQ32: 0 | AR32: =CPP!I32 -> 0 | AS32: =AO32+AP32-AQ32-AR32 -> 0 | AT32: =AX31 -> 0.01 | AU32: 0 | AV32: 0 | AW32: =CPP!X32 -> 0 | AX32: =AT32+AU32-AV32-AW32 -> 0.01 | AY32: =BC31 -> 2765.927 | AZ32: 215.22 | BA32: 170 | BB32: =CPP!M32 -> 0 | BC32: =AY32+AZ32-BA32-BB32 -> 2811.147 | BD32: =BH31 -> 0 | BE32: 0 | BF32: 0 | BG32: =CPP!K32 -> 0 | BH32: =BD32+BE32-BF32-BG32 -> 0 | BI32: =BM31 -> 0 | BJ32: 0 | BK32: 0 | BL32: =CPP!L32 -> 0 | BM32: =BI32+BJ32-BK32-BL32 -> 0 | BN32: =BR31 -> 0 | BO32: 0 | BP32: 0 | BQ32: =CPP!N32 -> 0 | BR32: =BN32+BO32-BP32-BQ32 -> 0 | BS32: =BW31 -> 0 | BT32: 0 | BU32: 0 | BV32: =CPP!O32 -> 0 | BW32: =BS32+BT32-BU32-BV32 -> 0 | BX32: =CB31 -> 0 | BY32: 0 | BZ32: 0 | CB32: =BX32+BY32-BZ32-CA32 -> 0 | CC32: =CG31 -> 0 | CD32: 0 | CE32: 0 | CF32: =CPP!P32 -> 0 | CG32: =CC32+CD32-CE32-CF32 -> 0 | CH32: =CL31 -> 0 | CI32: 0 | CJ32: 0 | CK32: =CPP!Q32 -> 0 | CL32: =CH32+CI32-CJ32-CK32 -> 0 | CM32: =CQ31 -> 0.05 | CN32: 0 | CO32: 0 | CP32: =CPP!R32 -> 0 | CQ32: =CM32+CN32-CP32 -> 0.05 | CR32: =CV31 -> 0 | CS32: 0 | CT32: 0 | CU32: =CPP!S32 -> 0 | CV32: =CR32+CS32-CT32-CU32 -> 0 | CW32: =DA31 -> 0 | CX32: 0 | CY32: 0 | CZ32: =CPP!T32 -> 0 | DA32: =CW32+CX32-CY32-CZ32 -> 0 | DB32: =DF31 -> 0.01 | DC32: 0 | DD32: 0 | DE32: =CPP!U32 -> 0 | DF32: =DB32+DC32-DD32-DE32 -> 0.01 | DG32: =DK31 -> 0 | DH32: 0 | DI32: 0 | DJ32: =CPP!V32 -> 0 | DK32: =DG32+DH32-DI32-DJ32 -> 0 | DL32: =DP31 -> 464 | DM32: 32 | DN32: 0 | DO32: =CPP!W32 -> 0 | DP32: =DL32+DM32-DN32-DO32 -> 496 | DQ32: =DU31 -> 0 | DR32: 0 | DS32: 0 | DT32: =CPP!J32 -> 0 | DU32: =DQ32+DR32-DS32-DT32 -> 0 | DV32: =DZ31 -> 0 | DW32: 0 | DX32: 0 | DY32: 0 | DZ32: =DV32+DW32-DX32-DY32 -> 0 | EA32: =K32+W32+AK32+AO32+AT32+AY32 -> 2765.977 | EB32: 0 | EC32: 0 | ED32: =EA32+EB32-EC32 -> 2765.977 | EE32: =Q32+AB32+AF32 -> 3655.97 | EF32: =R32+AC32+AG32 -> 0 | EG32: =CPP!D32+CPP!E32+CPP!F32+CPP!G32+CPP!H32+CPP!I32+CPP!J32+CPP!M32+BG32 -> 122 | EH32: =EE32+EF32-EG32 -> 3533.97 | EI32: =EL31 -> 11440.472 | EJ32: =EM32+EN32 -> 850 | EK32: ='DAILY CEM1'!AG33+'DAILY CEM2'!AF33 -> 2254.9525 | EL32: =EI32+EJ32-EK32 -> 10035.519 | EM32: 850 | EN32: 0 | EO32: 0
B33: 31 | C33: =F32 -> 1148.32 | D33: 0 | E33: 0 | F33: =C33+D33-E33 -> 1148.32 | G33: =J32 -> 254.04958 | H33: =[1]Production2!M33 -> 0 | I33: =[1]Production2!J33 -> 0 | J33: =G33+H33-I33 -> 254.04958 | K33: =P32 -> 0 | L33: 0 | M33: =CPP!D33 -> 0 | N33: 0 | O33: =M33+N33 -> 0 | P33: =K33+L33-O33 -> 0 | Q33: =V32 -> 0 | R33: 0 | S33: =CPP!E33 -> 0 | T33: 0 | U33: =S33+T33 -> 0 | V33: =Q33+R33-U33 -> 0 | W33: =AA32 -> 0.04 | X33: 0 | Y33: =CPP!H33 -> 0 | Z33: 0 | AA33: =W33+X33-Z33-Y33 -> 0.04 | AB33: =AE32 -> 0 | AC33: 0 | AD33: =CPP!F33 -> 0 | AE33: =AB33+AC33-AD33 -> 0 | AF33: =AJ32 -> 3533.97 | AG33: 0 | AH33: 0 | AI33: =CPP!G33 -> 0 | AJ33: =AF33+AG33-AH33-AI33 -> 3533.97 | AK33: =AN32 -> 0 | AL33: 0 | AM33: 0 | AN33: =AK33+AL33-AM33 -> 0 | AO33: =AS32 -> 0 | AP33: 0 | AQ33: 0 | AR33: =CPP!I33 -> 0 | AS33: =AO33+AP33-AQ33-AR33 -> 0 | AT33: =AX32 -> 0.01 | AU33: 0 | AV33: 0 | AW33: =CPP!X33 -> 0 | AX33: =AT33+AU33-AV33-AW33 -> 0.01 | AY33: =BC32 -> 2811.147 | AZ33: 0 | BA33: 0 | BB33: =CPP!M33 -> 0 | BC33: =AY33+AZ33-BA33-BB33 -> 2811.147 | BD33: =BH32 -> 0 | BE33: 0 | BF33: 0 | BG33: =CPP!K33 -> 0 | BH33: =BD33+BE33-BF33-BG33 -> 0 | BI33: =BM32 -> 0 | BJ33: 0 | BK33: 0 | BL33: =CPP!L33 -> 0 | BM33: =BI33+BJ33-BK33-BL33 -> 0 | BN33: =BR32 -> 0 | BO33: 0 | BP33: 0 | BQ33: =CPP!N33 -> 0 | BR33: =BN33+BO33-BP33-BQ33 -> 0 | BS33: =BW32 -> 0 | BT33: 0 | BU33: 0 | BV33: =CPP!O33 -> 0 | BW33: =BS33+BT33-BU33-BV33 -> 0 | BX33: =CB32 -> 0 | BY33: 0 | BZ33: 0 | CB33: =BX33+BY33-BZ33-CA33 -> 0 | CC33: =CG32 -> 0 | CD33: 0 | CE33: 0 | CF33: =CPP!P33 -> 0 | CG33: =CC33+CD33-CE33-CF33 -> 0 | CH33: =CL32 -> 0 | CI33: 0 | CJ33: 0 | CK33: =CPP!Q33 -> 0 | CL33: =CH33+CI33-CJ33-CK33 -> 0 | CM33: =CQ32 -> 0.05 | CN33: 0 | CO33: 0 | CP33: =CPP!R33 -> 0 | CQ33: =CM33+CN33-CP33 -> 0.05 | CR33: =CV32 -> 0 | CS33: 0 | CT33: 0 | CU33: =CPP!S33 -> 0 | CV33: =CR33+CS33-CT33-CU33 -> 0 | CW33: =DA32 -> 0 | CX33: 0 | CY33: 0 | CZ33: =CPP!T33 -> 0 | DA33: =CW33+CX33-CY33-CZ33 -> 0 | DB33: =DF32 -> 0.01 | DC33: 0 | DD33: 0 | DE33: =CPP!U33 -> 0 | DF33: =DB33+DC33-DD33-DE33 -> 0.01 | DG33: =DK32 -> 0 | DH33: 0 | DI33: 0 | DJ33: =CPP!V33 -> 0 | DK33: =DG33+DH33-DI33-DJ33 -> 0 | DL33: =DP32 -> 496 | DM33: 0 | DN33: 0 | DO33: =CPP!W33 -> 0 | DP33: =DL33+DM33-DN33-DO33 -> 496 | DQ33: =DU32 -> 0 | DR33: 0 | DS33: 0 | DT33: =CPP!J33 -> 0 | DU33: =DQ33+DR33-DS33-DT33 -> 0 | DV33: =DZ32 -> 0 | DW33: 0 | DX33: 0 | DY33: 0 | DZ33: =DV33+DW33-DX33-DY33 -> 0 | EA33: =K33+W33+AK33+AO33+AT33+AY33 -> 2811.197 | EB33: 0 | EC33: 0 | ED33: =EA33+EB33-EC33 -> 2811.197 | EE33: =Q33+AB33+AF33 -> 3533.97 | EF33: =R33+AC33+AG33 -> 0 | EG33: =CPP!D33+CPP!E33+CPP!F33+CPP!G33+CPP!H33+CPP!I33+CPP!J33+CPP!M33+BG33 -> 0 | EH33: =EE33+EF33-EG33 -> 3533.97 | EI33: =EL32 -> 10035.519 | EJ33: =EM33+EN33 -> 0 | EK33: ='DAILY CEM1'!AG34+'DAILY CEM2'!AF34 -> 0 | EL33: =EI33+EJ33-EK33 -> 10035.519 | EM33: 0 | EN33: 0
B34: MTD | C34: =SUM(C3:C32) -> 52803.86 | D34: =SUM(D3:D33) -> 254.4 | E34: =SUM(E3:E33) -> 1754 | F34: =SUM(F3:F32) -> 51304.26 | G34: =SUM(G3:G32) -> 40743.487 | H34: =SUM(H3:H33) -> 0 | I34: =SUM(I3:I33) -> 0 | J34: =SUM(J3:J32) -> 39090.487 | K34: =SUM(K3:K32) -> 0 | L34: =SUM(L3:L33) -> 0 | M34: =SUM(M3:M33) -> 0 | N34: =SUM(N3:N33) -> 0 | O34: =SUM(O3:O33) -> 0 | P34: =SUM(P3:P33) -> 0 | Q34: =SUM(Q3:Q33) -> 0 | R34: =SUM(R3:R33) -> 0 | S34: =SUM(S3:S33) -> 0 | ... AG34: =SUM(AG3:AG33) -> 3763.3 | AI34: =SUM(AI3:AI33) -> 4278 | AJ34: =SUM(AJ3:AJ33) -> 125400.32 | AK34: =SUM(AK3:AK33) -> 0 | AL34: =SUM(AL3:AL33) -> 0 | AM34: =SUM(AM3:AM33) -> 0 | AN34: =SUM(AN3:AN33) -> 0 | AO34: =SUM(AO3:AO33) -> 0 | AP34: =SUM(AP3:AP33) -> 0 | ... BB34: =SUM(BB3:BB33) -> 10 | BD34: =SUM(BD3:BD33) -> 0 | BE34: =SUM(BE3:BE33) -> 0 | BF34: =SUM(BF3:BF33) -> 0 | BG34: =SUM(BG3:BG33) -> 0 | BH34: =SUM(BH3:BH33) -> 0 | BI34: =SUM(BI3:BI33) -> 0 | BJ34: =SUM(BJ3:BJ33) -> 0 | BK34: =SUM(BK3:BK33) -> 0 | ... CB34: =SUM(CB3:CB33) -> 0 | CD34: =SUM(CD3:CD33) -> 0 | CE34: =SUM(CE3:CE33) -> 0 | CF34: =SUM(CF3:CF33) -> 0 | CI34: =SUM(CI3:CI33) -> 0 | CJ34: =SUM(CJ3:CJ33) -> 0 | CK34: =SUM(CK3:CK33) -> 0 | CN34: =SUM(CN3:CN33) -> 0 | CO34: =SUM(CO3:CO33) -> 0 | CP34: =SUM(CP3:CP33) -> 0 | CS34: =SUM(CS3:CS33) -> 0 | CT34: =SUM(CT3:CT33) -> 0 | CU34: =SUM(CU3:CU33) -> 0 | CZ34: =SUM(CZ3:CZ33) -> 0 | DA34: =SUM(DA3:DA33) -> 0 | DB34: =SUM(DB3:DB33) -> 7.41 | DC34: =SUM(DC3:DC33) -> 0 | DD34: =SUM(DD3:DD33) -> 7.1 | DE34: =SUM(DE3:DE33) -> 0 | DF34: =SUM(DF3:DF33) -> 0.31 | DG34: =SUM(DG3:DG33) -> 0 | DM34: =SUM(DM3:DM33) -> 284 | DR34: =SUM(DR3:DR33) -> 0 | EA34: =SUM(EA3:EA33) -> 91775.794 | EB34: =SUM(EB3:EB33) -> 0 | EC34: =SUM(EC3:EC33) -> 0 | ED34: =SUM(ED3:ED33) -> 95844.88 | EE34: =SUM(EE3:EE33) -> 134361.4 | EF34: =SUM(EF3:EF33) -> 3763.3 | EG34: =SUM(EG3:EG33) -> 4288 | EH34: =SUM(EH3:EH33) -> 133836.7 | ... EK34: =SUM(EK3:EK33) -> 62014.383 | EM34: =SUM(EM3:EM33) -> 40798 | EN34: =SUM(EN3:EN33) -> 0
B35: YTD | D35: =D36+SUM(D3:D33) -> 671.68 | E35: =E36+SUM(E3:E33) -> 4889 | H35: =H36+SUM(H3:H33) -> 0 | I35: =I36+SUM(I3:I33) -> 0 | K35: =K36+SUM(K3:K33) -> 0 | L35: =L36+SUM(L3:L33) -> 0 | M35: =M36+SUM(M3:M33) -> 0 | N35: =N36+SUM(N3:N33) -> 0 | O35: =O36+SUM(O3:O33) -> 0 | P35: =P36+SUM(P3:P33) -> 0 | Q35: =Q36+SUM(Q3:Q33) -> 0 | R35: =R36+SUM(R3:R33) -> 0 | ... V35: =V36+SUM(V3:V33) -> 0 | X35: =X36+SUM(X3:X33) -> 0 | Y35: =Y36+SUM(Y3:Y33) -> 1327 | Z35: =Z36+SUM(Z3:Z33) -> 8686.84 | AC35: =AC36+SUM(AC3:AC33) -> 0 | AD35: =AD36+SUM(AD3:AD33) -> 0 | AG35: =AG36+SUM(AG3:AG33) -> 5904.25 | AH35: =AH36+SUM(AH3:AH33) -> 4052.88 | AI35: =AI36+SUM(AI3:AI33) -> 11103 | AK35: =AK36+SUM(AK3:AK33) -> 0 | AL35: =AL36+SUM(AL3:AL33) -> 0 | AM35: =AM36+SUM(AM3:AM33) -> 0 | AP35: =AP36+SUM(AP3:AP33) -> 0 | AQ35: =AQ36+SUM(AQ3:AQ33) -> 0 | AR35: =AR36+SUM(AR3:AR33) -> 0 | AU35: =AU36+SUM(AU3:AU33) -> 181.5 | AV35: =AV36+SUM(AV3:AV33) -> 5675.59 | AW35: =AW36+SUM(AW3:AW33) -> 20 | AZ35: =AZ36+SUM(AZ3:AZ33) -> 5912.42 | BA35: =BA36+SUM(BA3:BA33) -> 3091.56 | BB35: =BB36+SUM(BB3:BB33) -> 10 | BD35: =BD36+SUM(BD3:BD33) -> 0 | BE35: =BE36+SUM(BE3:BE33) -> 0 | BF35: =BF36+SUM(BF3:BF33) -> 0 | BG35: =BG36+SUM(BG3:BG33) -> 0 | BH35: =BH36+SUM(BH3:BH33) -> 0 | BI35: =BI36+SUM(BI3:BI33) -> 0 | BJ35: =BJ36+SUM(BJ3:BJ33) -> 0 | BK35: =BK36+SUM(BK3:BK33) -> 0 | BL35: =BL36+SUM(BL3:BL33) -> 0 | BO35: =BO36+SUM(BO3:BO33) -> 0 | BP35: =BP36+SUM(BP3:BP33) -> 0 | BQ35: =BQ36+SUM(BQ3:BQ33) -> 0 | BT35: =BT36+SUM(BT3:BT33) -> 0 | BU35: =BU36+SUM(BU3:BU33) -> 0 | BV35: =BV36+SUM(BV3:BV33) -> 0 | BY35: =BY36+SUM(BY3:BY33) -> 0 | BZ35: =BZ36+SUM(BZ3:BZ33) -> 0 | CA35: =CA36+SUM(CA3:CA33) -> 0 | CD35: =CD36+SUM(CD3:CD33) -> 0 | CE35: =CE36+SUM(CE3:CE33) -> 0 | CF35: =CF36+SUM(CF3:CF33) -> 0 | CH35: =CH36+SUM(CH3:CH33) -> 0 | CI35: =CI36+SUM(CI3:CI33) -> 0 | CJ35: =CJ36+SUM(CJ3:CJ33) -> 0 | CK35: =CK36+SUM(CK3:CK33) -> 0 | CN35: =CN36+SUM(CN3:CN33) -> 0 | CO35: =CO36+SUM(CO3:CO33) -> 0 | CP35: =CP36+SUM(CP3:CP33) -> 0 | CS35: =CS36+SUM(CS3:CS33) -> 0 | CT35: =CT36+SUM(CT3:CT33) -> 0 | CU35: =CU36+SUM(CU3:CU33) -> 0 | CX35: =CX36+SUM(CX3:CX33) -> 0 | CY35: =CY36+SUM(CY3:CY33) -> 0 | CZ35: =CZ36+SUM(CZ3:CZ33) -> 0 | DC35: =DC36+SUM(DC3:DC33) -> 0 | DD35: =DD36+SUM(DD3:DD33) -> 305.99 | DE35: =DE36+SUM(DE3:DE33) -> 0 | DH35: =DH36+SUM(DH3:DH33) -> 0 | DI35: =DI36+SUM(DI3:DI33) -> 0 | DJ35: =DJ36+SUM(DJ3:DJ33) -> 0 | DK35: =DK36+SUM(DK3:DK33) -> 0 | DM35: =DM36+SUM(DM3:DM33) -> 496 | DN35: =DN36+SUM(DN3:DN33) -> 0 | DO35: =DO36+SUM(DO3:DO33) -> 0 | DR35: =DR36+SUM(DR3:DR33) -> 0 | DS35: =DS36+SUM(DS3:DS33) -> 0 | DT35: =DT36+SUM(DT3:DT33) -> 0 | DW35: =DW36+SUM(DW3:DW33) -> 0 | DX35: =DX36+SUM(DX3:DX33) -> 0 | DY35: =DY36+SUM(DY3:DY33) -> 0 | EB35: =EB36+SUM(EB3:EB33) -> 0 | EC35: =EC36+SUM(EC3:EC33) -> 0 | EF35: =EF36+SUM(EF3:EF33) -> 5904.25 | EG35: =EG36+SUM(EG3:EG33) -> 12440 | EJ35: =EJ36+SUM(EJ3:EJ33) -> 139714.66 | EK35: =EK36+SUM(EK3:EK33) -> 141810.23
B36: YTD | D36: 417.28 | E36: 3135 | H36: 0 | I36: 0 | K36: 0 | L36: 0 | M36: 0 | N36: 0 | O36: 0 | P36: 0 | Q36: 0 | R36: 0 | S36: 0 | T36: 0 | U36: 0 | V36: 0 | X36: 0 | Y36: 1327 | Z36: 7623.84 | AC36: 0 | AD36: 0 | AG36: 2140.95 | AH36: 4052.88 | AI36: 6825 | AK36: 0 | AL36: 0 | AM36: 0 | AP36: 0 | AQ36: 0 | AR36: 0 | AU36: 181.5 | AV36: 2741.7 | AW36: 20 | AZ36: 411.74 | BA36: 0 | BB36: 0 | BD36: 0 | BE36: 0 | BF36: 0 | BG36: 0 | BH36: 0 | BI36: 0 | BJ36: 0 | BK36: 0 | BL36: 0 | BO36: 0 | BP36: 0 | BQ36: 0 | BT36: 0 | BU36: 0 | BV36: 0 | BY36: 0 | BZ36: 0 | CA36: 0 | CD36: 0 | CE36: 0 | CF36: 0 | CH36: 0 | CI36: 0 | CJ36: 0 | CK36: 0 | CN36: 0 | CO36: 0 | CP36: 0 | CS36: 0 | CT36: 0 | CU36: 0 | CX36: 0 | CY36: 0 | CZ36: 0 | DC36: 0 | DD36: 298.89 | DE36: 0 | DH36: 0 | DI36: 0 | DJ36: 0 | DK36: 0 | DM36: 212 | DN36: 0 | DO36: 0 | DR36: 0 | DS36: 0 | DT36: 0 | DW36: 0 | DX36: 0 | DY36: 0 | EB36: 0 | EC36: 0 | EF36: 2140.95 | EG36: 8152 | EJ36: 98916.66 | EK36: 79795.847

Sheet Cement
B1: DEC | C1: Gypsum | G1: WET GYPSUM | K1: Mapei
B2: Date | C2: Opening Stock | D2: Production | E2: Consumption | F2: Closing Stock | G2: Opening Stock | H2: Production | I2: Consumption | J2: Closing Stock | K2: Opening Stock | L2: Production | M2: Consumption | N2: Closing Stock
B3: 1 | C3: 4208.3059 | D3: 0 | E3: ='DAILY CEM1'!AI4+'DAILY CEM2'!AH4 -> 100.85 | F3: =C3+D3-I3 -> 4102.148 | G3: 0 | H3: 0 | I3: =E3/0.95 -> 106.15789 | J3: 0 | K3: 0 | L3: 0 | M3: ='[1]Daily Cement'!AB4 -> 0 | N3: =K3+L3-M3 -> 0
B4: 2 | C4: =F3 -> 4102.148 | D4: 0 | E4: ='DAILY CEM1'!AI5+'DAILY CEM2'!AH5 -> 111.452 | F4: =C4+D4-I4 -> 3984.8301 | G4: 0 | H4: 0 | I4: =E4/0.95 -> 117.31789 | J4: 0 | K4: =N3 -> 0 | L4: 0 | M4: ='[1]Daily Cement'!AB5 -> 0 | N4: =K4+L4-M4 -> 0
B5: 3 | C5: =F4 -> 3984.8301 | D5: 0 | E5: ='DAILY CEM1'!AI6+'DAILY CEM2'!AH6 -> 154.62 | F5: =C5+D5-I5 -> 3822.0722 | G5: 0 | H5: 0 | I5: =E5/0.95 -> 162.75789 | J5: 0 | K5: =N4 -> 0 | L5: 0 | M5: ='[1]Daily Cement'!AB6 -> 0 | N5: =K5+L5-M5 -> 0
B6: 4 | C6: =F5 -> 3822.0722 | D6: 0 | E6: ='DAILY CEM1'!AI7+'DAILY CEM2'!AH7 -> 129.3 | F6: =C6+D6-I6 -> 3685.9669 | G6: 0 | H6: 0 | I6: =E6/0.95 -> 136.10526 | J6: 0 | K6: =N5 -> 0 | L6: 0 | M6: ='[1]Daily Cement'!AB7 -> 0 | N6: =K6+L6-M6 -> 0
B7: 5 | C7: =F6 -> 3685.9669 | D7: 31.2 | E7: ='DAILY CEM1'!AI8+'DAILY CEM2'!AH8 -> 118.004 | F7: =C7+D7-I7 -> 3592.9522 | G7: 0 | H7: 0 | I7: =E7/0.95 -> 124.21474 | J7: 0 | K7: =N6 -> 0 | L7: 0 | M7: ='[1]Daily Cement'!AB8 -> 0 | N7: =K7+L7-M7 -> 0
B8: 6 | C8: =F7 -> 3592.9522 | D8: 0 | E8: ='DAILY CEM1'!AI9+'DAILY CEM2'!AH9 -> 114.541 | F8: =C8+D8-I8 -> 3472.3827 | G8: 0 | H8: 0 | I8: =E8/0.95 -> 120.56947 | J8: 0 | K8: =N7 -> 0 | L8: 0 | M8: ='[1]Daily Cement'!AB9 -> 0 | N8: =K8+L8-M8 -> 0
B9: 7 | C9: =F8 -> 3472.3827 | D9: 0 | E9: ='DAILY CEM1'!AI10+'DAILY CEM2'!AH10 -> 71.996001 | F9: =C9+D9-I9 -> 3396.5974 | G9: 0 | H9: 0 | I9: =E9/0.95 -> 75.785264 | J9: 0 | K9: =N8 -> 0 | L9: 0 | M9: ='[1]Daily Cement'!AB10 -> 0 | N9: =K9+L9-M9 -> 0
B10: 8 | C10: =F9 -> 3396.5974 | D10: 0 | E10: ='DAILY CEM1'!AI11+'DAILY CEM2'!AH11 -> 78.5 | F10: =C10+D10-I10 -> 3313.9659 | G10: 0 | H10: 0 | I10: =E10/0.95 -> 82.631579 | J10: 0 | K10: =N9 -> 0 | L10: 0 | M10: ='[1]Daily Cement'!AB11 -> 0 | N10: =K10+L10-M10 -> 0
B11: 9 | C11: =F10 -> 3313.9659 | D11: 62.16 | E11: ='DAILY CEM1'!AI12+'DAILY CEM2'!AH12 -> 85.687 | F11: =C11+D11-I11 -> 3285.929 | G11: 0 | H11: 0 | I11: =E11/0.95 -> 90.196842 | J11: 0 | K11: =N10 -> 0 | L11: 0 | M11: ='[1]Daily Cement'!AB12 -> 0 | N11: =K11+L11-M11 -> 0
B12: 10 | C12: =F11 -> 3285.929 | D12: 214.88 | E12: ='DAILY CEM1'!AI13+'DAILY CEM2'!AH13 -> 133.85 | F12: =C12+D12-I12 -> 3359.9143 | G12: 0 | H12: 0 | I12: =E12/0.95 -> 140.89474 | J12: 0 | K12: =N11 -> 0 | L12: 0 | M12: ='[1]Daily Cement'!AB13 -> 0 | N12: =K12+L12-M12 -> 0
B13: 11 | C13: =F12 -> 3359.9143 | D13: 61.94 | E13: ='DAILY CEM1'!AI14+'DAILY CEM2'!AH14 -> 146 | F13: =C13+D13-I13 -> 3268.1701 | G13: 0 | H13: 0 | I13: =E13/0.95 -> 153.68421 | J13: 0 | K13: =N12 -> 0 | L13: 0 | M13: ='[1]Daily Cement'!AB14 -> 0 | N13: =K13+L13-M13 -> 0
B14: 12 | C14: =F13 -> 3268.1701 | D14: 62.52 | E14: ='DAILY CEM1'!AI15+'DAILY CEM2'!AH15 -> 132.63 | F14: =C14+D14-I14 -> 3191.0795 | G14: 0 | H14: 0 | I14: =E14/0.95 -> 139.61052 | J14: 0 | K14: =N13 -> 0 | L14: 0 | M14: ='[1]Daily Cement'!AB15 -> 0 | N14: =K14+L14-M14 -> 0
B15: 13 | C15: =F14 -> 3191.0795 | D15: 0 | E15: ='DAILY CEM1'!AI16+'DAILY CEM2'!AH16 -> 138.997 | F15: =C15+D15-I15 -> 3044.7669 | G15: 0 | H15: 0 | I15: =E15/0.95 -> 146.31263 | J15: 0 | K15: =N14 -> 0 | L15: 0 | M15: ='[1]Daily Cement'!AB16 -> 0 | N15: =K15+L15-M15 -> 0
... B17: 15 | C17: =F16 -> 2904.9774 | D17: 87.28 | E17: ='DAILY CEM1'!AI18+'DAILY CEM2'!AH18 -> 123.04199 | F17: =C17+D17-I17 -> 2862.7396 | G17: 0 | H17: 0 | I17: =E17/0.95 -> 129.51788 | J17: 0 | K17: =N16 -> 0 | L17: 0 | M17: ='[1]Daily Cement'!AB18 -> 0 | N17: =K17+L17-M17 -> 0
B18: 16 | C18: =F17 -> 2862.7396 | D18: 0 | E18: ='DAILY CEM1'!AI19+'DAILY CEM2'!AH19 -> 144.411 | F18: =C18+D18-I18 -> 2710.1094 | G18: 0 | H18: 0 | I18: =E18/0.94615 -> 152.63013 | J18: 0 | K18: =N17 -> 0 | L18: 0 | M18: ='[1]Daily Cement'!AB19 -> 0 | N18: =K18+L18-M18 -> 0
B19: 17 | C19: =F18 -> 2710.1094 | D19: 121.7 | E19: ='DAILY CEM1'!AI20+'DAILY CEM2'!AH20 -> 140.75 | F19: =C19+D19-I19 -> 2683.6515 | G19: 0 | H19: 0 | I19: =E19/0.95 -> 148.15789 | J19: 0 | K19: =N18 -> 0 | L19: 0 | M19: ='[1]Daily Cement'!AB20 -> 0 | N19: =K19+L19-M19 -> 0
B20: 18 | C20: =F19 -> 2683.6515 | D20: 208.08 | E20: ='DAILY CEM1'!AI21+'DAILY CEM2'!AH21 -> 140.47 | F20: =C20+D20-I20 -> 2743.8684 | G20: 0 | H20: 0 | I20: =E20/0.95 -> 147.86316 | J20: 0 | K20: =N19 -> 0 | L20: 0 | M20: ='[1]Daily Cement'!AB21 -> 0 | N20: =K20+L20-M20 -> 0
B21: 19 | C21: =F20 -> 2743.8684 | D21: 307.26 | E21: ='DAILY CEM1'!AI22+'DAILY CEM2'!AH22 -> 149.691 | F21: =C21+D21-I21 -> 2893.5589 | G21: 0 | H21: 0 | I21: =E21/0.95 -> 157.56947 | J21: 0 | K21: =N20 -> 0 | L21: 0 | M21: ='[1]Daily Cement'!AB22 -> 0 | N21: =K21+L21-M21 -> 0
B22: 20 | C22: =F21 -> 2893.5589 | D22: 0 | E22: ='DAILY CEM1'!AI23+'DAILY CEM2'!AH23 -> 150.168 | F22: =C22+D22-I22 -> 2735.4873 | G22: 0 | H22: 0 | I22: =E22/0.95 -> 158.07158 | J22: 0 | K22: =N21 -> 0 | L22: 0 | M22: ='[1]Daily Cement'!AB23 -> 0 | N22: =K22+L22-M22 -> 0
B23: 21 | C23: =F22 -> 2735.4873 | D23: 0 | E23: ='DAILY CEM1'!AI24+'DAILY CEM2'!AH24 -> 150.5 | F23: =C23+D23-I23 -> 2577.0663 | G23: 0 | H23: 0 | I23: =E23/0.95 -> 158.42105 | J23: 0 | K23: =N22 -> 0 | L23: 0 | M23: ='[1]Daily Cement'!AB24 -> 0 | N23: =K23+L23-M23 -> 0
B24: 22 | C24: =F23 -> 2577.0663 | D24: 453.74 | E24: ='DAILY CEM1'!AI25+'DAILY CEM2'!AH25 -> 149.724 | F24: =C24+D24-I24 -> 2873.2021 | G24: 0 | H24: 0 | I24: =E24/0.95 -> 157.60421 | J24: 0 | K24: =N23 -> 0 | L24: 0 | M24: ='[1]Daily Cement'!AB25 -> 0 | N24: =K24+L24-M24 -> 0
B25: 23 | C25: =F24 -> 2873.2021 | D25: 269 | E25: ='DAILY CEM1'!AI26+'DAILY CEM2'!AH26 -> 140.77 | F25: =C25+D25-I25 -> 2994.0231 | G25: 0 | H25: 0 | I25: =E25/0.95 -> 148.17895 | J25: 0 | K25: =N24 -> 0 | L25: 0 | M25: ='[1]Daily Cement'!AB26 -> 0 | N25: =K25+L25-M25 -> 0
B26: 24 | C26: =F25 -> 2994.0231 | D26: 270.6 | E26: ='DAILY CEM1'!AI27+'DAILY CEM2'!AH27 -> 142.977 | F26: =C26+D26-I26 -> 3114.121 | G26: 0 | H26: 0 | I26: =E26/0.95 -> 150.50211 | J26: 0 | K26: =N25 -> 0 | L26: 0 | M26: ='[1]Daily Cement'!AB27 -> 0 | N26: =K26+L26-M26 -> 0
B27: 25 | C27: =F26 -> 3114.121 | D27: 0 | E27: ='DAILY CEM1'!AI28+'DAILY CEM2'!AH28 -> 146.95 | F27: =C27+D27-I27 -> 2959.4368 | G27: 0 | H27: 0 | I27: =E27/0.95 -> 154.68421 | J27: 0 | K27: =N26 -> 0 | L27: 0 | M27: ='[1]Daily Cement'!AB28 -> 0 | N27: =K27+L27-M27 -> 0
B28: 26 | C28: =F27 -> 2959.4368 | D28: 512.72 | E28: ='DAILY CEM1'!AI29+'DAILY CEM2'!AH29 -> 145.493 | F28: =C28+D28-I28 -> 3319.0063 | G28: 0 | H28: 0 | I28: =E28/0.95 -> 153.15053 | J28: 0 | K28: =N27 -> 0 | L28: 0 | M28: ='[1]Daily Cement'!AB29 -> 0 | N28: =K28+L28-M28 -> 0
B29: 27 | C29: =F28 -> 3319.0063 | D29: 120.58 | E29: ='DAILY CEM1'!AI30+'DAILY CEM2'!AH30 -> 119.997 | F29: =C29+D29-I29 -> 3313.2736 | G29: 0 | H29: 0 | I29: =E29/0.95 -> 126.31263 | J29: 0 | K29: =N28 -> 0 | L29: 0 | M29: ='[1]Daily Cement'!AB30 -> 0 | N29: =K29+L29-M29 -> 0
B30: 28 | C30: =F29 -> 3313.2736 | D30: 0 | E30: ='DAILY CEM1'!AI31+'DAILY CEM2'!AH31 -> 140.977 | F30: =C30+D30-I30 -> 3164.8768 | G30: 0 | H30: 0 | I30: =E30/0.95 -> 148.39684 | J30: 0 | K30: =N29 -> 0 | L30: 0 | M30: ='[1]Daily Cement'!AB31 -> 0 | N30: =K30+L30-M30 -> 0
... B33: 31 | C33: =F32 -> 3193.2573 | D33: 0 | E33: ='DAILY CEM1'!AI34+'DAILY CEM2'!AH34 -> 0 | F33: =C33+D33-I33 -> 3193.2573 | G33: 0 | H33: 0 | I33: =E33/0.95 -> 0 | J33: 0 | K33: =N32 -> 0 | L33: 0 | M33: ='[1]Daily Cement'!AB34 -> 0 | N33: =K33+L33-M33 -> 0
B34: MTD | C34: =SUM(C3:C33) -> 100018.54 | D34: =SUM(D3:D33) -> 3089.46 | E34: =SUM(E3:E33) -> 3898.6955 | F34: =SUM(F3:F33) -> 99003.488 | G34: =SUM(G3:G33) -> 0 | H34: =SUM(H3:H33) -> 0 | I34: =SUM(I3:I33) -> 4104.5085 | J34: =SUM(J3:J33) -> 0 | ... N34: =SUM(N3:N33) -> 0
B35: YTD | D35: =D36+SUM(D3:D33) -> 5216.08 | E35: =E36+SUM(E3:E33) -> 9124.9255 | H35: =H36+SUM(H3:H33) -> 0 | I35: =I36+SUM(I3:I33) -> 9468.2027 | L35: =L36+SUM(L3:L33) -> 0 | M35: =M36+SUM(M3:M33) -> 0
B36: YTD | D36: 2126.62 | E36: 5226.23 | H36: 0 | I36: 5363.6942 | L36: 0 | M36: 0

Sheet Packing bag 
B1: MAY | C1: 42.5 bag | G1: 32.5 bag | K1: 42.5N | O1: 42.5N OPC
B2: Date | C2: Opening Stock | D2: Production | E2: Consumption | F2: Closing Stock | G2: Opening Stock | H2: Production | I2: Consumption | J2: Closing Stock | K2: Opening Stock | L2: Production | M2: Consumption | N2: Closing Stock | O2: Opening Stock | P2: Production | Q2: Consumption | R2: Closing Stock
B3: 1 | C3: 2627235 | D3: 0 | E3: 38647 | F3: =C3+D3-E3 -> 2588588 | G3: 602161 | H3: 0 | I3: 0 | J3: =G3+H3-I3 -> 602161 | K3: 528763 | L3: 0 | M3: 1230 | N3: =K3+L3-M3 -> 527533 | O3: 68932 | P3: 0 | Q3: 612 | R3: =O3+P3-Q3 -> 68320
B4: 2 | C4: =F3 -> 2588588 | D4: 0 | E4: 42919 | F4: =C4+D4-E4 -> 2545669 | G4: =J3 -> 602161 | H4: 0 | I4: 2532 | J4: =G4+H4-I4 -> 599629 | K4: =N3 -> 527533 | L4: 0 | M4: 5505 | N4: =K4+L4-M4 -> 522028 | O4: =R3 -> 68320 | P4: 0 | Q4: 600 | R4: =O4+P4-Q4 -> 67720
B5: 3 | C5: =F4 -> 2545669 | D5: 0 | E5: 31507 | F5: =C5+D5-E5 -> 2514162 | G5: =J4 -> 599629 | H5: 0 | I5: 1584 | J5: =G5+H5-I5 -> 598045 | K5: =N4 -> 522028 | L5: 0 | M5: 5479 | N5: =K5+L5-M5 -> 516549 | O5: =R4 -> 67720 | P5: 0 | Q5: 0 | R5: =O5+P5-Q5 -> 67720
B6: 4 | C6: =F5 -> 2514162 | D6: 0 | E6: 51462 | F6: =C6+D6-E6 -> 2462700 | G6: =J5 -> 598045 | H6: 0 | I6: 2486 | J6: =G6+H6-I6 -> 595559 | K6: =N5 -> 516549 | L6: 0 | M6: 0 | N6: =K6+L6-M6 -> 516549 | O6: =R5 -> 67720 | P6: 0 | Q6: 600 | R6: =O6+P6-Q6 -> 67120
B7: 5 | C7: =F6 -> 2462700 | D7: 0 | E7: 51430 | F7: =C7+D7-E7 -> 2411270 | G7: =J6 -> 595559 | H7: 0 | I7: 610 | J7: =G7+H7-I7 -> 594949 | K7: =N6 -> 516549 | L7: 0 | M7: 601 | N7: =K7+L7-M7 -> 515948 | O7: =R6 -> 67120 | P7: 0 | Q7: 0 | R7: =O7+P7-Q7 -> 67120
B8: 6 | C8: =F7 -> 2411270 | D8: 0 | E8: 43365 | F8: =C8+D8-E8 -> 2367905 | G8: =J7 -> 594949 | H8: 0 | I8: 4335 | J8: =G8+H8-I8 -> 590614 | K8: =N7 -> 515948 | L8: 0 | M8: 1718 | N8: =K8+L8-M8 -> 514230 | O8: =R7 -> 67120 | P8: 0 | Q8: 0 | R8: =O8+P8-Q8 -> 67120
B9: 7 | C9: =F8 -> 2367905 | D9: 0 | E9: 46006 | F9: =C9+D9-E9 -> 2321899 | G9: =J8 -> 590614 | H9: 0 | I9: 0 | J9: =G9+H9-I9 -> 590614 | K9: =N8 -> 514230 | L9: 0 | M9: 5727 | N9: =K9+L9-M9 -> 508503 | O9: =R8 -> 67120 | P9: 0 | Q9: 0 | R9: =O9+P9-Q9 -> 67120
B10: 8 | C10: =F9 -> 2321899 | D10: 174500 | E10: 29616 | F10: =C10+D10-E10 -> 2466783 | G10: =J9 -> 590614 | H10: 40500 | I10: 2412 | J10: =G10+H10-I10 -> 628702 | K10: =N9 -> 508503 | L10: 0 | M10: 3064 | N10: =K10+L10-M10 -> 505439 | O10: =R9 -> 67120 | P10: 85000 | Q10: 0 | R10: =O10+P10-Q10 -> 152120
B11: 9 | C11: =F10 -> 2466783 | D11: 0 | E11: 30307 | F11: =C11+D11-E11 -> 2436476 | G11: =J10 -> 628702 | H11: 0 | I11: 4817 | J11: =G11+H11-I11 -> 623885 | K11: =N10 -> 505439 | L11: 0 | M11: 602 | N11: =K11+L11-M11 -> 504837 | O11: =R10 -> 152120 | P11: 0 | Q11: 0 | R11: =O11+P11-Q11 -> 152120
B12: 10 | C12: =F11 -> 2436476 | D12: 0 | E12: 28088 | F12: =C12+D12-E12 -> 2408388 | G12: =J11 -> 623885 | H12: 0 | I12: 1227 | J12: =G12+H12-I12 -> 622658 | K12: =N11 -> 504837 | L12: 0 | M12: 600 | N12: =K12+L12-M12 -> 504237 | O12: =R11 -> 152120 | P12: 0 | Q12: 0 | R12: =O12+P12-Q12 -> 152120
B13: 11 | C13: =F12 -> 2408388 | D13: 0 | E13: 51949 | F13: =C13+D13-E13 -> 2356439 | G13: =J12 -> 622658 | H13: 0 | I13: 600 | J13: =G13+H13-I13 -> 622058 | K13: =N12 -> 504237 | L13: 0 | M13: 5860 | N13: =K13+L13-M13 -> 498377 | O13: =R12 -> 152120 | P13: 0 | Q13: 0 | R13: =O13+P13-Q13 -> 152120
B14: 12 | C14: =F13 -> 2356439 | D14: 240000 | E14: 42192 | F14: =C14+D14-E14 -> 2554247 | G14: =J13 -> 622058 | H14: 0 | I14: 1801 | J14: =G14+H14-I14 -> 620257 | K14: =N13 -> 498377 | L14: 0 | M14: 2543 | N14: =K14+L14-M14 -> 495834 | O14: =R13 -> 152120 | P14: 0 | Q14: 0 | R14: =O14+P14-Q14 -> 152120
B15: 13 | C15: =F14 -> 2554247 | D15: 0 | E15: 49235 | F15: =C15+D15-E15 -> 2505012 | G15: =J14 -> 620257 | H15: 0 | I15: 2769 | J15: =G15+H15-I15 -> 617488 | K15: =N14 -> 495834 | L15: 0 | M15: 601 | N15: =K15+L15-M15 -> 495233 | O15: =R14 -> 152120 | P15: 0 | Q15: 602 | R15: =O15+P15-Q15 -> 151518
... B33: 31 | C33: =F32 -> 2764173 | D33: 0 | E33: 0 | F33: =C33+D33-E33 -> 2764173 | G33: =J32 -> 586107 | H33: 0 | I33: 0 | J33: =G33+H33-I33 -> 586107 | K33: =N32 -> 592795 | L33: 0 | M33: 0 | N33: =K33+L33-M33 -> 592795 | O33: =R32 -> 148479 | P33: 0 | Q33: 0 | R33: =O33+P33-Q33 -> 148479
B34: MTD | D34: =SUM(D3:D33) -> 1201000 | E34: =SUM(E3:E33) -> 1064062 | H34: =SUM(H3:H33) -> 40500 | I34: =SUM(I3:I33) -> 56554 | L34: =SUM(L3:L33) -> 150000 | M34: =SUM(M3:M33) -> 85968 | P34: =SUM(P3:P33) -> 85000 | Q34: =SUM(Q3:Q33) -> 5453
B35: YTD | D35: =D36+SUM(D3:D33) -> 4353500 | E35: =E36+SUM(E3:E33) -> 2640896 | H35: =H36+SUM(H3:H33) -> 332000 | I35: =I36+SUM(I3:I33) -> 146175 | L35: =L36+SUM(L3:L33) -> 445000 | M35: =M36+SUM(M3:M33) -> 258260 | P35: =P36+SUM(P3:P33) -> 85000 | Q35: =Q36+SUM(Q3:Q33) -> 20222
B36: YTD | D36: 3152500 | E36: 1576834 | H36: 291500 | I36: 89621 | L36: 295000 | M36: 172292 | P36: 0 | Q36: 14769

Sheet DAILY CEM1
B2: DEC | C2: Cement Production | H2: Rng Hrs | M2: TPH42.5 | N2: TPH32.5 | O2: TPH42.5N | P2: opc | Q2: 42.5N BM | R2: Lime Stone in 42.5 | S2: Gypsum In 42.5 | T2: Lime Stone in 32.5 | U2: Gypsum In 32.5 | V2: Lime Stone in 42.5N | W2: Gypsum In 42.5N | X2: limestone opc | Y2: Gypsum In OPC | Z2: Lime Stone in 42.5N BM | AA2: Gypsum In 42.5N BM | AB2: Clinker In 42.5 | AC2: Clinker in 32.5 | AD2: Clinker in 42.5N | AE2: Clinker in OPC | AF2: Clinker in 42.5N BM | AG2: Total clinker | AH2: Total LS 1 | AI2: Total GY | AL2: %cli | AM2: total cement | AN2: 42.5 | AO2: 32.5 | AP2: 42.5N | AQ2: LS2 42.5 | AR2: LS2 32.5
B3: date | C3: 42.5 | D3: 32.5 | E3: 42.5N | F3: OPC | G3: 42.5N BM | H3: 42.5 | I3: 32.5 | J3: 42.5N | K3: OPC | L3: 42.5N BM
B4: 1 | C4: 553 | D4: 0 | E4: 0 | F4: 0 | G4: 0 | H4: 8.38 | I4: 0 | J4: 0 | K4: 0 | L4: 0 | M4: =C4/H4 -> 65.990453 | N4: =D4/I4 -> #DIV/0! | O4: =E4/J4 -> #DIV/0! | P4: =F4/K4 -> #DIV/0! | Q4: =G4/L4 -> #DIV/0! | R4: =C4*(0.188888888888888*0.9) -> 94.01 | S4: =C4*0.05 -> 27.65 | T4: =D4*(0.288888888888888*0.9) -> 0 | U4: =D4*0.05 -> 0 | V4: =E4*(0.277777777777777*0.9) -> 0 | W4: =E4*0.05 -> 0 | Y4: =F5*0.05 -> 0 | Z4: =G4*(0.277777777777777*0.9) -> 0 | AA4: =G4*0.05 -> 0 | AB4: =C4-R4-S4 -> 431.34 | AC4: =D4-T4-U4 -> 0 | AD4: =E4-V4-W4 -> 0 | AE4: =F4-Y4 -> 0 | AF4: =G4-Z4-AA4 -> 0 | AG4: =AB4+AC4+AD4+AE4+AF4 -> 431.34 | AH4: =R4+T4+V4+Z4 -> 94.01 | AI4: =S4+U4+W4+Y4+AA4 -> 27.65 | AJ4: 0 | AK4: 0 | AL4: =AG4/(C4+D4)*100 -> 78 | AM4: =AG4+AH4+AI4 -> 553 | AN4: =(R4)/C4*100 -> 17 | AO4: =(T4)/D4*100 -> #DIV/0! | AP4: =Z4/G4 -> #DIV/0! | AR4: =H4+I4+K4+L4 -> 8.38 | AS4: =C4+D4+E4 -> 553 | AT4: =AB4/C4 -> 0.78 | AU4: =AC4/D4 -> #DIV/0! | AV4: =AD4/E4 -> #DIV/0! | AW4: =AE4/F4 -> #DIV/0! | AX4: =C4+D4+E4+F4 -> 553
B5: 2 | C5: 1099 | D5: 0 | E5: 0 | F5: 0 | G5: 0 | H5: 16.92 | I5: 0 | J5: 0 | K5: 0 | L5: 0 | M5: =C5/H5 -> 64.952719 | N5: =D5/I5 -> #DIV/0! | O5: =E5/J5 -> #DIV/0! | P5: =F5/K5 -> #DIV/0! | Q5: =G5/L5 -> #DIV/0! | R5: =C5*(0.2*0.9) -> 197.82 | S5: =C5*0.048 -> 52.752 | T5: =D5*(0.31111111111111*0.9) -> 0 | U5: =D5*0.05 -> 0 | V5: =E5*(0.2905982909*0.9) -> 0 | W5: =E5*0.04615384617 -> 0 | Y5: =F6*0.05 -> 0 | Z5: =G5*(0.288800705*0.9) -> 0 | AA5: =G5*0.05 -> 0 | AB5: =C5-R5-S5 -> 848.428 | AC5: =D5-T5-U5 -> 0 | AD5: =E5-V5-W5 -> 0 | AE5: =F5-Y5 -> 0 | AF5: =G5-Z5-AA5 -> 0 | AG5: =AB5+AC5+AD5+AE5+AF5 -> 848.428 | AH5: =R5+T5+V5+Z5 -> 197.82 | AI5: =S5+U5+W5+Y5+AA5 -> 52.752 | AJ5: 0 | AK5: 0 | AL5: =AG5/(C5+D5)*100 -> 77.2 | AM5: =AG5+AH5+AI5 -> 1099 | AN5: =(R5)/C5*100 -> 18 | AO5: =(T5)/D5*100 -> #DIV/0! | AP5: =Z5/G5 -> #DIV/0! | AR5: =H5+I5+K5+L5 -> 16.92 | AS5: =C5+D5+E5 -> 1099 | AT5: =AB5/C5 -> 0.772 | AU5: =AC5/D5 -> #DIV/0! | AV5: =AD5/E5 -> #DIV/0! | AW5: =AE5/F5 -> #DIV/0! | AX5: =C5+D5+E5+F5 -> 1099
B6: 3 | C6: 1554 | D6: 0 | E6: 0 | F6: 0 | G6: 0 | H6: 23.2 | I6: 0 | J6: 0 | K6: 0 | L6: 0 | M6: =C6/H6 -> 66.982759 | N6: =D6/I6 -> #DIV/0! | O6: =E6/J6 -> #DIV/0! | P6: =F6/K6 -> #DIV/0! | Q6: =G6/L6 -> #DIV/0! | R6: =C6*(0.2*0.9) -> 279.72 | S6: =C6*0.055 -> 85.47 | T6: =D6*(0.302222222222222*0.9) -> 0 | U6: =D6*0.05 -> 0 | V6: =E6*(0.2895148677*0.9) -> 0 | W6: =E6*0.05 -> 0 | Y6: =F7*0.05 -> 0 | Z6: =G6*(0.277777777*0.9) -> 0 | AA6: =G6*0.05 -> 0 | AB6: =C6-R6-S6 -> 1188.81 | AC6: =D6-T6-U6 -> 0 | AD6: =E6-V6-W6 -> 0 | AE6: =F6-Y6 -> 0 | AF6: =G6-Z6-AA6 -> 0 | AG6: =AB6+AC6+AD6+AE6+AF6 -> 1188.81 | AH6: =R6+T6+V6+Z6 -> 279.72 | AI6: =S6+U6+W6+Y6+AA6 -> 85.47 | AJ6: 0 | AK6: 0 | AL6: =AG6/(C6+D6)*100 -> 76.5 | AM6: =AG6+AH6+AI6 -> 1554 | AN6: =(R6)/C6*100 -> 18 | AO6: =(T6)/D6*100 -> #DIV/0! | AP6: =Z6/G6 -> #DIV/0! | AR6: =H6+I6+K6+L6 -> 23.2 | AS6: =C6+D6+E6 -> 1554 | AT6: =AB6/C6 -> 0.765 | AU6: =AC6/D6 -> #DIV/0! | AV6: =AD6/E6 -> #DIV/0! | AW6: =AE6/F6 -> #DIV/0! | AX6: =C6+D6+E6+F6 -> 1554
B7: 4 | C7: 1173 | D7: 0 | E7: 0 | F7: 0 | G7: 212 | H7: 18.23 | I7: 0 | J7: 0 | K7: 0 | L7: 3 | M7: =C7/H7 -> 64.344487 | N7: =D7/I7 -> #DIV/0! | O7: =E7/J7 -> #DIV/0! | P7: =F7/K7 -> #DIV/0! | Q7: =G7/L7 -> 70.666667 | R7: =C7*(0.188888888888888*0.9) -> 199.41 | S7: =C7*0.05 -> 58.65 | T7: =D7*(0.311111111111111*0.9) -> 0 | U7: =D7*0.05 -> 0 | V7: =E7*(0.288888888888888*0.9) -> 0 | W7: =E7*0.05 -> 0 | Y7: =F7*0.05 -> 0 | Z7: =G7*(0.2777777778*0.9) -> 53 | AA7: =G7*0.05 -> 10.6 | AB7: =C7-R7-S7 -> 914.94 | AC7: =D7-T7-U7 -> 0 | AD7: =E7-V7-W7 -> 0 | AE7: =F7-Y7 -> 0 | AF7: =G7-Z7-AA7 -> 148.4 | AG7: =AB7+AC7+AD7+AE7+AF7 -> 1063.34 | AH7: =R7+T7+V7+Z7 -> 252.41 | AI7: =S7+U7+W7+Y7+AA7 -> 69.25 | AJ7: 0 | AK7: 0 | AL7: =AG7/(C7+D7)*100 -> 90.651321 | AM7: =AG7+AH7+AI7 -> 1385 | AN7: =(R7)/C7*100 -> 17 | AO7: =(T7)/D7*100 -> #DIV/0! | AP7: =Z7/G7 -> 0.25 | AR7: =H7+I7+K7+L7 -> 21.23 | AS7: =C7+D7+E7 -> 1173 | AT7: =AB7/C7 -> 0.78 | AU7: =AC7/D7 -> #DIV/0! | AV7: =AD7/E7 -> #DIV/0! | AW7: =AE7/F7 -> #DIV/0! | AX7: =C7+D7+E7+F7 -> 1173
B8: 5 | C8: 1462 | D8: 0 | E8: 0 | F8: 0 | G8: 0 | H8: 22.2 | I8: 0 | J8: 0 | K8: 0 | L8: 0 | M8: =C8/H8 -> 65.855856 | N8: =D8/I8 -> #DIV/0! | O8: =E8/J8 -> #DIV/0! | P8: =F8/K8 -> #DIV/0! | Q8: =G8/L8 -> #DIV/0! | R8: =C8*(0.194832041*0.9) -> 256.36 | S8: =C8*0.050001367 -> 73.101999 | T8: =D8*(0.3*0.9) -> 0 | U8: =D8*0.05 -> 0 | V8: =E8*(0.288888888888888*0.9) -> 0 | W8: =E8*0.05 -> 0 | Y8: =F8*0.05 -> 0 | Z8: =G8*(0.288888888888888*0.9) -> 0 | AA8: =G8*0.05 -> 0 | AB8: =C8-R8-S8 -> 1132.538 | AC8: =D8-T8-U8 -> 0 | AD8: =E8-V8-W8 -> 0 | AE8: =F8-Y8 -> 0 | AF8: =G8-Z8-AA8 -> 0 | AG8: =AB8+AC8+AD8+AE8+AF8 -> 1132.538 | AH8: =R8+T8+V8+Z8 -> 256.36 | AI8: =S8+U8+W8+Y8+AA8 -> 73.101999 | AJ8: 0 | AK8: 0 | AL8: =AG8/(C8+D8)*100 -> 77.46498 | AM8: =AG8+AH8+AI8 -> 1462 | AN8: =(R8)/C8*100 -> 17.534884 | AO8: =(T8)/D8*100 -> #DIV/0! | AP8: =Z8/G8 -> #DIV/0! | AR8: =H8+I8+K8+L8 -> 22.2 | AS8: =C8+D8+E8 -> 1462 | AT8: =AB8/C8 -> 0.7746498 | AU8: =AC8/D8 -> #DIV/0! | AV8: =AD8/E8 -> #DIV/0! | AW8: =AE8/F8 -> #DIV/0! | AX8: =C8+D8+E8+F8 -> 1462
B9: 6 | C9: 1129 | D9: 207 | E9: 0 | F9: 0 | G9: 344 | H9: 16 | I9: 3 | J9: 0 | K9: 0 | L9: 5 | M9: =C9/H9 -> 70.5625 | N9: =D9/I9 -> 69 | O9: =E9/J9 -> #DIV/0! | P9: =F9/K9 -> #DIV/0! | Q9: =G9/L9 -> 68.8 | R9: =C9*(0.2*0.9) -> 203.22 | S9: =C9*0.050002657 -> 56.453 | T9: =D9*(0.279130434*0.9) -> 52.002 | U9: =D9*0.050714975 -> 10.498 | V9: =E9*(0.254728304*0.9) -> 0 | W9: =E9*0.051386861 -> 0 | Y9: =F9*0.05 -> 0 | Z9: =G9*(0.277787467*0.9) -> 86.003 | AA9: =G9*0.051436046 -> 17.694 | AB9: =C9-R9-S9 -> 869.327 | AC9: =D9-T9-U9 -> 144.5 | AD9: =E9-V9-W9 -> 0 | AE9: =F9-Y9 -> 0 | AF9: =G9-Z9-AA9 -> 240.303 | AG9: =AB9+AC9+AD9+AE9+AF9 -> 1254.13 | AH9: =R9+T9+V9+Z9 -> 341.225 | AI9: =S9+U9+W9+Y9+AA9 -> 84.644999 | AJ9: 0 | AK9: 0 | AL9: =AG9/(C9+D9)*100 -> 93.872006 | AM9: =AG9+AH9+AI9 -> 1680 | AN9: =(R9)/C9*100 -> 18 | AO9: =(T9)/D9*100 -> 25.121739 | AP9: =Z9/G9 -> 0.25000872 | AR9: =H9+I9+K9+L9 -> 24 | AS9: =C9+D9+E9 -> 1336 | AT9: =AB9/C9 -> 0.76999734 | AU9: =AC9/D9 -> 0.69806763 | AV9: =AD9/E9 -> #DIV/0! | AW9: =AE9/F9 -> #DIV/0! | AX9: =C9+D9+E9+F9 -> 1336
B10: 7 | C10: 1290 | D10: 0 | E10: 0 | F10: 0 | G10: 140 | H10: 18.9 | I10: 0 | J10: 0 | K10: 0 | L10: 2 | M10: =C10/H10 -> 68.253968 | N10: =D10/I10 -> #DIV/0! | O10: =E10/J10 -> #DIV/0! | P10: =F10/K10 -> #DIV/0! | Q10: =G10/L10 -> 70 | R10: =C10*(0.2*0.9) -> 232.2 | S10: =C10*0.0499968999999999 -> 64.496001 | T10: =D10*(0.311111111111111*0.9) -> 0 | U10: =D10*0.05 -> 0 | V10: =E10*(0.288888888888888*0.9) -> 0 | W10: =E10*0.05 -> 0 | Y10: =F10*0.05 -> 0 | Z10: =G10*(0.277777777777777*0.9) -> 35 | AA10: =G10*0.0535714288 -> 7.5 | AB10: =C10-R10-S10 -> 993.304 | AC10: =D10-T10-U10 -> 0 | AD10: =E10-V10-W10 -> 0 | AE10: =F10-Y10 -> 0 | AF10: =G10-Z10-AA10 -> 97.5 | AG10: =AB10+AC10+AD10+AE10+AF10 -> 1090.804 | AH10: =R10+T10+V10+Z10 -> 267.2 | AI10: =S10+U10+W10+Y10+AA10 -> 71.996001 | AJ10: 0 | AK10: 0 | AL10: =AG10/(C10+D10)*100 -> 84.55845 | AM10: =AG10+AH10+AI10 -> 1430 | AN10: =(R10)/C10*100 -> 18 | AO10: =(T10)/D10*100 -> #DIV/0! | AP10: =Z10/G10 -> 0.25 | AR10: =H10+I10+K10+L10 -> 20.9 | AS10: =C10+D10+E10 -> 1290 | AT10: =AB10/C10 -> 0.7700031 | AU10: =AC10/D10 -> #DIV/0! | AV10: =AD10/E10 -> #DIV/0! | AW10: =AE10/F10 -> #DIV/0! | AX10: =C10+D10+E10+F10 -> 1290
B11: 8 | C11: 1349 | D11: 0 | E11: 0 | F11: 0 | G11: 211 | H11: 20.02 | I11: 0 | J11: 0 | K11: 0 | L11: 3 | M11: =C11/H11 -> 67.382617 | N11: =D11/I11 -> #DIV/0! | O11: =E11/J11 -> #DIV/0! | P11: =F11/K11 -> #DIV/0! | Q11: =G11/L11 -> 70.333333 | R11: =C11*(0.185*0.9) -> 224.6085 | S11: =C11*0.05 -> 67.45 | T11: =D11*(0.3*0.9) -> 0 | U11: =D11*0.05 -> 0 | V11: =E11*(0.257309944*0.9) -> 0 | W11: =E11*0.052631579 -> 0 | Y11: =F11*0.05 -> 0 | Z11: =G11*(0.277777777777777*0.9) -> 52.75 | AA11: =G11*0.05236966827 -> 11.05 | AB11: =C11-R11-S11 -> 1056.9415 | AC11: =D11-T11-U11 -> 0 | AD11: =E11-V11-W11 -> 0 | AE11: =F11-Y11 -> 0 | AF11: =G11-Z11-AA11 -> 147.2 | AG11: =AB11+AC11+AD11+AE11+AF11 -> 1204.1415 | AH11: =R11+T11+V11+Z11 -> 277.3585 | AI11: =S11+U11+W11+Y11+AA11 -> 78.5 | AJ11: 0 | AK11: 0 | AL11: =AG11/(C11+D11)*100 -> 89.261787 | AM11: =AG11+AH11+AI11 -> 1560 | AN11: =(R11)/C11*100 -> 16.65 | AO11: =(T11)/D11*100 -> #DIV/0! | AP11: =Z11/G11 -> 0.25 | AR11: =H11+I11+K11+L11 -> 23.02 | AS11: =C11+D11+E11 -> 1349 | AT11: =AB11/C11 -> 0.7835 | AU11: =AC11/D11 -> #DIV/0! | AV11: =AD11/E11 -> #DIV/0! | AW11: =AE11/F11 -> #DIV/0! | AX11: =C11+D11+E11+F11 -> 1349
B12: 9 | C12: 1354 | D12: 142 | E12: 0 | F12: 65 | G12: 71 | H12: 20 | I12: 2 | J12: 0 | K12: 1 | L12: 1 | M12: =C12/H12 -> 67.7 | N12: =D12/I12 -> 71 | O12: =E12/J12 -> #DIV/0! | P12: =F12/K12 -> 65 | Q12: =G12/L12 -> 71 | R12: =C12*(0.177777777777777*0.9) -> 216.64 | S12: =C12*0.05 -> 67.7 | T12: =D12*(0.255555555555555*0.9) -> 32.66 | U12: =D12*0.05 -> 7.1 | V12: =E12*(0.3003003*0.9) -> 0 | W12: =E12*0.081081081 -> 0 | Y12: =F12*0.047492307 -> 3.087 | Z12: =G12*(0.255555555555555*0.9) -> 16.33 | AA12: =G12*0.05 -> 3.55 | AB12: =C12-R12-S12 -> 1069.66 | AC12: =D12-T12-U12 -> 102.24 | AD12: =E12-V12-W12 -> 0 | AE12: =F12-Y12 -> 61.913 | AF12: =G12-Z12-AA12 -> 51.12 | AG12: =AB12+AC12+AD12+AE12+AF12 -> 1284.933 | AH12: =R12+T12+V12+Z12 -> 265.63 | AI12: =S12+U12+W12+Y12+AA12 -> 81.437 | AJ12: 0 | AK12: 0 | AL12: =AG12/(C12+D12)*100 -> 85.891243 | AM12: =AG12+AH12+AI12 -> 1632 | AN12: =(R12)/C12*100 -> 16 | AO12: =(T12)/D12*100 -> 23 | AP12: =Z12/G12 -> 0.23 | AR12: =H12+I12+K12+L12 -> 24 | AS12: =C12+D12+E12 -> 1496 | AT12: =AB12/C12 -> 0.79 | AU12: =AC12/D12 -> 0.72 | AV12: =AD12/E12 -> #DIV/0! | AW12: =AE12/F12 -> 0.95250769 | AX12: =C12+D12+E12+F12 -> 1561
B13: 10 | C13: 1100 | D13: 140 | E13: 0 | F13: 0 | G13: 211 | H13: 17.37 | I13: 2 | J13: 0 | K13: 0 | L13: 3 | M13: =C13/H13 -> 63.327576 | N13: =D13/I13 -> 70 | O13: =E13/J13 -> #DIV/0! | P13: =F13/K13 -> #DIV/0! | Q13: =G13/L13 -> 70.333333 | R13: =C13*(0.172222222222222*0.9) -> 170.5 | S13: =C13*0.05 -> 55 | T13: =D13*(0.277777777777777*0.9) -> 35 | U13: =D13*0.05357142857 -> 7.5 | V13: =E13*(0.222222222222222*0.9) -> 0 | W13: =E13*0.05 -> 0 | Y13: =F13*0.05 -> 0 | Z13: =G13*(0.270300158*0.9) -> 51.33 | AA13: =G13*0.052369668 -> 11.05 | AB13: =C13-R13-S13 -> 874.5 | AC13: =D13-T13-U13 -> 97.5 | AD13: =E13-V13-W13 -> 0 | AE13: =F13-Y13 -> 0 | AF13: =G13-Z13-AA13 -> 148.62 | AG13: =AB13+AC13+AD13+AE13+AF13 -> 1120.62 | AH13: =R13+T13+V13+Z13 -> 256.83 | AI13: =S13+U13+W13+Y13+AA13 -> 73.55 | AJ13: 0 | AK13: 0 | AL13: =AG13/(C13+D13)*100 -> 90.372581 | AM13: =AG13+AH13+AI13 -> 1451 | AN13: =(R13)/C13*100 -> 15.5 | AO13: =(T13)/D13*100 -> 25 | AP13: =Z13/G13 -> 0.24327014 | AR13: =H13+I13+K13+L13 -> 22.37 | AS13: =C13+D13+E13 -> 1240 | AT13: =AB13/C13 -> 0.795 | AU13: =AC13/D13 -> 0.69642857 | AV13: =AF13/G13 -> 0.70436019 | AW13: =AE13/F13 -> #DIV/0! | AX13: =C13+D13+E13+F13 -> 1240
B14: 11 | C14: 1130 | D14: 0 | E14: 0 | F14: 0 | G14: 400 | H14: 18 | I14: 0 | J14: 0 | K14: 0 | L14: 6 | M14: =C14/H14 -> 62.777778 | N14: =D14/I14 -> #DIV/0! | O14: =E14/J14 -> #DIV/0! | P14: =F14/K14 -> #DIV/0! | Q14: =G14/L14 -> 66.666667 | R14: =C14*(0.166666666666666*0.9) -> 169.5 | S14: =C14*0.05 -> 56.5 | T14: =D14*(0.3114478112*0.9) -> 0 | U14: =D14*0.05 -> 0 | V14: =E14*(0.2085470086*0.9) -> 0 | W14: =E14*0.0492307693 -> 0 | Y14: =F14*0.05 -> 0 | Z14: =G14*(0.2555555555556*0.9) -> 92 | AA14: =G14*0.05 -> 20 | AB14: =C14-R14-S14 -> 904 | AC14: =D14-T14-U14 -> 0 | AD14: =E14-V14-W14 -> 0 | AE14: =F14-Y14 -> 0 | AF14: =G14-Z14-AA14 -> 288 | AG14: =AB14+AC14+AD14+AE14+AF14 -> 1192 | AH14: =R14+T14+V14+Z14 -> 261.5 | AI14: =S14+U14+W14+Y14+AA14 -> 76.5 | AJ14: 0 | AK14: 0 | AL14: =AG14/(C14+D14)*100 -> 105.48673 | AM14: =AG14+AH14+AI14 -> 1530 | AN14: =(R14)/C14*100 -> 15 | AO14: =(T14)/D14*100 -> #DIV/0! | AP14: =Z14/G14 -> 0.23 | AR14: =H14+I14+K14+L14 -> 24 | AS14: =C14+D14+E14 -> 1130 | AT14: =AB14/C14 -> 0.8 | AU14: =AC14/D14 -> #DIV/0! | AV14: =AF14/G14 -> 0.72 | AW14: =AE14/F14 -> #DIV/0! | AX14: =C14+D14+E14+F14 -> 1130
B15: 12 | C15: 1010 | D15: 0 | E15: 0 | F15: 0 | G15: 300 | H15: 15.45 | I15: 0 | J15: 0 | K15: 0 | L15: 4.5 | M15: =C15/H15 -> 65.372168 | N15: =D15/I15 -> #DIV/0! | O15: =E15/J15 -> #DIV/0! | P15: =F15/K15 -> #DIV/0! | Q15: =G15/L15 -> 66.666667 | R15: =C15*(0.1740055*0.9) -> 158.171 | S15: =C15*0.049998019 -> 50.497999 | T15: =D15*(0.322222222222222*0.9) -> 0 | U15: =D15*0.05 -> 0 | V15: =E15*(0.297777777777777*0.9) -> 0 | W15: =E15*0.052 -> 0 | Y15: =F15*0.05 -> 0 | Z15: =G15*(0.264*0.9) -> 71.28 | AA15: =G15*0.05019 -> 15.057 | AB15: =C15-R15-S15 -> 801.331 | AC15: =D15-T15-U15 -> 0 | AD15: =E15-V15-W15 -> 0 | AE15: =F15-Y15 -> 0 | AF15: =G15-Z15-AA15 -> 213.663 | AG15: =AB15+AC15+AD15+AE15+AF15 -> 1014.994 | AH15: =R15+T15+V15+Z15 -> 229.451 | AI15: =S15+U15+W15+Y15+AA15 -> 65.554999 | AJ15: 0 | AK15: 0 | AL15: =AG15/(C15+D15)*100 -> 100.49446 | AM15: =AG15+AH15+AI15 -> 1310 | AN15: =(R15)/C15*100 -> 15.660495 | AO15: =(T15)/D15*100 -> #DIV/0! | AP15: =Z15/G15 -> 0.2376 | AR15: =H15+I15+K15+L15 -> 19.95 | AS15: =C15+D15+E15 -> 1010 | AT15: =AB15/C15 -> 0.79339703 | AU15: =AC15/D15 -> #DIV/0! | AV15: =AF15/G15 -> 0.71221 | AW15: =AE15/F15 -> #DIV/0! | AX15: =C15+D15+E15+F15 -> 1010
B16: 13 | C16: 1284 | D16: 140 | E16: 0 | F16: 0 | G16: 136 | H16: 20 | I16: 2 | J16: 0 | K16: 0 | L16: 2 | M16: =C16/H16 -> 64.2 | N16: =D16/I16 -> 70 | O16: =E16/J16 -> #DIV/0! | P16: =F16/K16 -> #DIV/0! | Q16: =G16/L16 -> 68 | R16: =C16*(0.187175493*0.9) -> 216.3 | S16: =C16*0.049529595 -> 63.596 | T16: =D16*(0.255555555*0.9) -> 32.2 | U16: =D16*0.05 -> 7 | V16: =E16*(0.3*0.9) -> 0 | W16: =E16*0.06 -> 0 | Z16: =G16*(0.255555555*0.9) -> 31.28 | AA16: =G16*0.050007352 -> 6.8009999 | AB16: =C16-R16-S16 -> 1004.104 | AC16: =D16-T16-U16 -> 100.8 | AD16: =E16-V16-W16 -> 0 | AE16: =F16-Y16 -> 0 | AF16: =G16-Z16-AA16 -> 97.919 | AG16: =AB16+AC16+AD16+AE16+AF16 -> 1202.823 | AH16: =R16+T16+V16+Z16 -> 279.78 | AI16: =S16+U16+W16+Y16+AA16 -> 77.397 | AJ16: 0 | AK16: 0 | AL16: =AG16/(C16+D16)*100 -> 84.467907 | AM16: =AG16+AH16+AI16 -> 1560 | AN16: =(R16)/C16*100 -> 16.845794 | AO16: =(T16)/D16*100 -> 23 | AP16: =Z16/G16 -> 0.23 | AR16: =H16+I16+K16+L16 -> 24 | AS16: =C16+D16+E16 -> 1424 | AT16: =AB16/C16 -> 0.78201246 | AU16: =AC16/D16 -> 0.72 | AV16: =AF16/G16 -> 0.71999265 | AW16: =AE16/F16 -> #DIV/0! | AX16: =C16+D16+E16+F16 -> 1424
B17: 14 | C17: 1178 | D17: 68 | E17: 0 | F17: 0 | G17: 139 | H17: 18.33 | I17: 1 | J17: 0 | K17: 0 | L17: 2 | M17: =C17/H17 -> 64.26623 | N17: =D17/I17 -> 68 | O17: =E17/J17 -> #DIV/0! | P17: =F17/K17 -> #DIV/0! | Q17: =G17/L17 -> 69.5 | R17: =C17*(0.177777777777777*0.9) -> 188.48 | S17: =C17*0.05 -> 58.9 | T17: =D17*(0.2555555556*0.9) -> 15.64 | U17: =D17*0.05 -> 3.4 | V17: =E17*(0.288888888888888*0.9) -> 0 | W17: =E17*0.05 -> 0 | Z17: =G17*(0.2501998401*0.9) -> 31.3 | AA17: =G17*0.0503597123 -> 7 | AB17: =C17-R17-S17 -> 930.62 | AC17: =D17-T17-U17 -> 48.96 | AD17: =E17-V17-W17 -> 0 | AE17: =F17-Y17 -> 0 | AF17: =G17-Z17-AA17 -> 100.7 | AG17: =AB17+AC17+AD17+AE17+AF17 -> 1080.28 | AH17: =R17+T17+V17+Z17 -> 235.42 | AI17: =S17+U17+W17+Y17+AA17 -> 69.3 | AJ17: 0 | AK17: 0 | AL17: =AG17/(C17+D17)*100 -> 86.699839 | AM17: =AG17+AH17+AI17 -> 1385 | AN17: =(R17)/C17*100 -> 16 | AO17: =(T17)/D17*100 -> 23 | AP17: =Z17/G17 -> 0.22517986 | AR17: =H17+I17+K17+L17 -> 21.33 | AS17: =C17+D17+E17 -> 1246 | AT17: =AB17/C17 -> 0.79 | AU17: =AC17/D17 -> 0.72 | AV17: =AF17/G17 -> 0.72446043 | AW17: =AE17/F17 -> #DIV/0! | AX17: =C17+D17+E17+F17 -> 1246
B18: 15 | C18: 1055 | D18: 0 | E18: 0 | F18: 0 | G18: 136 | H18: 16 | I18: 0 | J18: 0 | K18: 0 | L18: 2 | M18: =C18/H18 -> 65.9375 | N18: =D18/I18 -> #DIV/0! | O18: =E18/J18 -> #DIV/0! | P18: =F18/K18 -> #DIV/0! | Q18: =G18/L18 -> 68 | R18: =C18*(0.177777777777777*0.9) -> 168.8 | S18: =C18*0.05 -> 52.75 | T18: =D18*(0.322222222222222*0.9) -> 0 | U18: =D18*0.05 -> 0 | V18: =E18*(0.288888888888888*0.9) -> 0 | W18: =E18*0.05 -> 0 | X18: =F18*(0*0.9) -> 0 | Y18: =F18*0.05 -> 0 | Z18: =G18*(0.261111111111111*0.9) -> 31.96 | AA18: =G18*0.05 -> 6.8 | AB18: =C18-R18-S18 -> 833.45 | AC18: =D18-T18-U18 -> 0 | AD18: =E18-V18-W18 -> 0 | AE18: =F18-Y18 -> 0 | AF18: =G18-Z18-AA18 -> 97.24 | AG18: =AB18+AC18+AD18+AE18+AF18 -> 930.69 | AH18: =R18+T18+V18+Z18 -> 200.76 | AI18: =S18+U18+W18+Y18+AA18 -> 59.55 | AJ18: 0 | AK18: 0 | AL18: =AG18/(C18+D18)*100 -> 88.217062 | AM18: =AG18+AH18+AI18 -> 1191 | AN18: =(R18)/C18*100 -> 16 | AO18: =(T18)/D18*100 -> #DIV/0! | AP18: =Z18/G18 -> 0.235 | AR18: =H18+I18+K18+L18 -> 18 | AS18: =C18+D18+E18 -> 1055 | AT18: =AB18/C18 -> 0.79 | AU18: =AC18/D18 -> #DIV/0! | AV18: =AF18/G18 -> 0.715 | AW18: =AE18/F18 -> #DIV/0! | AX18: =C18+D18+E18+F18 -> 1055
B19: 16 | C19: 1432 | D19: 140 | E19: 0 | F19: 0 | G19: 0 | H19: 22 | I19: 2 | J19: 0 | K19: 0 | L19: 0 | M19: =C19/H19 -> 65.090909 | N19: =D19/I19 -> 70 | O19: =E19/J19 -> #DIV/0! | P19: =F19/K19 -> #DIV/0! | Q19: =G19/L19 -> #DIV/0! | R19: =C19*(0.172222222222222*0.9) -> 221.96 | S19: =C19*0.05 -> 71.6 | T19: =D19*(0.266666666666666*0.9) -> 33.6 | U19: =D19*0.05 -> 7 | V19: =E19*(0.271416455*0.9) -> 0 | W19: =E19*0.0480916033 -> 0 | Y19: =F19*0.05 -> 0 | Z19: =G19*(0.311111111*0.9) -> 0 | AA19: =G19*0.05 -> 0 | AB19: =C19-R19-S19 -> 1138.44 | AC19: =D19-T19-U19 -> 99.4 | AD19: =E19-V19-W19 -> 0 | AE19: =F19-Y19 -> 0 | AF19: =G19-Z19-AA19 -> 0 | AG19: =AB19+AC19+AD19+AE19+AF19 -> 1237.84 | AH19: =R19+T19+V19+Z19 -> 255.56 | AI19: =S19+U19+W19+Y19+AA19 -> 78.6 | AJ19: 0 | AK19: 0 | AL19: =AG19/(C19+D19)*100 -> 78.743003 | AM19: =AG19+AH19+AI19 -> 1572 | AN19: =(R19)/C19*100 -> 15.5 | AO19: =(T19)/D19*100 -> 24 | AP19: =Z19/G19 -> #DIV/0! | AR19: =H19+I19+K19+L19 -> 24 | AS19: =C19+D19+E19 -> 1572 | AT19: =AB19/C19 -> 0.795 | AU19: =AC19/D19 -> 0.71 | AV19: =AF19/G19 -> #DIV/0! | AW19: =AE19/F19 -> #DIV/0! | AX19: =C19+D19+E19+F19 -> 1572
B20: 17 | C20: 1140 | D20: 0 | E20: 0 | F20: 0 | G20: 420 | H20: 17.65 | I20: 0 | J20: 0 | K20: 0 | L20: 6 | M20: =C20/H20 -> 64.589235 | N20: =D20/I20 -> #DIV/0! | O20: =E20/J20 -> #DIV/0! | P20: =F20/K20 -> #DIV/0! | Q20: =G20/L20 -> 70 | R20: =C20*(0.172222222222222*0.9) -> 176.7 | S20: =C20*0.05 -> 57 | T20: =D20*(0.3*0.9) -> 0 | U20: =D20*0.05 -> 0 | V20: =E20*(0.29436152566678*0.9) -> 0 | W20: =E20*0.05 -> 0 | Y20: =F20*0.0583333333333333 -> 0 | Z20: =G20*(0.257407407407*0.9) -> 97.3 | AA20: =G20*0.05 -> 21 | AB20: =C20-R20-S20 -> 906.3 | AC20: =D20-T20-U20 -> 0 | AD20: =E20-V20-W20 -> 0 | AE20: =F20-Y20 -> 0 | AF20: =G20-Z20-AA20 -> 301.7 | AG20: =AB20+AC20+AD20+AE20+AF20 -> 1208 | AH20: =R20+T20+V20+Z20 -> 274 | AI20: =S20+U20+W20+Y20+AA20 -> 78 | AJ20: 0 | AK20: 0 | AL20: =AG20/(C20+D20)*100 -> 105.96491 | AM20: =AG20+AH20+AI20 -> 1560 | AN20: =(R20)/C20*100 -> 15.5 | AO20: =(T20)/D20*100 -> #DIV/0! | AP20: =Z20/G20 -> 0.23166667 | AR20: =H20+I20+K20+L20 -> 23.65 | AS20: =C20+D20+E20 -> 1140 | AT20: =AB20/C20 -> 0.795 | AU20: =AC20/D20 -> #DIV/0! | AV20: =AF20/G20 -> 0.71833333 | AW20: =AE20/F20 -> #DIV/0! | AX20: =C20+D20+E20+F20 -> 1140
B21: 18 | C21: 1580 | D21: 0 | E21: 0 | F21: 0 | G21: 0 | H21: 24 | I21: 0 | J21: 0 | K21: 0 | L21: 0 | M21: =C21/H21 -> 65.833333 | N21: =D21/I21 -> #DIV/0! | O21: =E21/J21 -> #DIV/0! | P21: =F21/K21 -> #DIV/0! | Q21: =G21/L21 -> #DIV/0! | R21: =C21*(0.166666666666666*0.9) -> 237 | S21: =C21*0.05 -> 79 | T21: =D21*(0.288888888888888*0.9) -> 0 | U21: =D21*0.05 -> 0 | V21: =E21*(0.188034188*0.9) -> 0 | W21: =E21*0.046153846 -> 0 | Y21: =F21*0.055 -> 0 | Z21: =G21*(0.277777777777777*0.9) -> 0 | AA21: =G21*0.05 -> 0 | AB21: =C21-R21-S21 -> 1264 | AC21: =D21-T21-U21 -> 0 | AD21: =E21-V21-W21 -> 0 | AE21: =F21-Y21 -> 0 | AF21: =G21-Z21-AA21 -> 0 | AG21: =AB21+AC21+AD21+AE21+AF21 -> 1264 | AH21: =R21+T21+V21+Z21 -> 237 | AI21: =S21+U21+W21+Y21+AA21 -> 79 | AJ21: 0 | AK21: 0 | AL21: =AG21/(C21+D21)*100 -> 80 | AM21: =AG21+AH21+AI21 -> 1580 | AN21: =(R21)/C21*100 -> 15 | AO21: =(T21)/D21*100 -> #DIV/0! | AP21: =Z21/G21 -> #DIV/0! | AR21: =H21+I21+K21+L21 -> 24 | AS21: =C21+D21+E21 -> 1580 | AT21: =AB21/C21 -> 0.8 | AU21: =AC21/D21 -> #DIV/0! | AV21: =AF21/G21 -> #DIV/0! | AW21: =AE21/F21 -> #DIV/0! | AX21: =C21+D21+E21+F21 -> 1580
B22: 19 | C22: 1353 | D22: 0 | E22: 0 | F22: 0 | G22: 207 | H22: 21 | I22: 0 | J22: 0 | K22: 0 | L22: 3 | M22: =C22/H22 -> 64.428571 | N22: =D22/I22 -> #DIV/0! | O22: =E22/J22 -> #DIV/0! | P22: =F22/K22 -> #DIV/0! | Q22: =G22/L22 -> 69 | R22: =C22*(0.153862199*0.9) -> 187.358 | S22: =C22*0.049951219 -> 67.583999 | T22: =D22*(0.333333333333333*0.9) -> 0 | U22: =D22*0.05 -> 0 | V22: =E22*(0.277777777777777*0.9) -> 0 | W22: =E22*0.05 -> 0 | Y22: =F22*0.111111111111111 -> 0 | Z22: =G22*(0.261111111*0.9) -> 48.645 | AA22: =G22*0.05 -> 10.35 | AB22: =C22-R22-S22 -> 1098.058 | AC22: =D22-T22-U22 -> 0 | AD22: =E22-V22-W22 -> 0 | AE22: =F22-Y22 -> 0 | AF22: =G22-Z22-AA22 -> 148.005 | AG22: =AB22+AC22+AD22+AE22+AF22 -> 1246.063 | AH22: =R22+T22+V22+Z22 -> 236.003 | AI22: =S22+U22+W22+Y22+AA22 -> 77.933999 | AJ22: 0 | AK22: 0 | AL22: =AG22/(C22+D22)*100 -> 92.096305 | AM22: =AG22+AH22+AI22 -> 1560 | AN22: =(R22)/C22*100 -> 13.847598 | AO22: =(T22)/D22*100 -> #DIV/0! | AP22: =Z22/G22 -> 0.235 | AR22: =H22+I22+K22+L22 -> 24 | AS22: =C22+D22+E22 -> 1353 | AT22: =AB22/C22 -> 0.8115728 | AU22: =AC22/D22 -> #DIV/0! | AV22: =AF22/G22 -> 0.715 | AW22: =AE22/F22 -> #DIV/0! | AX22: =C22+D22+E22+F22 -> 1353
B23: 20 | C23: 1258 | D23: 136 | E23: 0 | F23: 0 | G23: 204 | H23: 19 | I23: 2 | J23: 0 | K23: 0 | L23: 3 | M23: =C23/H23 -> 66.210526 | N23: =D23/I23 -> 68 | O23: =E23/J23 -> #DIV/0! | P23: =F23/K23 -> #DIV/0! | Q23: =G23/L23 -> 68 | R23: =C23*(0.148363363*0.9) -> 167.977 | S23: =C23*0.04994674 -> 62.832999 | T23: =D23*(0.188888888*0.9) -> 23.12 | U23: =D23*0.05 -> 6.8 | V23: =E23*(0.3*0.9) -> 0 | W23: =E23*0.05 -> 0 | Y23: =F23*0.055 -> 0 | Z23: =G23*(0.188888888*0.9) -> 34.68 | AA23: =G23*0.05 -> 10.2 | AB23: =C23-R23-S23 -> 1027.19 | AC23: =D23-T23-U23 -> 106.08 | AD23: =E23-V23-W23 -> 0 | AE23: =F23-Y23 -> 0 | AF23: =G23-Z23-AA23 -> 159.12 | AG23: =AB23+AC23+AD23+AE23+AF23 -> 1292.39 | AH23: =R23+T23+V23+Z23 -> 225.777 | AI23: =S23+U23+W23+Y23+AA23 -> 79.832999 | AJ23: 0 | AK23: 0 | AL23: =AG23/(C23+D23)*100 -> 92.710904 | AM23: =AG23+AH23+AI23 -> 1598 | AN23: =(R23)/C23*100 -> 13.352703 | AO23: =(T23)/D23*100 -> 17 | AP23: =Z23/G23 -> 0.17 | AS23: =C23+D23+E23 -> 1394 | AT23: =AB23/C23 -> 0.81652623 | AU23: =AC23/D23 -> 0.78 | AV23: =AF23/G23 -> 0.78 | AW23: =AE23/F23 -> #DIV/0! | AX23: =C23+D23+E23+F23 -> 1394
B24: 21 | C24: 840 | D24: 150 | E24: 0 | F24: 120 | G24: 480 | H24: 12.8 | I24: 2.2 | J24: 0 | K24: 2 | L24: 7 | M24: =C24/H24 -> 65.625 | N24: =D24/I24 -> 68.181818 | O24: =E24/J24 -> #DIV/0! | P24: =F24/K24 -> 60 | Q24: =G24/L24 -> 68.571429 | R24: =C24*(0.133333333333333*0.9) -> 100.8 | S24: =C24*0.05 -> 42 | T24: =D24*(0.188888888888888*0.9) -> 25.5 | U24: =D24*0.05 -> 7.5 | V24: =E24*(0.257309941*0.9) -> 0 | W24: =E24*0.052631578 -> 0 | Y24: =F24*0.05 -> 6 | Z24: =G24*(0.188888888888888*0.9) -> 81.6 | AA24: =G24*0.05 -> 24 | AB24: =C24-R24-S24 -> 697.2 | AC24: =D24-T24-U24 -> 117 | AD24: =E24-V24-W24 -> 0 | AE24: =F24-Y24 -> 114 | AF24: =G24-Z24-AA24 -> 374.4 | AG24: =AB24+AC24+AD24+AE24+AF24 -> 1302.6 | AH24: =R24+T24+V24+Z24 -> 207.9 | AI24: =S24+U24+W24+Y24+AA24 -> 79.5 | AJ24: 0 | AK24: 0 | AL24: =AG24/(C24+D24)*100 -> 131.57576 | AM24: =AG24+AH24+AI24 -> 1590 | AN24: =(R24)/C24*100 -> 12 | AO24: =(T24)/D24*100 -> 17 | AP24: =Z24/G24 -> 0.17 | AS24: =C24+D24+E24 -> 990 | AT24: =AB24/C24 -> 0.83 | AU24: =AC24/D24 -> 0.78 | AV24: =AF24/G24 -> 0.78 | AW24: =AE24/F24 -> 0.95 | AX24: =C24+D24+E24+F24 -> 1110
B25: 22 | C25: 1102 | D25: 201 | E25: 0 | F25: 0 | G25: 272 | H25: 17 | I25: 3 | J25: 0 | K25: 0 | L25: 4 | M25: =C25/H25 -> 64.823529 | N25: =D25/I25 -> 67 | O25: =E25/J25 -> #DIV/0! | P25: =F25/K25 -> #DIV/0! | Q25: =G25/L25 -> 68 | R25: =C25*(0.1377495463*0.9) -> 136.62 | S25: =C25*0.05 -> 55.1 | T25: =D25*(0.1979988944*0.9) -> 35.818 | U25: =D25*0.0498706468 -> 10.024 | V25: =E25*(0.222222222222222*0.9) -> 0 | W25: =E25*0.05 -> 0 | Y25: =F25*0.052631579 -> 0 | Z25: =G25*(0.188888888888888*0.9) -> 46.24 | AA25: =G25*0.05 -> 13.6 | AB25: =C25-R25-S25 -> 910.28 | AC25: =D25-T25-U25 -> 155.158 | AD25: =E25-V25-W25 -> 0 | AE25: =F25-Y25 -> 0 | AF25: =G25-Z25-AA25 -> 212.16 | AG25: =AB25+AC25+AD25+AE25+AF25 -> 1277.598 | AH25: =R25+T25+V25+Z25 -> 218.678 | AI25: =S25+U25+W25+Y25+AA25 -> 78.724 | AJ25: 0 | AK25: 0 | AL25: =AG25/(C25+D25+E25)*100 -> 98.050499 | AM25: =AG25+AH25+AI25 -> 1575 | AN25: =(R25)/C25*100 -> 12.397459 | AO25: =(T25)/D25*100 -> 17.8199 | AP25: =Z25/G25 -> 0.17 | AS25: =C25+D25+E25 -> 1303 | AT25: =AB25/C25 -> 0.82602541 | AU25: =AC25/D25 -> 0.77193035 | AV25: =AF25/G25 -> 0.78 | AW25: =AE25/F25 -> #DIV/0! | AX25: =C25+D25+E25+F25 -> 1303
B26: 23 | C26: 1183 | D26: 337 | E26: 0 | F26: 0 | G26: 0 | H26: 19 | I26: 5 | J26: 0 | K26: 0 | L26: 0 | M26: =C26/H26 -> 62.263158 | N26: =D26/I26 -> 67.4 | O26: =E26/J26 -> #DIV/0! | P26: =F26/K26 -> #DIV/0! | Q26: =G26/L26 -> #DIV/0! | R26: =C26*(0.136666666666666*0.9) -> 145.509 | S26: =C26*0.05 -> 59.15 | T26: =D26*(0.1946785361*0.9) -> 59.046 | U26: =D26*0.05 -> 16.85 | V26: =E26*(0.277777777777777*0.9) -> 0 | W26: =E26*0.05 -> 0 | Y26: =F26*0.05 -> 0 | Z26: =G26*(0.277777777*0.9) -> 0 | AA26: =G26*0.05 -> 0 | AB26: =C26-R26-S26 -> 978.341 | AC26: =D26-T26-U26 -> 261.104 | AD26: =E26-V26-W26 -> 0 | AE26: =F26-Y26 -> 0 | AF26: =G26-Z26-AA26 -> 0 | AG26: =AB26+AC26+AD26+AE26+AF26 -> 1239.445 | AH26: =R26+T26+V26+Z26 -> 204.555 | AI26: =S26+U26+W26+Y26+AA26 -> 76 | AJ26: 0 | AK26: 0 | AL26: =AG26/(C26+D26+E26)*100 -> 81.542434 | AM26: =AG26+AH26+AI26 -> 1520 | AN26: =(R26)/C26*100 -> 12.3 | AO26: =(T26)/D26*100 -> 17.521068 | AP26: =Z26/G26 -> #DIV/0! | AS26: =C26+D26+E26 -> 1520 | AT26: =AB26/C26 -> 0.827 | AU26: =AC26/D26 -> 0.77478932 | AV26: =AF26/G26 -> #DIV/0! | AW26: =AE26/F26 -> #DIV/0! | AX26: =C26+D26+E26+F26 -> 1520
B27: 24 | C27: 1540 | D27: 0 | E27: 0 | F27: 0 | G27: 0 | H27: 24 | I27: 0 | J27: 0 | K27: 0 | L27: 0 | M27: =C27/H27 -> 64.166667 | N27: =D27/I27 -> #DIV/0! | O27: =E27/J27 -> #DIV/0! | P27: =F27/K27 -> #DIV/0! | Q27: =G27/L27 -> #DIV/0! | R27: =C27*(0.138888888888888*0.9) -> 192.5 | S27: =C27*0.05 -> 77 | T27: =D27*(0.282051282*0.9) -> 0 | U27: =D27*0.053846153 -> 0 | V27: =E27*(0.188679245*0.9) -> 0 | W27: =E27*0.049056603 -> 0 | Y27: =F27*0.055 -> 0 | Z27: =G27*(0.288800705*0.9) -> 0 | AA27: =G27*0.05 -> 0 | AB27: =C27-R27-S27 -> 1270.5 | AC27: =D27-T27-U27 -> 0 | AD27: =E27-V27-W27 -> 0 | AE27: =F27-Y27 -> 0 | AF27: =G27-Z27-AA27 -> 0 | AG27: =AB27+AC27+AD27+AE27+AF27 -> 1270.5 | AH27: =R27+T27+V27+Z27 -> 192.5 | AI27: =S27+U27+W27+Y27+AA27 -> 77 | AJ27: 0 | AK27: 0 | AL27: =AG27/(C27+D27+E27)*100 -> 82.5 | AM27: =AG27+AH27+AI27 -> 1540 | AN27: =(R27)/C27*100 -> 12.5 | AO27: =(T27)/D27*100 -> #DIV/0! | AP27: =Z27/G27 -> #DIV/0! | AS27: =C27+D27+E27 -> 1540 | AT27: =AB27/C27 -> 0.825 | AU27: =AC27/D27 -> #DIV/0! | AV27: =AF27/G27 -> #DIV/0! | AW27: =AE27/F27 -> #DIV/0! | AX27: =C27+D27+E27+F27 -> 1540
B28: 25 | C28: 1588 | D28: 0 | E28: 0 | F28: 0 | G28: 0 | H28: 24 | I28: 0 | J28: 0 | K28: 0 | L28: 0 | M28: =C28/H28 -> 66.166667 | N28: =D28/I28 -> #DIV/0! | O28: =E28/J28 -> #DIV/0! | P28: =F28/K28 -> #DIV/0! | Q28: =G28/L28 -> #DIV/0! | R28: =C28*(0.144444444444444*0.9) -> 206.44 | S28: =C28*0.05 -> 79.4 | T28: =D28*(0.244444444444444*0.9) -> 0 | U28: =D28*0.055 -> 0 | V28: =E28*(0.27481217888*0.9) -> 0 | W28: =E28*0.0508896799 -> 0 | Y28: =F28*0.055 -> 0 | Z28: =G28*(0.288888888888888*0.9) -> 0 | AA28: =G28*0.05 -> 0 | AB28: =C28-R28-S28 -> 1302.16 | AC28: =D28-T28-U28 -> 0 | AD28: =E28-V28-W28 -> 0 | AE28: =F28-Y28 -> 0 | AF28: =G28-Z28-AA28 -> 0 | AG28: =AB28+AC28+AD28+AE28+AF28 -> 1302.16 | AH28: =R28+T28+V28+Z28 -> 206.44 | AI28: =S28+U28+W28+Y28+AA28 -> 79.4 | AJ28: 0 | AK28: 0 | AL28: =AG28/(C28+D28)*100 -> 82 | AM28: =AG28+AH28+AI28 -> 1588 | AN28: =(R28)/C28*100 -> 13 | AO28: =(T28)/D28*100 -> #DIV/0! | AP28: =Z28/G28 -> #DIV/0! | AS28: =C28+D28+E28 -> 1588 | AT28: =AB28/C28 -> 0.82 | AU28: =AC28/D28 -> #DIV/0! | AV28: =AD28/E28 -> #DIV/0! | AW28: =AE28/F28 -> #DIV/0! | AX28: =C28+D28+E28+F28 -> 1588
B29: 26 | C29: 1337 | D29: 201 | E29: 0 | F29: 0 | G29: 0 | H29: 20.67 | I29: 3 | J29: 0 | K29: 0 | L29: 0 | M29: =C29/H29 -> 64.683116 | N29: =D29/I29 -> 67 | O29: =E29/J29 -> #DIV/0! | P29: =F29/K29 -> #DIV/0! | Q29: =G29/L29 -> #DIV/0! | R29: =C29*(0.136396576*0.9) -> 164.126 | S29: =C29*0.049938668 -> 66.767999 | T29: =D29*(0.188888888*0.9) -> 34.17 | U29: =D29*0.05 -> 10.05 | V29: =E29*(0.277777777777777*0.9) -> 0 | W29: =E29*0.05 -> 0 | Y29: =F29*0.055 -> 0 | Z29: =G29*(0.272222222222222*0.9) -> 0 | AA29: =G29*0.05 -> 0 | AB29: =C29-R29-S29 -> 1106.106 | AC29: =D29-T29-U29 -> 156.78 | AD29: =E29-V29-W29 -> 0 | AE29: =F29-Y29 -> 0 | AF29: =G29-Z29-AA29 -> 0 | AG29: =AB29+AC29+AD29+AE29+AF29 -> 1262.886 | AH29: =R29+T29+V29+Z29 -> 198.296 | AI29: =S29+U29+W29+Y29+AA29 -> 76.817999 | AJ29: 0 | AK29: 0 | AL29: =AG29/(C29+D29)*100 -> 82.112224 | AM29: =AG29+AH29+AI29 -> 1538 | AN29: =(R29)/C29*100 -> 12.275692 | AO29: =(T29)/D29*100 -> 17 | AP29: =Z29/G29 -> #DIV/0! | AS29: =C29+D29+E29 -> 1538 | AT29: =AB29/C29 -> 0.82730441 | AU29: =AC29/D29 -> 0.78 | AV29: =AD29/E29 -> #DIV/0! | AW29: =AE29/F29 -> #DIV/0! | AX29: =C29+D29+E29+F29 -> 1538
B30: 27 | C30: 954 | D30: 0 | E30: 0 | F30: 0 | G30: 201 | H30: 14.48 | I30: 0 | J30: 0 | K30: 0 | L30: 3 | M30: =C30/H30 -> 65.883978 | N30: =D30/I30 -> #DIV/0! | O30: =E30/J30 -> #DIV/0! | P30: =F30/K30 -> #DIV/0! | Q30: =G30/L30 -> 67 | R30: =C30*(0.13289774*0.9) -> 114.106 | S30: =C30*0.049930817 -> 47.633999 | T30: =D30*(0.311111111111111*0.9) -> 0 | U30: =D30*0.05 -> 0 | V30: =E30*(0.282186948*0.9) -> 0 | W30: =E30*0.047619047 -> 0 | Y30: =F30*0.055 -> 0 | Z30: =G30*(0.188888888*0.9) -> 34.17 | AA30: =G30*0.05 -> 10.05 | AB30: =C30-R30-S30 -> 792.26 | AC30: =D30-T30-U30 -> 0 | AD30: =E30-V30-W30 -> 0 | AE30: =F30-Y30 -> 0 | AF30: =G30-Z30-AA30 -> 156.78 | AG30: =AB30+AC30+AD30+AE30+AF30 -> 949.04 | AH30: =R30+T30+V30+Z30 -> 148.276 | AI30: =S30+U30+W30+Y30+AA30 -> 57.683999 | AJ30: 0 | AK30: 0 | AL30: =AG30/(C30+D30)*100 -> 99.480084 | AM30: =AG30+AH30+AI30 -> 1155 | AN30: =(R30)/C30*100 -> 11.960797 | AO30: =(T30)/D30*100 -> #DIV/0! | AP30: =Z30/G30 -> 0.17 | AS30: =C30+D30+E30 -> 954 | AT30: =AB30/C30 -> 0.83046122 | AU30: =AD30/E30 -> #DIV/0! | AV30: =AD30/E30 -> #DIV/0! | AX30: =C30+D30+E30+F30 -> 954
B31: 28 | C31: 1194 | D31: 0 | E31: 0 | F31: 0 | G31: 196 | H31: 17.73 | I31: 0 | J31: 0 | K31: 0 | L31: 3 | M31: =C31/H31 -> 67.343486 | N31: =D31/I31 -> #DIV/0! | O31: =E31/J31 -> #DIV/0! | P31: =F31/K31 -> #DIV/0! | Q31: =G31/L31 -> 65.333333 | R31: =C31*(0.144444444444444*0.9) -> 155.22 | S31: =C31*0.05 -> 59.7 | T31: =D31*(0.325*0.9) -> 0 | U31: =D31*0.05 -> 0 | V31: =E31*(0.288888888888888*0.9) -> 0 | W31: =E31*0.05 -> 0 | Y31: =F31*0.055 -> 0 | Z31: =G31*(0.1911904762*0.9) -> 33.726 | AA31: =G31*0.0499183674 -> 9.784 | AB31: =C31-R31-S31 -> 979.08 | AC31: =D31-T31-U31 -> 0 | AD31: =E31-V31-W31 -> 0 | AE31: =F31-Y31 -> 0 | AF31: =G31-Z31-AA31 -> 152.49 | AG31: =AB31+AC31+AD31+AE31+AF31 -> 1131.57 | AH31: =R31+T31+V31+Z31 -> 188.946 | AI31: =S31+U31+W31+Y31+AA31 -> 69.484 | AJ31: 0 | AK31: 0 | AL31: =AG31/(C31+D31)*100 -> 94.771357 | AM31: =AG31+AH31+AI31 -> 1390 | AN31: =(R31)/C31*100 -> 13 | AO31: =(T31)/D31*100 -> #DIV/0! | AP31: =Z31/G31 -> 0.17207143 | AS31: =C31+D31+E31 -> 1194 | AT31: =AB31/C31 -> 0.82 | AU31: =AD31/E31 -> #DIV/0! | AV31: =AD31/E31 -> #DIV/0! | AX31: =C31+D31+E31+F31 -> 1194
B32: 29 | C32: 1066 | D32: 70 | E32: 0 | F32: 0 | G32: 204 | H32: 15.03 | I32: 1 | J32: 0 | K32: 0 | L32: 3 | M32: =C32/H32 -> 70.924817 | N32: =D32/I32 -> 70 | O32: =E32/J32 -> #DIV/0! | P32: =F32/K32 -> #DIV/0! | Q32: =G32/L32 -> 68 | R32: =C32*(0.138888888888888*0.9) -> 133.25 | S32: =C32*0.05 -> 53.3 | T32: =D32*(0.198*0.9) -> 12.474 | U32: =D32*0.0498714286 -> 3.491 | V32: =E32*(0.288888888888888*0.9) -> 0 | W32: =E32*0.05 -> 0 | Y32: =F32*0.055 -> 0 | Z32: =G32*(0.194444444*0.9) -> 35.7 | AA32: =G32*0.05 -> 10.2 | AB32: =C32-R32-S32 -> 879.45 | AC32: =D32-T32-U32 -> 54.035 | AD32: =E32-V32-W32 -> 0 | AE32: =F32-Y32 -> 0 | AF32: =G32-Z32-AA32 -> 158.1 | AG32: =AB32+AC32+AD32+AE32+AF32 -> 1091.585 | AH32: =R32+T32+V32+Z32 -> 181.424 | AI32: =S32+U32+W32+Y32+AA32 -> 66.991 | AJ32: 0 | AK32: 0 | AL32: =AG32/(C32+D32)*100 -> 96.090229 | AM32: =AG32+AH32+AI32 -> 1340 | AN32: =(R32)/C32*100 -> 12.5 | AO32: =(T32)/D32*100 -> 17.82 | AP32: =Z32/G32 -> 0.175 | AS32: =C32+D32+E32 -> 1136 | AT32: =AB32/C32 -> 0.825 | AU32: =AC32/D32 -> 0.77192857 | AV32: =AF32/G32 -> 0.775 | AX32: =C32+D32+E32+F32 -> 1136
B33: 30 | C33: 1450 | D33: 0 | E33: 0 | F33: 0 | G33: 0 | H33: 22 | I33: 0 | J33: 0 | K33: 0 | L33: 0 | M33: =C33/H33 -> 65.909091 | N33: =D33/I33 -> #DIV/0! | O33: =E33/J33 -> #DIV/0! | P33: =F33/K33 -> #DIV/0! | Q33: =G33/L33 -> #DIV/0! | R33: =C33*(0.138888888888888*0.9) -> 181.25 | S33: =C33*0.05 -> 72.5 | T33: =D33*(0.288888888888888*0.9) -> 0 | U33: =D33*0.05 -> 0 | V33: =E33*(0.288888888888888*0.9) -> 0 | W33: =E33*0.05 -> 0 | Y33: =F33*0.057 -> 0 | Z33: =G33*(0.277777777777777*0.9) -> 0 | AA33: =G33*0.05 -> 0 | AB33: =C33-R33-S33 -> 1196.25 | AC33: =D33-T33-U33 -> 0 | AD33: =E33-V33-W33 -> 0 | AE33: =F33-Y33 -> 0 | AF33: =G33-Z33-AA33 -> 0 | AG33: =AB33+AC33+AD33+AE33+AF33 -> 1196.25 | AH33: =R33+T33+V33+Z33 -> 181.25 | AI33: =S33+U33+W33+Y33+AA33 -> 72.5 | AJ33: 0 | AK33: 0 | AL33: =AG33/(C33+D33)*100 -> 82.5 | AM33: =AG33+AH33+AI33 -> 1450 | AN33: =(R33)/C33*100 -> 12.5 | AO33: =(T33)/D33*100 -> #DIV/0! | AP33: =Z33/G33 -> #DIV/0! | AS33: =C33+D33+E33 -> 1450 | AT33: =AB33/C33 -> 0.825 | AU33: =AC33/D33 -> #DIV/0! | AV33: =AF33/G33 -> #DIV/0! | AX33: =C33+D33+E33+F33 -> 1450
B34: 31 | C34: 0 | D34: 0 | E34: 0 | F34: 0 | G34: 0 | H34: 0 | I34: 0 | J34: 0 | K34: 0 | L34: 0 | M34: =C34/H34 -> #DIV/0! | N34: =D34/I34 -> #DIV/0! | O34: =E34/J34 -> #DIV/0! | P34: =F34/K34 -> #DIV/0! | Q34: =G34/L34 -> #DIV/0! | R34: =C34*(0.1888888889*0.9) -> 0 | S34: =C34*0.05 -> 0 | T34: =D34*(0.3*0.9) -> 0 | U34: =D34*0.05 -> 0 | V34: =E34*(0.277777777777777*0.9) -> 0 | W34: =E34*0.05 -> 0 | Z34: =G34*(0.283333333333333*0.9) -> 0 | AA34: =G34*0.05 -> 0 | AB34: =C34-R34-S34 -> 0 | AC34: =D34-T34-U34 -> 0 | AD34: =E34-V34-W34 -> 0 | AE34: =F34-Y34 -> 0 | AF34: =G34-Z34-AA34 -> 0 | AG34: =AB34+AC34+AD34+AE34+AF34 -> 0 | AH34: =R34+T34+V34+Z34 -> 0 | AI34: =S34+U34+W34+Y34+AA34 -> 0 | AJ34: 0 | AK34: 0 | AL34: =AG34/(C34+D34)*100 -> #DIV/0! | AM34: =AG34+AH34+AI34 -> 0 | AN34: =(R34)/C34*100 -> #DIV/0! | AO34: =(T34)/D34*100 -> #DIV/0! | AP34: =Z34/G34 -> #DIV/0! | AT34: =AB34/C34 -> #DIV/0! | AU34: =AD34/E34 -> #DIV/0! | AV34: =AD34/E34 -> #DIV/0! | AX34: =C34+D34+E34+F34 -> 0
M35: =C35/H35 -> #DIV/0! | N35: =D35/I35 -> #DIV/0! | P35: =F35/K35 -> #DIV/0! | R35: =C35*(0.1*0.9) -> 0 | S35: =C35*0.045 -> 0 | T35: =D35*(0.18*0.9) -> 0 | U35: =D35*0.045 -> 0 | Z35: =G35*(0.288800705*0.9) -> 0 | AA35: =G35*0.05 -> 0 | AB35: =C35-R35-S35-#REF! -> #REF! | AC35: =D35-T35-U35-#REF! -> #REF! | AD35: =E35-V35-W35 -> 0 | AE35: =F35-Y35 -> 0 | AF35: =G35-Z35-AA35 -> 0 | AG35: =AB35+AC35+AD35+AE35+AF35 -> #REF! | AH35: =R35+T35+V35+Z35 -> 0 | AI35: =S35+U35+W35+Y35+AA35 -> 0 | AL35: =AG35/(C35+D35)*100 -> #REF! | AM35: =AG35+AH35+#REF!+AI35 -> #REF! | AN35: =(R35+#REF!)/C35*100 -> #REF! | AT35: =AB35/C35 -> #REF! | AU35: =AD35/E35 -> #DIV/0! | AX35: =C35+D35+E35+F35 -> 0
M36: =C36/H36 -> #DIV/0! | N36: =D36/I36 -> #DIV/0! | R36: =C36*(0.1*0.9) -> 0 | S36: =C36*0.045 -> 0 | T36: =D36*(0.18*0.9) -> 0 | U36: =D36*0.045 -> 0 | AA36: =G36*0.05 -> 0 | AB36: =C36-R36-S36-#REF! -> #REF! | AC36: =D36-T36-U36-#REF! -> #REF! | AG36: =AB36+AC36 -> #REF! | AH36: =R36+T36+V36+Z36 -> 0 | AI36: =S36+U36+W36+Y36+AA36 -> 0 | AL36: =AG36/(C36+D36)*100 -> #REF! | AM36: =AG36+AH36+#REF!+AI36 -> #REF! | AN36: =(R36+#REF!)/C36*100 -> #REF! | AX36: =C36+D36+E36+F36 -> 0
M37: =C37/H37 -> #DIV/0! | N37: =D37/I37 -> #DIV/0! | R37: =C37*(0.1*0.9) -> 0 | S37: =C37*0.045 -> 0 | T37: =D37*(0.18*0.9) -> 0 | U37: =D37*0.045 -> 0 | AA37: =G37*0.05 -> 0 | AB37: =C37-R37-S37-#REF! -> #REF! | AC37: =D37-T37-U37-#REF! -> #REF! | AG37: =AB37+AC37 -> #REF! | AH37: =R37+T37 -> 0 | AI37: =S37+U37+W37+Y37+AA37 -> 0 | AL37: =AG37/(C37+D37)*100 -> #REF! | AN37: =(R37+#REF!)/C37*100 -> #REF!
M38: =C38/H38 -> #DIV/0! | N38: =D38/I38 -> #DIV/0! | R38: =C38*(0.1*0.9) -> 0 | S38: =C38*0.045 -> 0 | T38: =D38*(0.18*0.9) -> 0 | U38: =D38*0.045 -> 0 | AA38: =G38*0.05 -> 0 | AB38: =C38-R38-S38-#REF! -> #REF! | AC38: =D38-T38-U38-#REF! -> #REF! | AG38: =AB38+AC38 -> #REF! | AH38: =R38+T38 -> 0 | AI38: =S38+U38+W38+Y38+AA38 -> 0 | AL38: =AG38/(C38+D38)*100 -> #REF! | AN38: =(R38+#REF!)/C38*100 -> #REF!
M39: =C39/H39 -> #DIV/0! | N39: =D39/I39 -> #DIV/0! | R39: =C39*(0.1*0.9) -> 0 | S39: =C39*0.045 -> 0 | T39: =D39*(0.18*0.9) -> 0 | U39: =D39*0.045 -> 0 | AB39: =C39-R39-S39-#REF! -> #REF! | AC39: =D39-T39-U39-#REF! -> #REF! | AG39: =AB39+AC39 -> #REF! | AH39: =R39+T39 -> 0 | AI39: =S39+U39+W39+Y39 -> 0 | AL39: =AG39/(C39+D39)*100 -> #REF! | AN39: =(R39+#REF!)/C39*100 -> #REF!
A40: MTD | B40: Total | C40: =SUM(C4:C33) -> 36737 | D40: =SUM(D4:D33) -> 1932 | E40: =SUM(E4:E33) -> 0 | F40: =SUM(F4:F33) -> 185 | H40: =SUM(H4:H33) -> 559.36 | I40: =SUM(I4:I33) -> 28.2 | J40: =SUM(J4:J33) -> 0 | K40: =SUM(K4:K33) -> 3 | M40: =SUM(M4:M33) -> 1971.8487 | N40: =SUM(N4:N33) -> #DIV/0! | O40: =SUM(O4:O33) -> #DIV/0! | P40: =SUM(P4:P33) -> #DIV/0! | R40: =SUM(R4:R33) -> 5496.5555 | S40: =SUM(S4:S33) -> 1841.536 | T40: =SUM(T4:T33) -> 391.23 | U40: =SUM(U4:U33) -> 97.213 | V40: =SUM(V4:V33) -> 0 | W40: =SUM(W4:W33) -> 0 | Y40: =SUM(Y4:Y33) -> 9.087 | AB40: =SUM(AB4:AB33) -> 29398.909 | AC40: =SUM(AC4:AC33) -> 1443.557 | AD40: =SUM(AD4:AD33) -> 0 | AE40: =SUM(AE4:AE33) -> 175.913 | AG40: =SUM(AG4:AG33) -> 34311.799 | AH40: =SUM(AH4:AH33) -> 6852.0795 | AI40: =SUM(AI4:AI33) -> 2174.122 | AL40: =SUM(AL4:AL33) -> 2689.2761 | AM40: =SUM(AM4:AM33) -> 43338 | AN40: =SUM(AN4:AN33) -> 448.82542 | AO40: =SUM(AO4:AO33) -> #DIV/0! | AP40: =SUM(AP4:AP33) -> #DIV/0! | AQ40: =SUM(AQ4:AQ33) -> 0 | AR40: =SUM(AR4:AR33) -> 409.15 | AS40: =SUM(AS4:AS33) -> 38669 | ... AX40: =SUM(AX4:AX33) -> 38854
A41: MTD | B41: Total | C41: =SUM(C30:C40) -> 41401 | D41: =SUM(D30:D40) -> 2002 | H41: =SUM(H30:H40) -> 628.6 | I41: =SUM(I30:I40) -> 29.2 | M41: =SUM(M30:M40) -> #DIV/0! | N41: =SUM(N30:N40) -> #DIV/0! | R41: =SUM(R30:R40) -> 6080.3815 | S41: =SUM(S30:S40) -> 2074.67 | T41: =SUM(T30:T40) -> 403.704 | U41: =SUM(U30:U40) -> 100.704 | AB41: =SUM(AB30:AB40) -> #REF! | AC41: =SUM(AC30:AC40) -> #REF! | AG41: =SUM(AG4:AG34) -> 34311.799 | AH41: =SUM(AH30:AH40) -> 7551.9755 | AI41: =SUM(AI30:AI40) -> 2440.781 | AN41: =(R41+#REF!)/C41*100 -> #REF!
A42: YTD | AN42: =(R42+#REF!)/C42*100 -> #REF!
A43: YTD | AN43: #DIV/0!
B45: strex | C45: 1600 | D45: kg | H45: 8000 | I45: lit
C46: =[2]Cement!G30*1600/8000 -> 0.048 | D46: kg | H46: 13500 | I46: lit
R53: =200/85 -> 2.3529412 | T53: =24-2.35 -> 21.65

Sheet DAILY CEM2
B2: DEC | C2: Cement Production | H2: Rng Hrs | M2: TPH42.5 | N2: TPH32.5 | O2: TPH42.5N | P2: TPH OPC | Q2: Lime Stone in 42.5 | R2: Gypsum In 42.5 | S2: Lime Stone in 32.5 | T2: Gypsum In 32.5 | U2: Lime Stone in 42.5N | V2: Gypsum In 42.5N | W2: Lime Stone in opc | X2: Gypsum In OPC | Y2: Limestone 42.5N BM | Z2: Gypsum 42.5N BM | AA2: Clinker In 42.5 | AB2: Clinker in 32.5 | AC2: Clinker in 42.5N | AD2: Clinker in OPC | AE2: Clinker in 42.5N BM | AF2: Total clinker | AG2: Total LS 1 | AH2: Total GY | AI2: Mapi (lit) | AJ2: Strex (Lit) | AK2: %cli | AL2: total cement | AM2: 42.5 | AN2: 32.5 | AO2: 42.5N
B3: date | C3: 42.5 | D3: 32.5 | E3: 42.5N | F3: OPC | G3: 42.5N BM | H3: 42.5 | I3: 32.5 | J3: 42.5N | K3: OPC | L3: 42.5N BM
B4: 1 | C4: 1240 | D4: 0 | E4: 0 | F4: 224 | G4: 0 | H4: 20 | I4: 0 | J4: 0 | K4: 4 | L4: 0 | M4: =C4/H4 -> 62 | N4: =D4/I4 -> #DIV/0! | O4: =G4/L4 -> #DIV/0! | P4: =F4/K4 -> 56 | Q4: =C4*(0.188888888888888*0.9) -> 210.8 | R4: =C4*0.05 -> 62 | S4: =D4*(0.3*0.9) -> 0 | T4: =D4*0.05 -> 0 | U4: =E4*(0.316666666666666*0.9) -> 0 | V4: =E4*0.052 -> 0 | W4: =F4*(0*0.9) -> 0 | X4: =F4*0.05 -> 11.2 | Y4: =G4*(0.314009661*0.9) -> 0 | Z4: =G4*0.05 -> 0 | AA4: =C4-Q4-R4 -> 967.2 | AB4: =D4-S4-T4 -> 0 | AC4: =E4-U4-V4 -> 0 | AD4: =F4-W4-X4 -> 212.8 | AE4: =G4-Y4-Z4 -> 0 | AF4: =AA4+AB4+AC4+AD4+AE4 -> 1180 | AG4: =Q4+S4+U4+Y4 -> 210.8 | AH4: =R4+T4+V4+X4+Z4 -> 73.2 | AI4: 0 | AJ4: 0 | AK4: =AF4/(C4+D4)*100 -> 95.16129 | AL4: =AF4+AG4+AH4 -> 1464 | AM4: =(Q4)/C4*100 -> 17 | AN4: =(S4)/D4*100 -> #DIV/0! | AO4: =Y4/G4 -> #DIV/0! | AQ4: =AA4/C4 -> 0.78 | AR4: =AB4/D4 -> #DIV/0! | AS4: =AC4/E4 -> #DIV/0! | AT4: =AD4/F4 -> 0.95 | AU4: =C4+D4+E4+F4 -> 1464 | AV4: =H4+I4+K4+L4 -> 24
B5: 2 | C5: 1004 | D5: 0 | E5: 0 | F5: 170 | G5: 0 | H5: 16.25 | I5: 0 | J5: 0 | K5: 3 | L5: 0 | M5: =C5/H5 -> 61.784615 | N5: =D5/I5 -> #DIV/0! | O5: =G5/L5 -> #DIV/0! | P5: =F5/K5 -> 56.666667 | Q5: =C5*(0.2*0.9) -> 180.72 | R5: =C5*0.05 -> 50.2 | S5: =D5*(0.290598291*0.9) -> 0 | T5: =D5*0.050769232 -> 0 | U5: =E5*(0.316666666666666*0.9) -> 0 | V5: =E5*0.05 -> 0 | W5: =F5*(0*0.9) -> 0 | X5: =F5*0.05 -> 8.5 | Y5: =G5*(0.310990338*0.9) -> 0 | Z5: =G5*0.050271739 -> 0 | AA5: =C5-Q5-R5 -> 773.08 | AB5: =D5-S5-T5 -> 0 | AC5: =E5-U5-V5 -> 0 | AD5: =F5-W5-X5 -> 161.5 | AE5: =G5-Y5-Z5 -> 0 | AF5: =AA5+AB5+AC5+AD5+AE5 -> 934.58 | AG5: =Q5+S5+U5+Y5 -> 180.72 | AH5: =R5+T5+V5+X5+Z5 -> 58.7 | AI5: 0 | AJ5: 0 | AK5: =AF5/(C5+D5)*100 -> 93.085657 | AL5: =AF5+AG5+AH5 -> 1174 | AM5: =(Q5)/C5*100 -> 18 | AN5: =(S5)/D5*100 -> #DIV/0! | AO5: =Y5/G5 -> #DIV/0! | AQ5: =AA5/C5 -> 0.77 | AR5: =AB5/D5 -> #DIV/0! | AS5: =AC5/E5 -> #DIV/0! | AT5: =AD5/F5 -> 0.95 | AU5: =C5+D5+E5+F5 -> 1174 | AV5: =H5+I5+K5+L5 -> 19.25
B6: 3 | C6: 1269 | D6: 0 | E6: 0 | F6: 114 | G6: 0 | H6: 21.25 | I6: 0 | J6: 0 | K6: 2 | L6: 0 | M6: =C6/H6 -> 59.717647 | N6: =D6/I6 -> #DIV/0! | O6: =G6/L6 -> #DIV/0! | P6: =F6/K6 -> 57 | Q6: =C6*(0.2*0.9) -> 228.42 | R6: =C6*0.05 -> 63.45 | S6: =D6*(0.222222222222222*0.9) -> 0 | T6: =D6*0.05 -> 0 | U6: =E6*(0.332318622*0.9) -> 0 | V6: =E6*0.0472146111 -> 0 | W6: =F6*(0*0.9) -> 0 | X6: =F6*0.05 -> 5.7 | Y6: =G6*(0.316666666666666*0.9) -> 0 | Z6: =G6*0.052 -> 0 | AA6: =C6-Q6-R6 -> 977.13 | AB6: =D6-S6-T6 -> 0 | AC6: =E6-U6-V6 -> 0 | AD6: =F6-W6-X6 -> 108.3 | AE6: =G6-Y6-Z6 -> 0 | AF6: =AA6+AB6+AC6+AD6+AE6 -> 1085.43 | AG6: =Q6+S6+U6+Y6 -> 228.42 | AH6: =R6+T6+V6+X6+Z6 -> 69.15 | AI6: 0 | AJ6: 0 | AK6: =AF6/(C6+D6)*100 -> 85.534279 | AL6: =AF6+AG6+AH6 -> 1383 | AM6: =(Q6)/C6*100 -> 18 | AN6: =(S6)/D6*100 -> #DIV/0! | AO6: =Y6/G6 -> #DIV/0! | AQ6: =AA6/C6 -> 0.77 | AR6: =AB6/D6 -> #DIV/0! | AS6: =AC6/E6 -> #DIV/0! | AT6: =AD6/F6 -> 0.95 | AU6: =C6+D6+E6+F6 -> 1383 | AV6: =H6+I6+K6+L6 -> 23.25
B7: 4 | C7: 1201 | D7: 0 | E7: 0 | F7: 0 | G7: 0 | H7: 20.6 | I7: 0 | J7: 0 | K7: 0 | L7: 0 | M7: =C7/H7 -> 58.300971 | N7: =D7/I7 -> #DIV/0! | O7: =G7/L7 -> #DIV/0! | P7: =F7/K7 -> #DIV/0! | Q7: =C7*(0.188888888888888*0.9) -> 204.17 | R7: =C7*0.05 -> 60.05 | S7: =D7*(0.311111111111111*0.9) -> 0 | T7: =D7*0.05 -> 0 | U7: =E7*(0.288194444444444*0.9) -> 0 | V7: =E7*0.05 -> 0 | W7: =F7*(0*0.9) -> 0 | X7: =F7*0.05 -> 0 | Y7: =G7*(0.316666666666666*0.9) -> 0 | Z7: =G7*0.052 -> 0 | AA7: =C7-Q7-R7 -> 936.78 | AB7: =D7-S7-T7 -> 0 | AC7: =E7-U7-V7 -> 0 | AD7: =F7-W7-X7 -> 0 | AE7: =G7-Y7-Z7 -> 0 | AF7: =AA7+AB7+AC7+AD7+AE7 -> 936.78 | AG7: =Q7+S7+U7+Y7 -> 204.17 | AH7: =R7+T7+V7+X7+Z7 -> 60.05 | AI7: 0 | AJ7: 0 | AK7: =AF7/(C7+D7)*100 -> 78 | AL7: =AF7+AG7+AH7 -> 1201 | AM7: =(Q7)/C7*100 -> 17 | AN7: =(S7)/D7*100 -> #DIV/0! | AO7: =Y7/G7 -> #DIV/0! | AP7: =(#REF!/C7)*100 -> #REF! | AQ7: =AA7/C7 -> 0.78 | AR7: =AB7/D7 -> #DIV/0! | AS7: =AC7/E7 -> #DIV/0! | AT7: =AD7/F7 -> #DIV/0! | AU7: =C7+D7+E7+F7 -> 1201 | AV7: =H7+I7+K7+L7 -> 20.6
B8: 5 | C8: 898 | D8: 0 | E8: 0 | F8: 0 | G8: 0 | H8: 15.92 | I8: 0 | J8: 0 | K8: 0 | L8: 0 | M8: =C8/H8 -> 56.407035 | N8: =D8/I8 -> #DIV/0! | O8: =G8/L8 -> #DIV/0! | P8: =F8/K8 -> #DIV/0! | Q8: =C8*(0.1979967833*0.9) -> 160.021 | R8: =C8*0.050002227 -> 44.902 | S8: =D8*(0.311111111111111*0.9) -> 0 | T8: =D8*0.05 -> 0 | U8: =E8*(0.302222222222222*0.9) -> 0 | V8: =E8*0.052 -> 0 | W8: =F8*(0*0.9) -> 0 | X8: =F8*0.048484848 -> 0 | Y8: =G8*(0.313051146*0.9) -> 0 | Z8: =G8*0.051587301 -> 0 | AA8: =C8-Q8-R8 -> 693.077 | AB8: =D8-S8-T8 -> 0 | AC8: =E8-U8-V8 -> 0 | AD8: =F8-W8-X8 -> 0 | AE8: =G8-Y8-Z8 -> 0 | AF8: =AA8+AB8+AC8+AD8+AE8 -> 693.077 | AG8: =Q8+S8+U8+Y8 -> 160.021 | AH8: =R8+T8+V8+X8+Z8 -> 44.902 | AI8: 0 | AJ8: 0 | AK8: =AF8/(C8+D8)*100 -> 77.180067 | AL8: =AF8+AG8+AH8 -> 898 | AM8: =(Q8)/C8*100 -> 17.81971 | AN8: =(S8)/D8*100 -> #DIV/0! | AO8: =Y8/G8 -> #DIV/0! | AP8: =#REF!/C8 -> #REF! | AQ8: =AA8/C8 -> 0.77180067 | AR8: =AB8/D8 -> #DIV/0! | AS8: =AC8/E8 -> #DIV/0! | AT8: =AD8/F8 -> #DIV/0! | AU8: =C8+D8+E8+F8 -> 898 | AV8: =H8+I8+K8+L8 -> 15.92
B9: 6 | C9: 598 | D9: 0 | E9: 0 | F9: 0 | G9: 0 | H9: 9.71 | I9: 0 | J9: 0 | K9: 0 | L9: 0 | M9: =C9/H9 -> 61.585994 | N9: =D9/I9 -> #DIV/0! | O9: =G9/L9 -> #DIV/0! | P9: =F9/K9 -> #DIV/0! | Q9: =C9*(0.2*0.9) -> 107.64 | R9: =C9*0.049993311 -> 29.896 | S9: =D9*(0.311447811111111*0.9) -> 0 | T9: =D9*0.05 -> 0 | U9: =E9*(0.250201288888*0.9) -> 0 | V9: =E9*0.05 -> 0 | W9: =F9*(0*0.9) -> 0 | X9: =F9*0.05 -> 0 | Y9: =G9*(0.316666666666666*0.9) -> 0 | Z9: =G9*0.052 -> 0 | AA9: =C9-Q9-R9 -> 460.464 | AB9: =D9-S9-T9 -> 0 | AC9: =E9-U9-V9 -> 0 | AD9: =F9-W9-X9 -> 0 | AE9: =G9-Y9-Z9 -> 0 | AF9: =AA9+AB9+AC9+AD9+AE9 -> 460.464 | AG9: =Q9+S9+U9+Y9 -> 107.64 | AH9: =R9+T9+V9+X9+Z9 -> 29.896 | AI9: 0 | AJ9: 0 | AK9: =AF9/(C9+D9)*100 -> 77.000669 | AL9: =AF9+AG9+AH9 -> 598 | AM9: =(Q9)/C9*100 -> 18 | AN9: =(S9)/D9*100 -> #DIV/0! | AO9: =Y9/G9 -> #DIV/0! | AQ9: =AA9/C9 -> 0.77000669 | AR9: =AB9/D9 -> #DIV/0! | AS9: =AC9/E9 -> #DIV/0! | AT9: =AD9/F9 -> #DIV/0! | AU9: =C9+D9+E9+F9 -> 598 | AV9: =H9+I9+K9+L9 -> 9.71
B10: 7 | C10: 0 | D10: 0 | E10: 0 | F10: 0 | G10: 0 | H10: 0 | I10: 0 | J10: 0 | K10: 0 | L10: 0 | M10: =C10/H10 -> #DIV/0! | N10: =D10/I10 -> #DIV/0! | O10: =G10/L10 -> #DIV/0! | P10: =F10/K10 -> #DIV/0! | Q10: =C10*(0.188888888888888*0.9) -> 0 | R10: =C10*0.05 -> 0 | S10: =D10*(0.192192192*0.9) -> 0 | T10: =D10*0.048648648 -> 0 | U10: =E10*(0.288888888888888*0.9) -> 0 | V10: =E10*0.05 -> 0 | W10: =F10*(0*0.9) -> 0 | X10: =F10*0.05 -> 0 | Y10: =G10*(0.288888888888888*0.9) -> 0 | Z10: =G10*0.05 -> 0 | AA10: =C10-Q10-R10 -> 0 | AB10: =D10-S10-T10 -> 0 | AC10: =E10-U10-V10 -> 0 | AD10: =F10-W10-X10 -> 0 | AE10: =G10-Y10-Z10 -> 0 | AF10: =AA10+AB10+AC10+AD10+AE10 -> 0 | AG10: =Q10+S10+U10+Y10 -> 0 | AH10: =R10+T10+V10+X10+Z10 -> 0 | AI10: 0 | AJ10: 0 | AK10: =AF10/(C10+D10)*100 -> #DIV/0! | AL10: =AF10+AG10+AH10 -> 0 | AM10: =(Q10)/C10*100 -> #DIV/0! | AN10: =(S10)/D10*100 -> #DIV/0! | AO10: =Y10/G10 -> #DIV/0! | AQ10: =AA10/C10 -> #DIV/0! | AR10: =AB10/D10 -> #DIV/0! | AS10: =AC10/E10 -> #DIV/0! | AT10: =AD10/F10 -> #DIV/0! | AU10: =C10+D10+E10+F10 -> 0 | AV10: =H10+I10+K10+L10 -> 0
B11: 8 | C11: 0 | D11: 0 | E11: 0 | F11: 0 | G11: 0 | H11: 0 | I11: 0 | J11: 0 | K11: 0 | L11: 0 | M11: =C11/H11 -> #DIV/0! | N11: =D11/I11 -> #DIV/0! | O11: =G11/L11 -> #DIV/0! | P11: =F11/K11 -> #DIV/0! | Q11: =C11*(0.2*0.9) -> 0 | R11: =C11*0.049997212 -> 0 | S11: =D11*(0.23148148148*0.9) -> 0 | T11: =D11*0.0416666666666666 -> 0 | U11: =E11*(0.277777777777777*0.9) -> 0 | V11: =E11*0.05 -> 0 | W11: =F11*(0*0.9) -> 0 | X11: =F11*0.05 -> 0 | Y11: =G11*(0.316666666666666*0.9) -> 0 | Z11: =G11*0.052 -> 0 | AA11: =C11-Q11-R11 -> 0 | AB11: =D11-S11-T11 -> 0 | AC11: =E11-U11-V11 -> 0 | AD11: =F11-W11-X11 -> 0 | AE11: =G11-Y11-Z11 -> 0 | AF11: =AA11+AB11+AC11+AD11+AE11 -> 0 | AG11: =Q11+S11+U11+Y11 -> 0 | AH11: =R11+T11+V11+X11+Z11 -> 0 | AI11: 0 | AJ11: 0 | AK11: =AF11/(C11+D11)*100 -> #DIV/0! | AL11: =AF11+AG11+AH11 -> 0 | AM11: =(Q11)/C11*100 -> #DIV/0! | AN11: =(S11)/D11*100 -> #DIV/0! | AO11: =Y11/G11 -> #DIV/0! | AQ11: =AA11/C11 -> #DIV/0! | AR11: =AB11/D11 -> #DIV/0! | AS11: =AC11/E11 -> #DIV/0! | AT11: =AD11/F11 -> #DIV/0! | AU11: =C11+D11+E11+F11 -> 0 | AV11: =H11+I11+K11+L11 -> 0
A12: 42.5N | B12: 9 | C12: 0 | D12: 0 | E12: 0 | F12: 85 | G12: 0 | H12: 0 | I12: 0 | J12: 0 | K12: 1.47 | L12: 0 | M12: =C12/H12 -> #DIV/0! | N12: =D12/I12 -> #DIV/0! | O12: =G12/L12 -> #DIV/0! | P12: =F12/K12 -> 57.823129 | Q12: =C12*(0.198875*0.9) -> 0 | R12: =C12*0.05100625 -> 0 | S12: =D12*(0.3*0.9) -> 0 | T12: =D12*0.05 -> 0 | U12: =E12*(0.258258258258258*0.9) -> 0 | V12: =E12*0.054054054054 -> 0 | W12: =F12*(0*0.9) -> 0 | X12: =F12*0.05 -> 4.25 | Y12: =G12*(0.311111111*0.9) -> 0 | Z12: =G12*0.05 -> 0 | AA12: =C12-Q12-R12 -> 0 | AB12: =D12-S12-T12 -> 0 | AC12: =E12-U12-V12 -> 0 | AD12: =F12-W12-X12 -> 80.75 | AE12: =G12-Y12-Z12 -> 0 | AF12: =AA12+AB12+AC12+AD12+AE12 -> 80.75 | AG12: =Q12+S12+U12+Y12 -> 0 | AH12: =R12+T12+V12+X12+Z12 -> 4.25 | AI12: 0 | AJ12: 0 | AK12: =AF12/(C12+D12)*100 -> #DIV/0! | AL12: =AF12+AG12+AH12 -> 85 | AM12: =(Q12)/C12*100 -> #DIV/0! | AN12: =(S12)/D12*100 -> #DIV/0! | AO12: =Y12/G12 -> #DIV/0! | AQ12: =AA12/C12 -> #DIV/0! | AR12: =AB12/D12 -> #DIV/0! | AS12: =AC12/E12 -> #DIV/0! | AT12: =AD12/F12 -> 0.95 | AU12: =C12+D12+E12+F12 -> 85 | AV12: =H12+I12+K12+L12 -> 1.47
B13: 10 | C13: 752 | D13: 220 | E13: 0 | F13: 114 | G13: 120 | H13: 13.65 | I13: 3.5 | J13: 0 | K13: 2 | L13: 2 | M13: =C13/H13 -> 55.091575 | N13: =D13/I13 -> 62.857143 | O13: =G13/L13 -> 60 | P13: =F13/K13 -> 57 | Q13: =C13*(0.166666666666666*0.9) -> 112.8 | R13: =C13*0.05 -> 37.6 | S13: =D13*(0.255555555555555*0.9) -> 50.6 | T13: =D13*0.05 -> 11 | U13: =E13*(0.31099353333*0.9) -> 0 | V13: =E13*0.05026455 -> 0 | W13: =F13*(0*0.9) -> 0 | X13: =F13*0.05 -> 5.7 | Y13: =G13*(0.255555555555555*0.9) -> 27.6 | Z13: =G13*0.05 -> 6 | AA13: =C13-Q13-R13 -> 601.6 | AB13: =D13-S13-T13 -> 158.4 | AC13: =E13-U13-V13 -> 0 | AD13: =F13-W13-X13 -> 108.3 | AE13: =G13-Y13-Z13 -> 86.4 | AF13: =AA13+AB13+AC13+AD13+AE13 -> 954.7 | AG13: =Q13+S13+U13+Y13 -> 191 | AH13: =R13+T13+V13+X13+Z13 -> 60.3 | AI13: 0 | AJ13: 0 | AK13: =AF13/(C13+D13)*100 -> 98.220165 | AL13: =AF13+AG13+AH13 -> 1206 | AM13: =(Q13)/C13*100 -> 15 | AN13: =(S13)/D13*100 -> 23 | AO13: =Y13/G13 -> 0.23 | AQ13: =AA13/C13 -> 0.8 | AR13: =AB13/D13 -> 0.72 | AS13: =AC13/E13 -> #DIV/0! | AT13: =AD13/F13 -> 0.95 | AU13: =C13+D13+E13+F13 -> 1086 | AV13: =H13+I13+K13+L13 -> 21.15
B14: 11 | C14: 1390 | D14: 0 | E14: 0 | F14: 0 | G14: 0 | H14: 22.92 | I14: 0 | J14: 0 | K14: 0 | L14: 0 | M14: =C14/H14 -> 60.645724 | N14: =D14/I14 -> #DIV/0! | O14: =G14/L14 -> #DIV/0! | P14: =F14/K14 -> #DIV/0! | Q14: =C14*(0.166666666666666*0.9) -> 208.5 | R14: =C14*0.05 -> 69.5 | S14: =D14*(0.3*0.9) -> 0 | T14: =D14*0.05 -> 0 | U14: =E14*(0.288888888888888*0.9) -> 0 | V14: =E14*0.05 -> 0 | W14: =F14*(0*0.9) -> 0 | X14: =F14*0.05 -> 0 | Y14: =G14*(0.316666666666666*0.9) -> 0 | Z14: =G14*0.052 -> 0 | AA14: =C14-Q14-R14 -> 1112 | AB14: =D14-S14-T14 -> 0 | AC14: =E14-U14-V14 -> 0 | AD14: =F14-W14-X14 -> 0 | AE14: =G14-Y14-Z14 -> 0 | AF14: =AA14+AB14+AC14+AD14+AE14 -> 1112 | AG14: =Q14+S14+U14+Y14 -> 208.5 | AH14: =R14+T14+V14+X14+Z14 -> 69.5 | AI14: 0 | AJ14: 0 | AK14: =AF14/(C14+D14)*100 -> 80 | AL14: =AF14+AG14+AH14 -> 1390 | AM14: =(Q14)/C14*100 -> 15 | AN14: =(S14)/D14*100 -> #DIV/0! | AO14: =Y14/G14 -> #DIV/0! | AQ14: =AA14/C14 -> 0.8 | AR14: =AB14/D14 -> #DIV/0! | AS14: =AC14/E14 -> #DIV/0! | AT14: =AD14/F14 -> #DIV/0! | AU14: =C14+D14+E14+F14 -> 1390 | AV14: =H14+I14+K14+L14 -> 22.92
B15: 12 | C15: 1230 | D15: 0 | E15: 0 | F15: 110 | G15: 0 | H15: 20.75 | I15: 0 | J15: 0 | K15: 2 | L15: 0 | M15: =C15/H15 -> 59.277108 | N15: =D15/I15 -> #DIV/0! | O15: =G15/L15 -> #DIV/0! | P15: =F15/K15 -> 55 | Q15: =C15*(0.186463414*0.9) -> 206.415 | R15: =C15*0.050060975 -> 61.574999 | S15: =D15*(0.311111111111111*0.9) -> 0 | T15: =D15*0.05 -> 0 | U15: =E15*(0.322222222222222*0.9) -> 0 | V15: =E15*0.05 -> 0 | W15: =F15*(0*0.9) -> 0 | X15: =F15*0.05 -> 5.5 | Y15: =G15*(0.3*0.9) -> 0 | Z15: =G15*0.051 -> 0 | AA15: =C15-Q15-R15 -> 962.01 | AB15: =D15-S15-T15 -> 0 | AC15: =E15-U15-V15 -> 0 | AD15: =F15-W15-X15 -> 104.5 | AE15: =G15-Y15-Z15 -> 0 | AF15: =AA15+AB15+AC15+AD15+AE15 -> 1066.51 | AG15: =Q15+S15+U15+Y15 -> 206.415 | AH15: =R15+T15+V15+X15+Z15 -> 67.074999 | AI15: 0 | AJ15: 0 | AK15: =AF15/(C15+D15)*100 -> 86.70813 | AL15: =AF15+AG15+AH15 -> 1340 | AM15: =(Q15)/C15*100 -> 16.781707 | AN15: =(S15)/D15*100 -> #DIV/0! | AO15: =Y15/G15 -> #DIV/0! | AQ15: =AA15/C15 -> 0.78212195 | AR15: =AB15/D15 -> #DIV/0! | AS15: =AC15/E15 -> #DIV/0! | AT15: =AD15/F15 -> 0.95 | AU15: =C15+D15+E15+F15 -> 1340 | AV15: =H15+I15+K15+L15 -> 22.75
B16: 13 | C16: 1176 | D16: 0 | E16: 0 | F16: 56 | G16: 0 | H16: 21 | I16: 0 | J16: 0 | K16: 1 | L16: 0 | M16: =C16/H16 -> 56 | N16: =D16/I16 -> #DIV/0! | O16: =G16/L16 -> #DIV/0! | P16: =F16/K16 -> 56 | Q16: =C16*(0.190495086*0.9) -> 201.62 | R16: =C16*0.05 -> 58.8 | S16: =D16*(0.277777777777777*0.9) -> 0 | T16: =D16*0.05 -> 0 | U16: =E16*(0.288888888888888*0.9) -> 0 | V16: =E16*0.05 -> 0 | W16: =F16*(0*0.9) -> 0 | X16: =F16*0.05 -> 2.8 | Y16: =G16*(0.3*0.9) -> 0 | Z16: =G16*0.05 -> 0 | AA16: =C16-Q16-R16 -> 915.58 | AB16: =D16-S16-T16 -> 0 | AC16: =E16-U16-V16 -> 0 | AD16: =F16-W16-X16 -> 53.2 | AE16: =G16-Y16-Z16 -> 0 | AF16: =AA16+AB16+AC16+AD16+AE16 -> 968.78 | AG16: =Q16+S16+U16+Y16 -> 201.62 | AH16: =R16+T16+V16+X16+Z16 -> 61.6 | AI16: 0 | AJ16: 0 | AK16: =AF16/(C16+D16)*100 -> 82.379252 | AL16: =AF16+AG16+AH16 -> 1232 | AM16: =(Q16)/C16*100 -> 17.144558 | AN16: =(S16)/D16*100 -> #DIV/0! | AO16: =Y16/G16 -> #DIV/0! | AQ16: =AA16/C16 -> 0.77855442 | AR16: =AB16/D16 -> #DIV/0! | AS16: =AC16/E16 -> #DIV/0! | AT16: =AD16/F16 -> 0.95 | AU16: =C16+D16+E16+F16 -> 1232 | AV16: =H16+I16+K16+L16 -> 22
B17: 14 | C17: 1270 | D17: 0 | E17: 0 | F17: 0 | G17: 0 | H17: 20.82 | I17: 0 | J17: 0 | K17: 0 | L17: 0 | M17: =C17/H17 -> 60.999039 | N17: =D17/I17 -> #DIV/0! | O17: =G17/L17 -> #DIV/0! | P17: =F17/K17 -> #DIV/0! | Q17: =C17*(0.177777777777778*0.9) -> 203.2 | R17: =C17*0.05 -> 63.5 | S17: =D17*(0.3*0.9) -> 0 | T17: =D17*0.05 -> 0 | U17: =E17*(0.247531636*0.9) -> 0 | V17: =E17*0.051314142 -> 0 | W17: =F17*(0*0.9) -> 0 | X17: =F17*0.05 -> 0 | Y17: =G17*(0.3*0.9) -> 0 | Z17: =G17*0.049 -> 0 | AA17: =C17-Q17-R17 -> 1003.3 | AB17: =D17-S17-T17 -> 0 | AC17: =E17-U17-V17 -> 0 | AD17: =F17-W17-X17 -> 0 | AE17: =G17-Y17-Z17 -> 0 | AF17: =AA17+AB17+AC17+AD17+AE17 -> 1003.3 | AG17: =Q17+S17+U17+Y17 -> 203.2 | AH17: =R17+T17+V17+X17+Z17 -> 63.5 | AI17: 0 | AJ17: 0 | AK17: =AF17/(C17+D17)*100 -> 79 | AL17: =AF17+AG17+AH17 -> 1270 | AM17: =(Q17)/C17*100 -> 16 | AN17: =(S17)/D17*100 -> #DIV/0! | AO17: =Y17/G17 -> #DIV/0! | AQ17: =AA17/C17 -> 0.79 | AR17: =AB17/D17 -> #DIV/0! | AS17: =AC17/E17 -> #DIV/0! | AT17: =AD17/F17 -> #DIV/0! | AU17: =C17+D17+E17+F17 -> 1270 | AV17: =H17+I17+K17+L17 -> 20.82
B18: 15 | C18: 1098 | D18: 60 | E18: 0 | F18: 112 | G18: 0 | H18: 18.23 | I18: 1 | J18: 0 | K18: 2 | L18: 0 | M18: =C18/H18 -> 60.230389 | N18: =D18/I18 -> 60 | O18: =G18/L18 -> #DIV/0! | P18: =F18/K18 -> 56 | Q18: =C18*(0.177777777777777*0.9) -> 175.68 | R18: =C18*0.05 -> 54.9 | S18: =D18*(0.275*0.9) -> 14.85 | T18: =D18*0.0498666666666666 -> 2.992 | U18: =E18*(0.222222222222222*0.9) -> 0 | V18: =E18*0.05 -> 0 | W18: =F18*(0*0.9) -> 0 | X18: =F18*0.049999910711 -> 5.59999 | Y18: =G18*(0.288888888888889*0.9) -> 0 | Z18: =G18*0.05 -> 0 | AA18: =C18-Q18-R18 -> 867.42 | AB18: =D18-S18-T18 -> 42.158 | AC18: =E18-U18-V18 -> 0 | AD18: =F18-W18-X18 -> 106.40001 | AE18: =G18-Y18-Z18 -> 0 | AF18: =AA18+AB18+AC18+AD18+AE18 -> 1015.978 | AG18: =Q18+S18+U18+Y18 -> 190.53 | AH18: =R18+T18+V18+X18+Z18 -> 63.49199 | AI18: 0 | AJ18: 0 | AK18: =AF18/(C18+D18)*100 -> 87.735579 | AL18: =AF18+AG18+AH18 -> 1270 | AM18: =(Q18)/C18*100 -> 16 | AN18: =(S18)/D18*100 -> 24.75 | AO18: =Y18/G18 -> #DIV/0! | AQ18: =AA18/C18 -> 0.79 | AR18: =AB18/D18 -> 0.70263333 | AS18: =AC18/E18 -> #DIV/0! | AT18: =AD18/F18 -> 0.95000009 | AU18: =C18+D18+E18+F18 -> 1270 | AV18: =H18+I18+K18+L18 -> 21.23
B19: 16 | C19: 1012 | D19: 0 | E19: 0 | F19: 130 | G19: 186 | H19: 17.48 | I19: 0 | J19: 0 | K19: 2.3 | L19: 3 | M19: =C19/H19 -> 57.894737 | N19: =D19/I19 -> #DIV/0! | O19: =G19/L19 -> 62 | P19: =F19/K19 -> 56.521739 | Q19: =C19*(0.172222222222222*0.9) -> 156.86 | R19: =C19*0.05 -> 50.6 | S19: =D19*(0.311111111111111*0.9) -> 0 | T19: =D19*0.05 -> 0 | U19: =E19*(0.200716845*0.9) -> 0 | V19: =E19*0.048387096 -> 0 | W19: =F19*(0*0.9) -> 0 | X19: =F19*0.0454692311 -> 5.911 | Y19: =G19*(0.266666666666666*0.9) -> 44.64 | Z19: =G19*0.05 -> 9.3 | AA19: =C19-Q19-R19 -> 804.54 | AB19: =D19-S19-T19 -> 0 | AC19: =E19-U19-V19 -> 0 | AD19: =F19-W19-X19 -> 124.089 | AE19: =G19-Y19-Z19 -> 132.06 | AF19: =AA19+AB19+AC19+AD19+AE19 -> 1060.689 | AG19: =Q19+S19+U19+Y19 -> 201.5 | AH19: =R19+T19+V19+X19+Z19 -> 65.811 | AI19: 0 | AJ19: 0 | AK19: =AF19/(C19+D19)*100 -> 104.81117 | AL19: =AF19+AG19+AH19 -> 1328 | AM19: =(Q19)/C19*100 -> 15.5 | AN19: =(S19)/D19*100 -> #DIV/0! | AO19: =Y19/G19 -> 0.24 | AQ19: =AA19/C19 -> 0.795 | AR19: =AB19/D19 -> #DIV/0! | AS19: =AC19/E19 -> #DIV/0! | AT19: =AD19/F19 -> 0.95453077 | AU19: =C19+D19+E19+F19 -> 1142 | AV19: =H19+I19+K19+L19 -> 22.78
B20: 17 | C20: 883 | D20: 372 | E20: 0 | F20: 0 | G20: 0 | H20: 15.95 | I20: 6 | J20: 0 | K20: 0 | L20: 0 | M20: =C20/H20 -> 55.360502 | N20: =D20/I20 -> 62 | O20: =G20/L20 -> #DIV/0! | P20: =F20/K20 -> #DIV/0! | Q20: =C20*(0.177777777777777*0.9) -> 141.28 | R20: =C20*0.05 -> 44.15 | S20: =D20*(0.266666666666666*0.9) -> 89.28 | T20: =D20*0.05 -> 18.6 | U20: =E20*(0.277777777777777*0.9) -> 0 | V20: =E20*0.05 -> 0 | W20: =F20*(0*0.9) -> 0 | X20: =F20*0.05 -> 0 | Y20: =G20*(0.316666666666666*0.9) -> 0 | Z20: =G20*0.052 -> 0 | AA20: =C20-Q20-R20 -> 697.57 | AB20: =D20-S20-T20 -> 264.12 | AC20: =E20-U20-V20 -> 0 | AD20: =F20-W20-X20 -> 0 | AE20: =G20-Y20-Z20 -> 0 | AF20: =AA20+AB20+AC20+AD20+AE20 -> 961.69 | AG20: =Q20+S20+U20+Y20 -> 230.56 | AH20: =R20+T20+V20+X20+Z20 -> 62.75 | AI20: 0 | AJ20: 0 | AK20: =AF20/(C20+D20)*100 -> 76.628685 | AL20: =AF20+AG20+AH20 -> 1255 | AM20: =(Q20)/C20*100 -> 16 | AN20: =(S20)/D20*100 -> 24 | AO20: =Y20/G20 -> #DIV/0! | AP20: =(#REF!/C20)*100 -> #REF! | AQ20: =AA20/C20 -> 0.79 | AR20: =AB20/D20 -> 0.71 | AS20: =AC20/E20 -> #DIV/0! | AT20: =AD20/F20 -> #DIV/0! | AU20: =C20+D20+E20+F20 -> 1255 | AV20: =H20+I20+K20+L20 -> 21.95
B21: 18 | C21: 636 | D21: 186 | E21: 0 | F21: 168 | G21: 240 | H21: 11.5 | I21: 3 | J21: 0 | K21: 3 | L21: 4 | M21: =C21/H21 -> 55.304348 | N21: =D21/I21 -> 62 | O21: =G21/L21 -> 60 | P21: =F21/K21 -> 56 | Q21: =C21*(0.166666666666666*0.9) -> 95.4 | R21: =C21*0.05 -> 31.8 | S21: =D21*(0.266666666666666*0.9) -> 44.64 | T21: =D21*0.05 -> 9.3 | U21: =E21*(0.263157895*0.9) -> 0 | V21: =E21*0.052631579 -> 0 | X21: =F21*0.05 -> 8.4 | Y21: =G21*(0.2775*0.9) -> 59.94 | Z21: =G21*0.049875 -> 11.97 | AA21: =C21-Q21-R21 -> 508.8 | AB21: =D21-S21-T21 -> 132.06 | AC21: =E21-U21-V21 -> 0 | AD21: =F21-W21-X21 -> 159.6 | AE21: =G21-Y21-Z21 -> 168.09 | AF21: =AA21+AB21+AC21+AD21+AE21 -> 968.55 | AG21: =Q21+S21+U21+Y21 -> 199.98 | AH21: =R21+T21+V21+X21+Z21 -> 61.47 | AI21: 0 | AJ21: 0 | AK21: =AF21/(C21+D21)*100 -> 117.82847 | AL21: =AF21+AG21+AH21 -> 1230 | AM21: =(Q21)/C21*100 -> 15 | AN21: =(S21)/D21*100 -> 24 | AO21: =Y21/G21 -> 0.24975 | AQ21: =AA21/C21 -> 0.8 | AR21: =AB21/D21 -> 0.71 | AS21: =AC21/E21 -> #DIV/0! | AT21: =AD21/F21 -> 0.95 | AU21: =C21+D21+E21+F21 -> 990
B22: 19 | C22: 1000 | D22: 0 | E22: 0 | F22: 0 | G22: 420 | H22: 17 | I22: 0 | J22: 0 | K22: 0 | L22: 7 | M22: =C22/H22 -> 58.823529 | N22: =D22/I22 -> #DIV/0! | O22: =G22/L22 -> 60 | P22: =F22/K22 -> #DIV/0! | Q22: =C22*(0.120877777*0.9) -> 108.79 | R22: =C22*0.05081 -> 50.81 | S22: =D22*(0.277777777777778*0.9) -> 0 | T22: =D22*0.05 -> 0 | U22: =E22*(0.282766666666*0.9) -> 0 | V22: =E22*0.04968 -> 0 | W22: =F22*(0*0.9) -> 0 | X22: =F22*0.05 -> 0 | Y22: =G22*(0.271714285*0.9) -> 102.708 | Z22: =G22*0.049873809 -> 20.947 | AA22: =C22-Q22-R22 -> 840.4 | AB22: =D22-S22-T22 -> 0 | AC22: =E22-U22-V22 -> 0 | AD22: =F22-W22-X22 -> 0 | AE22: =G22-Y22-Z22 -> 296.345 | AF22: =AA22+AB22+AC22+AD22+AE22 -> 1136.745 | AG22: =Q22+S22+U22+Y22 -> 211.498 | AH22: =R22+T22+V22+X22+Z22 -> 71.757 | AI22: 0 | AJ22: 0 | AK22: =AF22/(C22+D22)*100 -> 113.6745 | AL22: =AF22+AG22+AH22 -> 1420 | AM22: =(Q22)/C22*100 -> 10.879 | AN22: =(S22)/D22*100 -> #DIV/0! | AO22: =Y22/G22 -> 0.24454286 | AQ22: =AA22/C22 -> 0.8404 | AR22: =AB22/D22 -> #DIV/0! | AS22: =AC22/E22 -> #DIV/0! | AT22: =AD22/F22 -> #DIV/0! | AU22: =C22+D22+E22+F22 -> 1000
B23: 20 | C23: 1408 | D23: 0 | E23: 0 | F23: 0 | G23: 0 | H23: 24 | I23: 0 | J23: 0 | K23: 0 | L23: 0 | M23: =C23/H23 -> 58.666667 | N23: =D23/I23 -> #DIV/0! | O23: =G23/L23 -> #DIV/0! | P23: =F23/K23 -> #DIV/0! | Q23: =C23*(0.144797979*0.9) -> 183.488 | R23: =C23*0.049953835 -> 70.335 | S23: =D23*(0.300453514*0.9) -> 0 | T23: =D23*0.051020408 -> 0 | U23: =E23*(0.256790123*0.9) -> 0 | V23: =E23*0.05 -> 0 | W23: =F23*(0*0.9) -> 0 | X23: =F23*0.054054054054 -> 0 | Y23: =G23*(0.277777777777777*0.9) -> 0 | Z23: =G23*0.05 -> 0 | AA23: =C23-Q23-R23 -> 1154.177 | AB23: =D23-S23-T23 -> 0 | AC23: =E23-U23-V23 -> 0 | AD23: =F23-W23-X23 -> 0 | AE23: =G23-Y23-Z23 -> 0 | AF23: =AA23+AB23+AC23+AD23+AE23 -> 1154.177 | AG23: =Q23+S23+U23+Y23 -> 183.488 | AH23: =R23+T23+V23+X23+Z23 -> 70.335 | AI23: 0 | AJ23: 0 | AK23: =AF23/(C23+D23)*100 -> 81.972798 | AL23: =AF23+AG23+AH23 -> 1408 | AM23: =(Q23)/C23*100 -> 13.031818 | AN23: =(S23)/D23*100 -> #DIV/0! | AO23: =Y23/G23 -> #DIV/0! | AQ23: =AA23/C23 -> 0.81972798 | AR23: =AB23/D23 -> #DIV/0! | AS23: =AC23/E23 -> #DIV/0! | AT23: =AD23/F23 -> #DIV/0! | AU23: =C23+D23+E23+F23 -> 1408
B24: 21 | C24: 1420 | D24: 0 | E24: 0 | F24: 0 | G24: 0 | H24: 0 | I24: 0 | J24: 0 | K24: 0 | L24: 0 | M24: =C24/H24 -> #DIV/0! | N24: =D24/I24 -> #DIV/0! | O24: =G24/L24 -> #DIV/0! | P24: =F24/K24 -> #DIV/0! | Q24: =C24*(0.131111111111111*0.9) -> 167.56 | R24: =C24*0.05 -> 71 | S24: =D24*(0.3*0.9) -> 0 | T24: =D24*0.05 -> 0 | U24: =E24*(0.254629629*0.9) -> 0 | V24: =E24*0.05 -> 0 | W24: =F24*(0*0.9) -> 0 | X24: =F24*0.05 -> 0 | Y24: =G24*(0.3*0.9) -> 0 | Z24: =G24*0.05 -> 0 | AA24: =C24-Q24-R24 -> 1181.44 | AB24: =D24-S24-T24 -> 0 | AC24: =E24-U24-V24 -> 0 | AD24: =F24-W24-X24 -> 0 | AE24: =G24-Y24-Z24 -> 0 | AF24: =AA24+AB24+AC24+AD24+AE24 -> 1181.44 | AG24: =Q24+S24+U24+Y24 -> 167.56 | AH24: =R24+T24+V24+X24+Z24 -> 71 | AI24: 0 | AJ24: 0 | AK24: =AF24/(C24+D24)*100 -> 83.2 | AL24: =AF24+AG24+AH24 -> 1420 | AM24: =(Q24)/C24*100 -> 11.8 | AN24: =(S24)/D24*100 -> #DIV/0! | AO24: =Y24/G24 -> #DIV/0! | AQ24: =AA24/C24 -> 0.832 | AR24: =AB24/D24 -> #DIV/0! | AS24: =AC24/E24 -> #DIV/0! | AT24: =AD24/F24 -> #DIV/0! | AU24: =C24+D24+E24+F24 -> 1420
B25: 22 | C25: 1420 | D25: 0 | E25: 0 | F25: 0 | G25: 0 | H25: 24 | I25: 0 | J25: 0 | K25: 0 | L25: 0 | M25: =C25/H25 -> 59.166667 | N25: =D25/I25 -> #DIV/0! | O25: =G25/L25 -> #DIV/0! | P25: =F25/K25 -> #DIV/0! | Q25: =C25*(0.133333333333333*0.9) -> 170.4 | R25: =C25*0.05 -> 71 | S25: =D25*(0.302222222*0.9) -> 0 | T25: =D25*0.050666666 -> 0 | U25: =E25*(0.254629629*0.9) -> 0 | V25: =E25*0.05 -> 0 | W25: =F25*(0*0.9) -> 0 | X25: =F25*0.0555555555555555 -> 0 | Y25: =G25*(0.316666666666666*0.9) -> 0 | Z25: =G25*0.052 -> 0 | AA25: =C25-Q25-R25 -> 1178.6 | AB25: =D25-S25-T25 -> 0 | AC25: =E25-U25-V25 -> 0 | AD25: =F25-W25-X25 -> 0 | AE25: =G25-Y25-Z25 -> 0 | AF25: =AA25+AB25+AC25+AD25+AE25 -> 1178.6 | AG25: =Q25+S25+U25+Y25 -> 170.4 | AH25: =R25+T25+V25+X25+Z25 -> 71 | AI25: 0 | AJ25: 0 | AK25: =AF25/(C25+D25+E25)*100 -> 83 | AL25: =AF25+AG25+AH25 -> 1420 | AM25: =(Q25)/C25*100 -> 12 | AN25: =(S25)/D25*100 -> #DIV/0! | AO25: =Y25/G25 -> #DIV/0! | AP25: =AA25/C25 -> 0.83 | AQ25: =AA25/C25 -> 0.83 | AR25: =AB25/D25 -> #DIV/0! | AS25: =AC25/E25 -> #DIV/0! | AT25: =AD25/F25 -> #DIV/0! | AU25: =C25+D25+E25+F25 -> 1420
B26: 23 | C26: 880 | D26: 120 | E26: 0 | F26: 116 | G26: 180 | H26: 17 | I26: 2 | J26: 0 | K26: 2 | L26: 3 | M26: =C26/H26 -> 51.764706 | N26: =D26/I26 -> 60 | O26: =G26/L26 -> 60 | P26: =F26/K26 -> 58 | Q26: =C26*(0.135555555555555*0.9) -> 107.36 | R26: =C26*0.05 -> 44 | S26: =D26*(0.167*0.9) -> 18.036 | T26: =D26*0.049875 -> 5.985 | U26: =E26*(0.277777777777777*0.9) -> 0 | V26: =E26*0.05 -> 0 | W26: =F26*(0*0.9) -> 0 | X26: =F26*0.0498706897 -> 5.785 | Y26: =G26*(0.188888888888888*0.9) -> 30.6 | Z26: =G26*0.05 -> 9 | AA26: =C26-Q26-R26 -> 728.64 | AB26: =D26-S26-T26 -> 95.979 | AC26: =E26-U26-V26 -> 0 | AD26: =F26-W26-X26 -> 110.215 | AE26: =G26-Y26-Z26 -> 140.4 | AF26: =AA26+AB26+AC26+AD26+AE26 -> 1075.234 | AG26: =Q26+S26+U26+Y26 -> 155.996 | AH26: =R26+T26+V26+X26+Z26 -> 64.77 | AI26: 0 | AJ26: 0 | AK26: =AF26/(C26+D26+E26)*100 -> 107.5234 | AL26: =AF26+AG26+AH26 -> 1296 | AM26: =(Q26)/C26*100 -> 12.2 | AN26: =(S26)/D26*100 -> 15.03 | AO26: =Y26/G26 -> 0.17 | AP26: =AA26/C26 -> 0.828 | AQ26: =AA26/C26 -> 0.828 | AR26: =AB26/D26 -> 0.799825 | AS26: =AC26/E26 -> #DIV/0! | AT26: =AD26/F26 -> 0.95012931 | AU26: =C26+D26+E26+F26 -> 1116
B27: 24 | C27: 615 | D27: 240 | E27: 0 | F27: 165 | G27: 300 | H27: 12 | I27: 4 | J27: 0 | K27: 3 | L27: 5 | M27: =C27/H27 -> 51.25 | N27: =D27/I27 -> 60 | O27: =G27/L27 -> 60 | P27: =F27/K27 -> 55 | Q27: =C27*(0.144444444444444*0.9) -> 79.95 | R27: =C27*0.05 -> 30.75 | S27: =D27*(0.188888888888888*0.9) -> 40.8 | T27: =D27*0.05 -> 12 | U27: =E27*(0.264550266*0.9) -> 0 | V27: =E27*0.05 -> 0 | W27: =F27*(0*0.9) -> 0 | X27: =F27*0.049860606 -> 8.227 | Y27: =G27*(0.188888888888888*0.9) -> 51 | Z27: =G27*0.05 -> 15 | AA27: =C27-Q27-R27 -> 504.3 | AB27: =D27-S27-T27 -> 187.2 | AC27: =E27-U27-V27 -> 0 | AD27: =F27-W27-X27 -> 156.773 | AE27: =G27-Y27-Z27 -> 234 | AF27: =AA27+AB27+AC27+AD27+AE27 -> 1082.273 | AG27: =Q27+S27+U27+Y27 -> 171.75 | AH27: =R27+T27+V27+X27+Z27 -> 65.977 | AI27: 0 | AJ27: 0 | AK27: =AF27/(C27+D27+E27)*100 -> 126.58164 | AL27: =AF27+AG27+AH27 -> 1320 | AM27: =(Q27)/C27*100 -> 13 | AN27: =(S27)/D27*100 -> 17 | AO27: =Y27/G27 -> 0.17 | AQ27: =AA27/C27 -> 0.82 | AR27: =AB27/D27 -> 0.78 | AS27: =AC27/E27 -> #DIV/0! | AT27: =AD27/F27 -> 0.95013939 | AU27: =C27+D27+E27+F27 -> 1020
B28: 25 | C28: 1003 | D28: 0 | E28: 0 | F28: 0 | G28: 348 | H28: 17 | I28: 0 | J28: 0 | K28: 0 | L28: 6 | M28: =C28/H28 -> 59 | N28: =D28/I28 -> #DIV/0! | O28: =G28/L28 -> 58 | P28: =F28/K28 -> #DIV/0! | Q28: =C28*(0.14*0.9) -> 126.378 | R28: =C28*0.05 -> 50.15 | S28: =D28*(0.3*0.9) -> 0 | T28: =D28*0.05 -> 0 | U28: =E28*(0.277777777777777*0.9) -> 0 | V28: =E28*0.0518518518518 -> 0 | W28: =F28*(0*0.9) -> 0 | X28: =F28*0.05 -> 0 | Y28: =G28*(0.194444444444444*0.9) -> 60.9 | Z28: =G28*0.05 -> 17.4 | AA28: =C28-Q28-R28 -> 826.472 | AB28: =D28-S28-T28 -> 0 | AC28: =E28-U28-V28 -> 0 | AD28: =F28-W28-X28 -> 0 | AE28: =G28-Y28-Z28 -> 269.7 | AF28: =AA28+AB28+AC28+AD28+AE28 -> 1096.172 | AG28: =Q28+S28+U28+Y28 -> 187.278 | AH28: =R28+T28+V28+X28+Z28 -> 67.55 | AI28: 0 | AJ28: 0 | AK28: =AF28/(C28+D28)*100 -> 109.28933 | AL28: =AF28+AG28+AH28 -> 1351 | AM28: =(Q28)/C28*100 -> 12.6 | AN28: =(S28)/D28*100 -> #DIV/0! | AO28: =Y28/G28 -> 0.175 | AQ28: =AA28/C28 -> 0.824 | AR28: =AB28/D28 -> #DIV/0! | AS28: =AC28/E28 -> #DIV/0! | AT28: =AD28/F28 -> #DIV/0! | AU28: =C28+D28+E28+F28 -> 1003
B29: 26 | C29: 904 | D29: 120 | E29: 0 | F29: 0 | G29: 351 | H29: 15.3 | I29: 2 | J29: 0 | K29: 0 | L29: 6 | M29: =C29/H29 -> 59.084967 | N29: =D29/I29 -> 60 | O29: =G29/L29 -> 58.5 | P29: =F29/K29 -> #DIV/0! | Q29: =C29*(0.142841691*0.9) -> 116.216 | R29: =C29*0.049917035 -> 45.125 | S29: =D29*(0.188888888*0.9) -> 20.4 | T29: =D29*0.05 -> 6 | U29: =E29*(0.277777777777777*0.9) -> 0 | V29: =E29*0.05 -> 0 | W29: =F29*(0*0.9) -> 0 | X29: =F29*0.05 -> 0 | Y29: =G29*(0.188888888*0.9) -> 59.67 | Z29: =G29*0.05 -> 17.55 | AA29: =C29-Q29-R29 -> 742.659 | AB29: =D29-S29-T29 -> 93.6 | AC29: =E29-U29-V29 -> 0 | AD29: =F29-W29-X29 -> 0 | AE29: =G29-Y29-Z29 -> 273.78 | AF29: =AA29+AB29+AC29+AD29+AE29 -> 1110.039 | AG29: =Q29+S29+U29+Y29 -> 196.286 | AH29: =R29+T29+V29+X29+Z29 -> 68.675 | AI29: 0 | AJ29: 0 | AK29: =AF29/(C29+D29)*100 -> 108.40225 | AL29: =AF29+AG29+AH29 -> 1375 | AM29: =(Q29)/C29*100 -> 12.855752 | AN29: =(S29)/D29*100 -> 17 | AO29: =Y29/G29 -> 0.17 | AQ29: =AA29/C29 -> 0.82152544 | AR29: =AB29/D29 -> 0.78 | AS29: =AC29/E29 -> #DIV/0! | AT29: =AD29/F29 -> #DIV/0! | AU29: =C29+D29+E29+F29 -> 1024
B30: 27 | C30: 828 | D30: 180 | E30: 0 | F30: 0 | G30: 240 | H30: 14.16 | I30: 3 | J30: 0 | K30: 0 | L30: 4 | M30: =C30/H30 -> 58.474576 | N30: =D30/I30 -> 60 | O30: =G30/L30 -> 60 | P30: =F30/K30 -> #DIV/0! | Q30: =C30*(0.14139694*0.9) -> 105.369 | R30: =C30*0.049931159 -> 41.343 | S30: =D30*(0.188888888*0.9) -> 30.6 | T30: =D30*0.05 -> 9 | U30: =E30*(0.279279272727273*0.9) -> 0 | V30: =E30*0.0513513513513513 -> 0 | W30: =F30*(0*0.9) -> 0 | X30: =F30*0.066666666 -> 0 | Y30: =G30*(0.198*0.9) -> 42.768 | Z30: =G30*0.049875 -> 11.97 | AA30: =C30-Q30-R30 -> 681.288 | AB30: =D30-S30-T30 -> 140.4 | AC30: =E30-U30-V30 -> 0 | AD30: =F30-W30-X30 -> 0 | AE30: =G30-Y30-Z30 -> 185.262 | AF30: =AA30+AB30+AC30+AD30+AE30 -> 1006.95 | AG30: =Q30+S30+U30+Y30 -> 178.737 | AH30: =R30+T30+V30+X30+Z30 -> 62.313 | AI30: 0 | AJ30: 0 | AK30: =AF30/(C30+D30)*100 -> 99.895833 | AL30: =AF30+AG30+AH30 -> 1248 | AM30: =(Q30)/C30*100 -> 12.725725 | AN30: =(S30)/D30*100 -> 17 | AO30: =Y30/G30 -> 0.1782 | AQ30: =AA30/C30 -> 0.8228116 | AR30: =AB30/D30 -> 0.78 | AS30: =AC30/E30 -> #DIV/0! | AT30: =AD30/F30 -> #DIV/0! | AU30: =C30+D30+E30+F30 -> 1008
B31: 28 | C31: 1172 | D31: 0 | E31: 0 | F31: 58 | G31: 200 | H31: 19.25 | I31: 0 | J31: 0 | K31: 1 | L31: 3.2 | M31: =C31/H31 -> 60.883117 | N31: =D31/I31 -> #DIV/0! | O31: =G31/L31 -> 62.5 | P31: =F31/K31 -> 58 | Q31: =C31*(0.144444444444444*0.9) -> 152.36 | R31: =C31*0.05 -> 58.6 | S31: =D31*(0.332056194*0.9) -> 0 | T31: =D31*0.048850574 -> 0 | U31: =E31*(0.227920227988888*0.9) -> 0 | V31: =E31*0.04871794875 -> 0 | W31: =F31*(0*0.9) -> 0 | X31: =F31*0.04987932 -> 2.8930006 | Y31: =G31*(0.18888888889*0.9) -> 34 | Z31: =G31*0.05 -> 10 | AA31: =C31-Q31-R31 -> 961.04 | AB31: =D31-S31-T31 -> 0 | AC31: =E31-U31-V31 -> 0 | AD31: =F31-W31-X31 -> 55.106999 | AE31: =G31-Y31-Z31 -> 156 | AF31: =AA31+AB31+AC31+AD31+AE31 -> 1172.147 | AG31: =Q31+S31+U31+Y31 -> 186.36 | AH31: =R31+T31+V31+X31+Z31 -> 71.493001 | AI31: 0 | AJ31: 0 | AK31: =AF31/(C31+D31)*100 -> 100.01254 | AL31: =AF31+AG31+AH31 -> 1430 | AM31: =(Q31)/C31*100 -> 13 | AN31: =(S31)/D31*100 -> #DIV/0! | AO31: =Y31/G31 -> 0.17 | AQ31: =AA31/C31 -> 0.82 | AR31: =AB31/D31 -> #DIV/0! | AS31: =AC31/E31 -> #DIV/0! | AT31: =AD31/F31 -> 0.95012068 | AU31: =C31+D31+E31+F31 -> 1230
B32: 29 | C32: 818 | D32: 0 | E32: 0 | F32: 174 | G32: 180 | H32: 13.36 | I32: 0 | J32: 0 | K32: 3 | L32: 3 | M32: =C32/H32 -> 61.227545 | N32: =D32/I32 -> #DIV/0! | O32: =G32/L32 -> 60 | P32: =F32/K32 -> 58 | Q32: =C32*(0.155555555555555*0.9) -> 114.52 | R32: =C32*0.05 -> 40.9 | S32: =D32*(0.305555555555555*0.9) -> 0 | T32: =D32*0.05 -> 0 | U32: =E32*(0.28888888888889*0.9) -> 0 | V32: =E32*0.05 -> 0 | W32: =F32*(0*0.9) -> 0 | X32: =F32*0.05 -> 8.7 | Y32: =G32*(0.198*0.9) -> 32.076 | Z32: =G32*0.0498722222222222 -> 8.977 | AA32: =C32-Q32-R32 -> 662.58 | AB32: =D32-S32-T32 -> 0 | AC32: =E32-U32-V32 -> 0 | AD32: =F32-W32-X32 -> 165.3 | AE32: =G32-Y32-Z32 -> 138.947 | AF32: =AA32+AB32+AC32+AD32+AE32 -> 966.827 | AG32: =Q32+S32+U32+Y32 -> 146.596 | AH32: =R32+T32+V32+X32+Z32 -> 58.577 | AI32: 0 | AJ32: 0 | AK32: =AF32/(C32+D32)*100 -> 118.19401 | AL32: =AF32+AG32+AH32 -> 1172 | AM32: =(Q32)/C32*100 -> 14 | AN32: =(S32)/D32*100 -> #DIV/0! | AO32: =Y32/G32 -> 0.1782 | AQ32: =AA32/C32 -> 0.81 | AR32: =AB32/D32 -> #DIV/0! | AS32: =AC32/E32 -> #DIV/0! | AT32: =AD32/F32 -> 0.95 | AU32: =C32+D32+E32+F32 -> 992
B33: 30 | C33: 525 | D33: 120 | E33: 0 | F33: 55 | G33: 610 | H33: 9 | I33: 2 | J33: 0 | K33: 1 | L33: 9.5 | M33: =C33/H33 -> 58.333333 | N33: =D33/I33 -> 60 | O33: =G33/L33 -> 64.210526 | P33: =F33/K33 -> 55 | Q33: =C33*(0.133333333333333*0.9) -> 63 | R33: =C33*0.05 -> 26.25 | S33: =D33*(0.209*0.9) -> 22.572 | T33: =D33*0.05 -> 6 | U33: =E33*(0.21021021021*0.9) -> 0 | V33: =E33*0.05135135135135 -> 0 | W33: =F33*(0*0.9) -> 0 | X33: =F33*0.04991818181818 -> 2.7455 | Y33: =G33*(0.1825956288*0.9) -> 100.245 | Z33: =G33*0.04997540989 -> 30.485 | AA33: =C33-Q33-R33 -> 435.75 | AB33: =D33-S33-T33 -> 91.428 | AC33: =E33-U33-V33 -> 0 | AD33: =F33-W33-X33 -> 52.2545 | AE33: =G33-Y33-Z33 -> 479.27 | AF33: =AA33+AB33+AC33+AD33+AE33 -> 1058.7025 | AG33: =Q33+S33+U33+Y33 -> 185.817 | AH33: =R33+T33+V33+X33+Z33 -> 65.4805 | AI33: 0 | AJ33: 0 | AK33: =AF33/(C33+D33)*100 -> 164.13992 | AL33: =AF33+AG33+AH33 -> 1310 | AM33: =(Q33)/C33*100 -> 12 | AN33: =(S33)/D33*100 -> 18.81 | AO33: =Y33/G33 -> 0.16433607 | AQ33: =AA33/C33 -> 0.83 | AR33: =AB33/D33 -> 0.7619 | AS33: =AC33/E33 -> #DIV/0! | AT33: =AD33/F33 -> 0.95008182 | AU33: =C33+D33+E33+F33 -> 700
B34: 31 | C34: 0 | D34: 0 | E34: 0 | F34: 0 | G34: 0 | H34: 0 | I34: 0 | J34: 0 | K34: 0 | L34: 0 | M34: =C34/H34 -> #DIV/0! | N34: =D34/I34 -> #DIV/0! | O34: =G34/L34 -> #DIV/0! | P34: =F34/K34 -> #DIV/0! | Q34: =C34*(0.188888888888888*0.9) -> 0 | R34: =C34*0.05 -> 0 | S34: =D34*(0.3096446704*0.9) -> 0 | T34: =D34*0.05 -> 0 | U34: =E34*(0.222222222222222*0.9) -> 0 | V34: =E34*0.05 -> 0 | W34: =F34*(0*0.9) -> 0 | X34: =F34*0.0512096777 -> 0 | Y34: =G34*(0.316666666666666*0.9) -> 0 | Z34: =G34*0.05 -> 0 | AA34: =C34-Q34-R34 -> 0 | AB34: =D34-S34-T34 -> 0 | AC34: =E34-U34-V34 -> 0 | AD34: =F34-W34-X34 -> 0 | AE34: =G34-Y34-Z34 -> 0 | AF34: =AA34+AB34+AC34+AD34+AE34 -> 0 | AG34: =Q34+S34+U34+Y34 -> 0 | AH34: =R34+T34+V34+X34+Z34 -> 0 | AI34: 0 | AJ34: 0 | AK34: =AF34/(C34+D34)*100 -> #DIV/0! | AL34: =AF34+AG34+AH34 -> 0 | AM34: =(Q34)/C34*100 -> #DIV/0! | AN34: =(S34)/D34*100 -> #DIV/0! | AO34: =Y34/G34 -> #DIV/0! | AQ34: =AA34/C34 -> #DIV/0! | AR34: =AB34/D34 -> #DIV/0! | AS34: =AC34/E34 -> #DIV/0! | AT34: =AD34/F34 -> #DIV/0! | AU34: =C34+D34+E34+F34 -> 0
C35: 0 | D35: 0 | E35: 0 | F35: 0 | H35: 0 | I35: 0 | J35: 0 | M35: =C35/H35 -> #DIV/0! | N35: =D35/I35 -> #DIV/0! | Q35: =C35*(0.1*0.9) -> 0 | R35: =C35*0.045 -> 0 | S35: =D35*(0.18*0.9) -> 0 | T35: =D35*0.045 -> 0 | AA35: =C35-Q35-R35 -> 0 | AB35: =D35-S35-T35 -> 0 | AC35: =E35-U35-V35 -> 0 | AD35: =F35-X35 -> 0 | AE35: =G35-Y35-Z35 -> 0 | AF35: =AA35+AB35+AC35+AD35+AE35 -> 0 | AG35: =Q35+S35+U35+Y35 -> 0 | AH35: =R35+T35+V35+X35+Z35 -> 0 | AI35: 0 | AJ35: 0 | AK35: =AF35/(C35+D35)*100 -> #DIV/0! | AL35: =AF35+AG35+AH35 -> 0 | AM35: =(Q35+#REF!)/C35*100 -> #REF! | AU35: =C35+D35+E35+F35 -> 0
M36: =C36/H36 -> #DIV/0! | N36: =D36/I36 -> #DIV/0! | Q36: =C36*(0.1*0.9) -> 0 | R36: =C36*0.045 -> 0 | S36: =D36*(0.18*0.9) -> 0 | T36: =D36*0.045 -> 0 | AA36: =C36-Q36-R36 -> 0 | AB36: =D36-S36-T36 -> 0 | AC36: =E36-U36-V36 -> 0 | AD36: =F36-X36 -> 0 | AE36: =G36-Y36-Z36 -> 0 | AF36: =AA36+AB36+AC36+AD36+AE36 -> 0 | AG36: =Q36+S36+U36+Y36 -> 0 | AH36: =R36+T36+V36+X36+Z36 -> 0 | AI36: 0 | AJ36: 0 | AK36: =AF36/(C36+D36)*100 -> #DIV/0! | AL36: =AF36+AG36+AH36 -> 0 | AM36: =(Q36+#REF!)/C36*100 -> #REF! | AU36: =C36+D36+E36+F36 -> 0
M37: =C37/H37 -> #DIV/0! | N37: =D37/I37 -> #DIV/0! | Q37: =C37*(0.1*0.9) -> 0 | R37: =C37*0.045 -> 0 | S37: =D37*(0.18*0.9) -> 0 | T37: =D37*0.045 -> 0 | AA37: =C37-Q37-R37 -> 0 | AB37: =D37-S37-T37-#REF! -> #REF! | AC37: =E37-U37-V37 -> 0 | AD37: =F37-X37 -> 0 | AE37: =G37-Y37-Z37 -> 0 | AF37: =AA37+AB37+AC37+AD37+AE37 -> #REF! | AG37: =Q37+S37+U37+Y37 -> 0 | AH37: =R37+T37+V37+X37+Z37 -> 0 | AI37: 0 | AJ37: 0 | AK37: =AF37/(C37+D37)*100 -> #REF! | AL37: =AF37+AG37+AH37 -> #REF! | AM37: =(Q37+#REF!)/C37*100 -> #REF!
M38: =C38/H38 -> #DIV/0! | N38: =D38/I38 -> #DIV/0! | Q38: =C38*(0.1*0.9) -> 0 | R38: =C38*0.045 -> 0 | S38: =D38*(0.18*0.9) -> 0 | T38: =D38*0.045 -> 0 | AA38: =C38-Q38-R38 -> 0 | AB38: =D38-S38-T38-#REF! -> #REF! | AE38: =G38-Y38-Z38 -> 0 | AF38: =AA38+AB38+AC38+AD38+AE38 -> #REF! | AG38: =Q38+S38+U38+Y38 -> 0 | AH38: =R38+T38+V38+X38+Z38 -> 0 | AI38: 0 | AJ38: 0 | AK38: =AF38/(C38+D38)*100 -> #REF! | AL38: =AF38+AG38+AH38 -> #REF! | AM38: =(Q38+#REF!)/C38*100 -> #REF!
M39: =C39/H39 -> #DIV/0! | N39: =D39/I39 -> #DIV/0! | Q39: =C39*(0.1*0.9) -> 0 | R39: =C39*0.045 -> 0 | S39: =D39*(0.18*0.9) -> 0 | T39: =D39*0.045 -> 0 | AA39: =C39-Q39-R39 -> 0 | AB39: =D39-S39-T39-#REF! -> #REF! | AF39: =AA39+AB39 -> #REF! | AG39: =Q39+S39+U39+Y39 -> 0 | AH39: =R39+T39 -> 0 | AI39: 0 | AK39: =AF39/(C39+D39)*100 -> #REF! | AL39: =AF39+AG39+AH39 -> #REF! | AM39: =(Q39+#REF!)/C39*100 -> #REF!
M40: =C40/H40 -> #DIV/0! | N40: =D40/I40 -> #DIV/0! | Q40: =C40*(0.1*0.9) -> 0 | R40: =C40*0.045 -> 0 | S40: =D40*(0.18*0.9) -> 0 | T40: =D40*0.045 -> 0 | AA40: =C40-Q40-R40-#REF! -> #REF! | AB40: =D40-S40-T40-#REF! -> #REF! | AF40: =AA40+AB40 -> #REF! | AG40: =Q40+S40 -> 0 | AH40: =R40+T40 -> 0 | AI40: 0 | AK40: =AF40/(C40+D40)*100 -> #REF! | AM40: =(Q40+#REF!)/C40*100 -> #REF!
A41: MTD | B41: Total | C41: =SUM(C30:C40) -> 3343 | D41: =SUM(D30:D40) -> 300 | H41: =SUM(H30:H40) -> 55.77 | I41: =SUM(I30:I40) -> 5 | M41: =SUM(M30:M40) -> #DIV/0! | N41: =SUM(N30:N40) -> #DIV/0! | P41: =SUM(P4:P34) -> #DIV/0! | Q41: =SUM(Q30:Q40) -> 435.249 | R41: =SUM(R30:R40) -> 167.093 | S41: =SUM(S30:S40) -> 53.172 | T41: =SUM(T30:T40) -> 15 | AA41: =SUM(AA30:AA40) -> #REF! | AB41: =SUM(AB30:AB40) -> #REF! | AF41: =SUM(AF4:AF34) -> 27702.585 | AG41: =SUM(AG30:AG40) -> 697.51 | AH41: =SUM(AH30:AH40) -> 257.8635 | AI41: 0 | AM41: =(Q41+#REF!)/C41*100 -> #REF!
A42: YTD | AI42: 0 | AM42: =(Q42+#REF!)/C42*100 -> #REF!
A43: YTD | AM43: #DIV/0!
B45: strex | C45: 1600 | D45: kg | H45: 8000 | I45: lit
C46: =[2]Cement!G30*1600/8000 -> 0.048 | D46: kg | H46: 13500 | I46: lit
Q53: =200/85 -> 2.3529412 | S53: =24-2.35 -> 21.65

Sheet CPP
B1: NOV | D1: CPP
B2: Date | C2: Rng hrs | D2: tan Coal Consumption | E2: Edenville Ash coal cons | F2: Godmwanga coal cons | G2: stamico | H2: Ruvuma | I2: ARIIM | J2: LIK | K2: MAX | L2: SINO | M2: JITEGEMEE | N2: IBRICO | O2: MEGA | P2: TENCO | Q2: SCOLASTICA | R2: Connect | S2: Yongda | T2: KINDAINI | U2: Montreal | V2: Ludewa | W2: mchekane | X2: MARKET | Y2: SIAAS
B3: 1 | C3: 0 | D3: 0 | E3: 0 | F3: 0 | G3: 156 | H3: 0 | I3: 0 | J3: 0 | K3: 0 | L3: 0 | M3: 0 | N3: 0 | O3: 0 | P3: 0 | Q3: 0 | R3: 0 | S3: 0 | T3: 0 | U3: 0 | V3: 0 | W3: 0 | X3: 0 | Y3: 0
B4: 2 | C4: 0 | D4: 0 | E4: 0 | F4: 0 | G4: 130 | H4: 0 | I4: 0 | J4: 0 | K4: 0 | L4: 0 | M4: 0 | N4: 0 | O4: 0 | P4: 0 | Q4: 0 | R4: 0 | S4: 0 | T4: 0 | U4: 0 | V4: 0 | W4: 0 | X4: 0 | Y4: 0
B5: 3 | C5: 0 | D5: 0 | E5: 0 | F5: 0 | G5: 138 | H5: 0 | I5: 0 | J5: 0 | K5: 0 | L5: 0 | M5: 0 | N5: 0 | O5: 0 | P5: 0 | Q5: 0 | R5: 0 | S5: 0 | T5: 0 | U5: 0 | V5: 0 | W5: 0 | X5: 0 | Y5: 0
B6: 4 | C6: 0 | D6: 0 | E6: 0 | F6: 0 | G6: 158 | H6: 0 | I6: 0 | J6: 0 | K6: 0 | L6: 0 | M6: 0 | N6: 0 | O6: 0 | P6: 0 | Q6: 0 | R6: 0 | S6: 0 | T6: 0 | U6: 0 | V6: 0 | W6: 0 | X6: 0 | Y6: 0
B7: 5 | C7: 0 | D7: 0 | E7: 0 | F7: 0 | G7: 140 | H7: 0 | I7: 0 | J7: 0 | K7: 0 | L7: 0 | M7: 0 | N7: 0 | O7: 0 | P7: 0 | Q7: 0 | R7: 0 | S7: 0 | T7: 0 | U7: 0 | V7: 0 | W7: 0 | X7: 0 | Y7: 0
B8: 6 | C8: 0 | D8: 0 | E8: 0 | F8: 0 | G8: 140 | H8: 0 | I8: 0 | J8: 0 | K8: 0 | L8: 0 | M8: 0 | N8: 0 | O8: 0 | P8: 0 | Q8: 0 | R8: 0 | S8: 0 | T8: 0 | U8: 0 | V8: 0 | W8: 0 | X8: 0 | Y8: 0
B9: 7 | C9: 0 | D9: 0 | E9: 0 | F9: 0 | G9: 138 | H9: 0 | I9: 0 | J9: 0 | K9: 0 | L9: 0 | M9: 0 | N9: 0 | O9: 0 | P9: 0 | Q9: 0 | R9: 0 | S9: 0 | T9: 0 | U9: 0 | V9: 0 | W9: 0 | X9: 0 | Y9: 0
B10: 8 | C10: 0 | D10: 0 | E10: 0 | F10: 0 | G10: 137 | H10: 0 | I10: 0 | J10: 0 | K10: 0 | L10: 0 | M10: 0 | N10: 0 | O10: 0 | P10: 0 | Q10: 0 | R10: 0 | S10: 0 | T10: 0 | U10: 0 | V10: 0 | W10: 0 | X10: 0 | Y10: 0
B11: 9 | C11: 0 | D11: 0 | E11: 0 | F11: 0 | G11: 130 | H11: 0 | I11: 0 | J11: 0 | K11: 0 | L11: 0 | M11: 0 | N11: 0 | O11: 0 | P11: 0 | Q11: 0 | R11: 0 | S11: 0 | T11: 0 | U11: 0 | V11: 0 | W11: 0 | X11: 0 | Y11: 0
B12: 10 | C12: 0 | D12: 0 | E12: 0 | F12: 0 | G12: 131 | H12: 0 | I12: 0 | J12: 0 | K12: 0 | L12: 0 | M12: 0 | N12: 0 | O12: 0 | P12: 0 | Q12: 0 | R12: 0 | S12: 0 | T12: 0 | U12: 0 | V12: 0 | W12: 0 | X12: 0 | Y12: 0
B13: 11 | C13: 0 | D13: 0 | E13: 0 | F13: 0 | G13: 137 | H13: 0 | I13: 0 | J13: 0 | K13: 0 | L13: 0 | M13: 0 | N13: 0 | O13: 0 | P13: 0 | Q13: 0 | R13: 0 | S13: 0 | T13: 0 | U13: 0 | V13: 0 | W13: 0 | X13: 0 | Y13: 0
B14: 12 | C14: 0 | D14: 0 | E14: 0 | F14: 0 | G14: 137 | H14: 0 | I14: 0 | J14: 0 | K14: 0 | L14: 0 | M14: 0 | N14: 0 | O14: 0 | P14: 0 | Q14: 0 | R14: 0 | S14: 0 | T14: 0 | U14: 0 | V14: 0 | W14: 0 | X14: 0 | Y14: 0
... B33: 31 | C33: 0 | D33: 0 | E33: 0 | F33: 0 | G33: 0 | H33: 0 | I33: 0 | J33: 0 | K33: 0 | L33: 0 | M33: 0 | N33: 0 | O33: 0 | P33: 0 | Q33: 0 | R33: 0 | S33: 0 | T33: 0 | U33: 0 | V33: 0 | W33: 0 | X33: 0 | Y33: 0
B34: MTD | D34: =SUM(D3:D33) -> 0 | E34: =SUM(E3:E33) -> 0 | F34: =SUM(F3:F33) -> 0 | G34: =SUM(G3:G33) -> 4278 | H34: =SUM(H3:H33) -> 0 | I34: =SUM(I3:I33) -> 0 | J34: =SUM(J3:J33) -> 0 | K34: =SUM(K3:K33) -> 0 | ... Y34: =SUM(Y3:Y33) -> 0
B35: YTD | D35: =D36+SUM(D3:D33) -> 0 | E35: =E36+SUM(E3:E33) -> 0 | F35: =F36+SUM(F3:F33) -> 0 | G35: =G36+SUM(G3:G33) -> 11103 | H35: =H36+SUM(H3:H33) -> 1327 | I35: =I36+SUM(I3:I33) -> 0 | J35: =J36+SUM(J3:J33) -> 0 | K35: =K36+SUM(K3:K33) -> 0 | ... Y35: =Y36+SUM(Y3:Y33) -> 0
B36: YTD | D36: 0 | E36: 0 | F36: 0 | G36: 6825 | H36: 1327 | I36: 0 | J36: 0 | K36: 0 | L36: 0 | M36: 0 | N36: 0 | O36: 0 | P36: 0 | Q36: 0 | R36: 0 | S36: 0 | T36: 0 | U36: 0 | V36: 0 | W36: 0 | X36: 20 | Y36: 0

Sheet Diesel
A1: Receiving | M1: Consumption
A2: Date | B2: OPB | C2: PLANT | D2: KILN | E2: DG SETS | F2: MINING VEHICLES | G2: INTERNAL PLANT TRANSPORT | H2: PLANT ADMIN VEHICLES | I2: LOGISTIC DIVISION | J2: OTHERS (CRANE, TANKER, BOUSER, ETC) | K2: TOTAL | M2: Date | N2: PLANT | O2: KILN | P2: DG SETS | Q2: MINING VEHICLES | R2: INTERNAL PLANT TRANSPORT | S2: PLANT ADMIN VEHICLES | T2: LOGISTIC DIVISION | U2: OTHERS (CRANE, TANKER, BOUSER, ETC) | V2: TOTAL | W2: CB | Y2: OB | Z2: KILN REC | AA2: KILN (CONS) | AB2: CB
A3: 1 | B3: 26145 | C3: 0 | D3: 0 | E3: 0 | F3: 0 | G3: 0 | H3: 0 | I3: 0 | J3: 0 | M3: 1 | N3: 0 | O3: 0 | P3: 0 | Q3: 70 | R3: 835 | S3: 0 | T3: 0 | U3: 0 | V3: =SUM(N3:U3) -> 905 | W3: =B3+C3-V3-AA3 -> 25240 | Y3: 0 | Z3: 0 | AA3: 0 | AB3: =Y3 -> 0
A4: 2 | B4: =W3 -> 25240 | C4: 32000 | D4: 0 | E4: 0 | F4: 0 | G4: 0 | H4: 0 | I4: 0 | J4: 0 | M4: 2 | N4: 0 | O4: 0 | P4: 0 | Q4: 0 | R4: 561 | S4: 0 | T4: 0 | U4: 0 | V4: =SUM(N4:U4) -> 561 | W4: =B4+C4-V4-AA4 -> 56679 | Y4: =AB3 -> 0 | Z4: 0 | AA4: 0 | AB4: =Y4 -> 0
A5: 3 | B5: =W4 -> 56679 | C5: 0 | D5: 0 | E5: 0 | F5: 0 | G5: 0 | H5: 0 | I5: 0 | J5: 0 | M5: 3 | N5: 0 | O5: 0 | P5: 0 | Q5: 2500 | R5: 752 | S5: 0 | T5: 0 | U5: 0 | V5: =SUM(N5:U5) -> 3252 | W5: =B5+C5-V5-AA5 -> 53427 | Y5: =AB4 -> 0 | Z5: 0 | AA5: 0 | AB5: =Y5 -> 0
A6: 4 | B6: =W5 -> 53427 | C6: 0 | D6: 0 | E6: 0 | F6: 0 | G6: 0 | H6: 0 | I6: 0 | J6: 0 | M6: 4 | N6: 0 | O6: 0 | P6: 0 | Q6: 30 | R6: 505 | S6: 0 | T6: 0 | U6: 0 | V6: =SUM(N6:U6) -> 535 | W6: =B6+C6-V6-AA6 -> 52892 | Y6: =AB5 -> 0 | Z6: 0 | AA6: 0 | AB6: =Y6 -> 0
A7: 5 | B7: =W6 -> 52892 | C7: 0 | D7: 0 | E7: 0 | F7: 0 | G7: 0 | H7: 0 | I7: 0 | J7: 0 | M7: 5 | N7: 0 | O7: 0 | P7: 40 | Q7: 2740 | R7: 765 | S7: 0 | T7: 0 | U7: 0 | V7: =SUM(N7:U7) -> 3545 | W7: =B7+C7-V7-AA7 -> 49347 | Y7: =AB6 -> 0 | Z7: 0 | AA7: 0 | AB7: =Y7 -> 0
A8: 6 | B8: =W7 -> 49347 | C8: 0 | D8: 0 | E8: 0 | F8: 0 | G8: 0 | H8: 0 | I8: 0 | J8: 0 | M8: 6 | N8: 0 | O8: 0 | P8: 0 | Q8: 2000 | R8: 1605 | S8: 0 | T8: 0 | U8: 0 | V8: =SUM(N8:U8) -> 3605 | W8: =B8+C8-V8-AA8 -> 45742 | Y8: =AB7 -> 0 | Z8: 0 | AA8: 0 | AB8: =Y8 -> 0
A9: 7 | B9: =W8 -> 45742 | C9: 0 | D9: 0 | E9: 0 | F9: 0 | G9: 0 | H9: 0 | I9: 0 | J9: 0 | M9: 7 | N9: 0 | O9: 0 | P9: 0 | Q9: 0 | R9: 0 | S9: 0 | T9: 0 | U9: 0 | V9: =SUM(N9:U9) -> 0 | W9: =B9+C9-V9-AA9 -> 45742 | Y9: =AB8 -> 0 | Z9: 0 | AA9: 0 | AB9: =Y9 -> 0
A10: 8 | B10: =W9 -> 45742 | C10: 0 | D10: 0 | E10: 0 | F10: 0 | G10: 0 | H10: 0 | I10: 0 | J10: 0 | M10: 8 | N10: 0 | O10: 0 | P10: 0 | Q10: 0 | R10: 545 | S10: 0 | T10: 0 | U10: 0 | V10: =SUM(N10:U10) -> 545 | W10: =B10+C10-V10-AA10 -> 45197 | Y10: =AB9 -> 0 | Z10: 0 | AA10: 0 | AB10: =Y10 -> 0
A11: 9 | B11: =W10 -> 45197 | C11: 0 | D11: 0 | E11: 0 | F11: 0 | G11: 0 | H11: 0 | I11: 0 | J11: 0 | M11: 9 | N11: 0 | O11: 0 | P11: 0 | Q11: 0 | R11: 812 | S11: 0 | T11: 0 | U11: 0 | V11: =SUM(N11:U11) -> 812 | W11: =B11+C11-V11-AA11 -> 44385 | Y11: =AB10 -> 0 | Z11: 0 | AA11: 0 | AB11: =Y11 -> 0
A12: 10 | B12: =W11 -> 44385 | C12: 0 | D12: 0 | E12: 0 | F12: 0 | G12: 0 | H12: 0 | I12: 0 | J12: 0 | M12: 10 | N12: 0 | O12: 0 | P12: 0 | Q12: 2080 | R12: 515 | S12: 0 | T12: 0 | U12: 0 | V12: =SUM(N12:U12) -> 2595 | W12: =B12+C12-V12-AA12 -> 41790 | Y12: =AB11 -> 0 | Z12: 0 | AA12: 0 | AB12: =Y12 -> 0
A13: 11 | B13: =W12 -> 41790 | C13: 0 | D13: 0 | E13: 0 | F13: 0 | G13: 0 | H13: 0 | I13: 0 | J13: 0 | M13: 11 | N13: 0 | O13: 0 | P13: 0 | Q13: 2781 | R13: 719 | S13: 0 | T13: 0 | U13: 0 | V13: =SUM(N13:U13) -> 3500 | W13: =B13+C13-V13-AA13 -> 38290 | Y13: =AB12 -> 0 | Z13: 0 | AA13: 0 | AB13: =Y13 -> 0
A14: 12 | B14: =W13 -> 38290 | C14: 0 | D14: 0 | E14: 0 | F14: 0 | G14: 0 | H14: 0 | I14: 0 | J14: 0 | M14: 12 | N14: 0 | O14: 0 | P14: 35 | Q14: 0 | R14: 666 | S14: 0 | T14: 0 | U14: 0 | V14: =SUM(N14:U14) -> 701 | W14: =B14+C14-V14-AA14 -> 37589 | Y14: =AB13 -> 0 | Z14: 0 | AA14: 0 | AB14: =Y14 -> 0
A15: 13 | B15: =W14 -> 37589 | C15: 0 | D15: 0 | E15: 0 | F15: 0 | G15: 0 | H15: 0 | I15: 0 | J15: 0 | M15: 13 | N15: 0 | O15: 0 | P15: 0 | Q15: 2060 | R15: 1270 | S15: 0 | T15: 0 | U15: 0 | V15: =SUM(N15:U15) -> 3330 | W15: =B15+C15-V15-AA15 -> 34259 | Y15: =AB14 -> 0 | Z15: 0 | AA15: 0 | AB15: =Y15 -> 0
... A32: 30 | B32: =W31 -> 38190 | C32: 0 | D32: 0 | E32: 0 | F32: 0 | G32: 0 | H32: 0 | I32: 0 | J32: 0 | M32: 30 | N32: 0 | O32: 0 | P32: 0 | Q32: 0 | R32: 734 | S32: 0 | T32: 0 | U32: 0 | V32: =SUM(N32:U32) -> 734 | W32: =B32+C32-V32-AA32 -> 37456 | Y32: =AB31 -> 0 | Z32: 0 | AA32: 0 | AB32: =Y32 -> 0
A33: 31 | B33: =W32 -> 37456 | C33: 0 | D33: 0 | E33: 0 | F33: 0 | G33: 0 | H33: 0 | I33: 0 | J33: 0 | M33: 31 | N33: 0 | O33: 0 | P33: 0 | Q33: 0 | R33: 0 | S33: 0 | T33: 0 | U33: 0 | V33: =SUM(N33:U33) -> 0 | W33: =B33+C33-V33-AA33 -> 37456 | Y33: =AB32 -> 0 | Z33: 0 | AA33: 0 | AB33: `
A34: MTD | C34: =SUM(C3:C33) -> 65000 | D34: =SUM(D3:D33) -> 0 | E34: =SUM(E3:E33) -> 0 | F34: =SUM(F3:F33) -> 0 | G34: =SUM(G3:G33) -> 0 | H34: =SUM(H3:H33) -> 0 | I34: =SUM(I3:I33) -> 0 | J34: =SUM(J3:J33) -> 0 | M34: MTD | N34: =SUM(N3:N33) -> 0 | O34: =SUM(O3:O33) -> 5000 | P34: =SUM(P3:P33) -> 105 | Q34: =SUM(Q3:Q33) -> 27702 | R34: =SUM(R3:R33) -> 20882 | S34: =SUM(S3:S33) -> 0 | T34: =SUM(T3:T33) -> 0 | U34: =SUM(U3:U33) -> 0 | V34: =SUM(V3:V33) -> 53689
A35: YTD | C35: =C36+SUM(C3:C33) -> 155000 | D35: =D36+SUM(D3:D33) -> 0 | E35: =SUM(E3:E33) -> 0 | F35: =SUM(F3:F33) -> 0 | G35: =SUM(G3:G33) -> 0 | H35: =SUM(H3:H33) -> 0 | I35: =SUM(I3:I33) -> 0 | J35: =SUM(J3:J33) -> 0 | K35: =SUM(K3:K33) -> 0 | M35: YTD | N35: =N36+SUM(N3:N33) -> 0 | O35: =O36+SUM(O3:O33) -> 20000 | P35: =P36+SUM(P3:P33) -> 708 | Q35: =Q36+SUM(Q3:Q33) -> 82337 | R35: =R36+SUM(R3:R33) -> 63590 | S35: =S36+SUM(S3:S33) -> 0 | T35: =T36+SUM(T3:T33) -> 0 | U35: =U36+SUM(U3:U33) -> 0 | ... W35: =W36+SUM(W3:W33) -> 17906028 | Y35: =Y36+SUM(Y3:Y33) -> 0 | Z35: =Z36+SUM(Z3:Z33) -> 0 | AA35: =AA36+SUM(AA3:AA33) -> 0 | AB35: =AB36+SUM(AB3:AB33) -> 0
A36: YTD | C36: 90000 | D36: 0 | E36: 0 | F36: 0 | G36: 0 | H36: 0 | I36: 0 | J36: 0 | K36: 0 | M36: YTD | N36: 0 | O36: 15000 | P36: 603 | Q36: 54635 | R36: 42708 | S36: 0 | T36: 0 | U36: 0 | V36: 112946 | W36: 16655055 | Y36: 0 | Z36: 0 | AA36: 0 | AB36: 0

Sheet 01
B2: LAKE CEMENT LIMITED
B3: RAW MATERIAL REPORT | N3: DATE | P3: 01.06.2026
B4: SN | C4: DESCRIPTION | F4: OPENING STOCK | G4: RECEIVED QUANTITY (MT/ LTR) | J4: MATERIAL CONSUMPTION (MT / LTR) | M4: CLOSING STOCK | N4: PENDING GRN QTY | O4: RECOMMENDED | Q4: VARIANCE
G5: ON DATE | H5: MTD | I5: YTD | J5: ON DATE | K5: MTD | L5: YTD | O5: MIN | P5: MAX
B6: 1 | C6: IRON ORE | F6: =Clinker!C3 -> 2647.92 | G6: =Clinker!D3 -> 0 | H6: =G6 -> 0 | I6: =G6+Clinker!D36 -> 417.28 | J6: =Clinker!E3 -> 52 | K6: =J6 -> 52 | L6: =J6+Clinker!E36 -> 3187 | M6: =F6+G6-J6 -> 2595.92 | N6: 0 | O6: 3000 | P6: 6000 | Q6: =SUM(M6+N6)-O6 -> -404.08
