Workbook

Sheet 01.05.2026
A1: Date | B1: Time | C1: % Cao | D1: % MgO | E1: No of Trips as per Shift Chemist. | F1: No of Trips as per WB | G1: Diff in No of Trips | H1: QC Chemist. Weights | I1: WB Weight | J1: Diff in Weight | K1: Shift Chemist. Names
A2: =N2 -> 01.05.2026 | B2: 24 | C2: 45.61 | D2: 0.88 | E2: 13 | F2: 13 | G2: =E2-F2 -> 0 | H2: 240.56 | I2: 240.56 | J2: =H2-I2 -> 0 | M2: DATE | N2: 01.05.2026
B3: 1 | C3: 47.36 | D3: 1.26 | E3: 4 | F3: 5 | G3: 1 | H3: 75.32 | I3: 96.7 | J3: 21.38 | M3: QTY | S3: %
B4: 1 | C4: 12.9 | D4: 0.49 | E4: 2 | F4: 2 | G4: =E4-F4 -> 0 | H4: 38.46 | I4: 38.46 | J4: =H4-I4 -> 0 | L4: CLAY | M4: HG | N4: LG | O4: HG-MgO | P4: LG-MgO | Q4: CLAY | R4: Total | S4: HG | T4: LG | U4: HG-MgO | V4: LG-MgO | W4: CLAY
B5: 10 | C5: 15.63 | D5: 0.32 | E5: 3 | F5: 3 | G5: =E5-F5 -> 0 | H5: 56.94 | I5: 56.94 | J5: =H5-I5 -> 0 | M5: 1933.12 | N5: 661.04 | O5: 0 | P5: 0 | Q5: 348.26 | R5: =SUM(M5:Q5) -> 2942.42 | S5: =(M5/R5)*100 -> 65.698303 | T5: =(N5/R5)*100 -> 22.465861 | U5: =(O5/R5)*100 -> 0 | V5: =(P5/R5)*100 -> 0 | W5: =(Q5/R5)*100 -> 11.835836
B6: 2 | C6: 49.71 | D6: 1.09 | E6: 10 | F6: 8 | G6: =E6-F6 -> 2 | H6: 207.04 | I6: 165.36 | J6: =H6-I6 -> 41.68
B7: 3 | C7: 49.94 | D7: 1 | E7: 9 | F7: 10 | G7: 1 | H7: 170.1 | I7: 192 | J7: 21.9
B8: 4 | C8: 49.6 | D8: 1.1 | E8: 11 | F8: 11 | G8: =E8-F8 -> 0 | H8: 202.78 | I8: 202.78 | J8: =H8-I8 -> 0
B9: 5 | C9: 48.94 | D9: 1.21 | E9: 11 | F9: 11 | G9: =E9-F9 -> 0 | H9: 201.48 | I9: 201.48 | J9: =H9-I9 -> 0
B10: 6 | C10: 48.99 | D10: 1.13 | E10: 10 | F10: 10 | G10: =E10-F10 -> 0 | H10: 193 | I10: 193 | J10: =H10-I10 -> 0
B11: 10.5 | C11: 50.42 | D11: 1.1 | E11: 17 | F11: 17 | G11: =E11-F11 -> 0 | H11: 364.16 | I11: 364.16 | J11: =H11-I11 -> 0
B12: 12 | C12: 49.5 | D12: 1.01 | E12: 13 | F12: 13 | G12: =E12-F12 -> 0 | H12: 277.08 | I12: 277.08 | J12: =H12-I12 -> 0
B13: 14 | C13: 40 | D13: 1 | E13: 4 | F13: 4 | G13: =E13-F13 -> 0 | H13: 88.38 | I13: 88.38 | J13: =H13-I13 -> 0
B14: 15 | C14: 37.24 | D14: 1.08 | E14: 7 | F14: 7 | G14: =E14-F14 -> 0 | H14: 159.12 | I14: 159.12 | J14: =H14-I14 -> 0
B15: 16 | C15: 41.23 | D15: 1.2 | E15: 5 | F15: 5 | G15: =E15-F15 -> 0 | H15: 126.4 | I15: 126.4 | J15: =H15-I15 -> 0
B16: 23 | C16: 44.35 | D16: 2 | E16: 14 | F16: 14 | G16: =E16-F16 -> 0 | H16: 287.14 | I16: 287.14 | J16: =H16-I16 -> 0
B17: 9.3 | C17: 18.67 | D17: 0.47 | E17: 10 | F17: 13 | G17: 3 | H17: 195.92 | I17: 252.86 | J17: 56.94 | L17: CLAY
B18: Total | E18: =SUM(E2:E17) -> 143 | F18: =SUM(F2:F17) -> 146 | G18: =SUM(G2:G17) -> 7 | H18: =SUM(H2:H17) -> 2883.88 | I18: =SUM(I2:I17) -> 2942.42 | J18: =SUM(J2:J17) -> 141.9

Sheet 02.05.2026
A1: Date | B1: Time | C1: % Cao | D1: % MgO | E1: No of Trips as per Shift Chemist. | F1: No of Trips as per WB | G1: Diff in No of Trips | H1: QC Chemist. Weights | I1: WB Weight | J1: Diff in Weight | K1: Shift Chemist. Names
A2: =N2 -> 02.05.2026 | B2: 24 | C2: 46.39 | D2: 1.3 | E2: 5 | F2: 5 | G2: =E2-F2 -> 0 | H2: 107.62 | I2: 107.62 | J2: =H2-I2 -> 0 | K2: ELLY & DIONIZ | M2: DATE | N2: 02.05.2026
B3: 1 TO 5 | C3: 48.75 | D3: 0.91 | E3: 16 | F3: 16 | G3: =E3-F3 -> 0 | H3: 341.02 | I3: 341.02 | J3: =H3-I3 -> 0 | M3: QTY | S3: %
B4: 21 | C4: 2.52 | D4: 0.49 | E4: 5 | F4: 5 | G4: =E4-F4 -> 0 | H4: 102.22 | I4: 102.22 | J4: =H4-I4 -> 0 | L4: CLAY | M4: HG | N4: LG | O4: HG-MgO | P4: LG-MgO | Q4: CLAY | R4: Total | S4: HG | T4: LG | U4: HG-MgO | V4: LG-MgO | W4: CLAY
B5: 16 | C5: 5 | D5: 0.52 | E5: 5 | F5: 5 | G5: =E5-F5 -> 0 | H5: 80.62 | I5: 80.62 | J5: =H5-I5 -> 0 | M5: 448.64 | N5: 0 | O5: 0 | P5: 0 | Q5: 291.42 | R5: =SUM(M5:Q5) -> 740.06 | S5: =(M5/R5)*100 -> 60.622112 | T5: =(N5/R5)*100 -> 0 | U5: =(O5/R5)*100 -> 0 | V5: =(P5/R5)*100 -> 0 | W5: =(Q5/R5)*100 -> 39.377888
B6: 17 | C6: 5.8 | D6: 0.56 | E6: 6 | F6: 6 | G6: =E6-F6 -> 0 | H6: 108.58 | I6: 108.58 | J6: =H6-I6 -> 0
G8: =E8-F8 -> 0
B9: Total | E9: =SUM(E2:E8) -> 37 | F9: =SUM(F2:F8) -> 37 | G9: =SUM(G2:G8) -> 0 | H9: =SUM(H2:H8) -> 740.06 | I9: =SUM(I2:I8) -> 740.06 | J9: =SUM(J2:J8) -> 0

Sheet 03.05.2026
A1: Date | B1: Time | C1: % Cao | D1: % MgO | E1: No of Trips as per Shift Chemist. | F1: No of Trips as per WB | G1: Diff in No of Trips | H1: QC Chemist. Weights | I1: WB Weight | J1: Diff in Weight | K1: Shift Chemist. Names
A2: =N2 -> 03.05.2026 | B2: 24.TO 2.00 | C2: 49.32 | D2: 0.86 | E2: 10 | F2: 10 | G2: =E2-F2 -> 0 | H2: 210.02 | I2: 210.02 | J2: =H2-I2 -> 0 | K2: ELLY & DIONIZ | M2: DATE | N2: 03.05.2026
B3: 4 | C3: 49.54 | D3: 1.18 | E3: 4 | F3: 4 | G3: =E3-F3 -> 0 | H3: 83.74 | I3: 83.74 | J3: =H3-I3 -> 0 | M3: QTY | S3: %
B4: 5 | C4: 48.8 | D4: 1.27 | E4: 11 | F4: 11 | G4: =E4-F4 -> 0 | H4: 263 | I4: 263 | J4: =H4-I4 -> 0 | M4: HG | N4: LG | O4: HG-MgO | P4: LG-MgO | Q4: CLAY | R4: Total | S4: HG | T4: LG | U4: HG-MgO | V4: LG-MgO | W4: CLAY
B5: 6 | C5: 49.07 | D5: 1.24 | E5: 7 | F5: 7 | G5: =E5-F5 -> 0 | H5: 175.48 | I5: 175.48 | J5: =H5-I5 -> 0 | M5: 2272.42 | N5: 357.9 | O5: 0 | P5: 0 | Q5: 126 | R5: =SUM(M5:Q5) -> 2756.32 | S5: =(M5/R5)*100 -> 82.443983 | T5: =(N5/R5)*100 -> 12.984704 | U5: =(O5/R5)*100 -> 0 | V5: =(P5/R5)*100 -> 0 | W5: =(Q5/R5)*100 -> 4.5713125
B6: 7 | C6: 49.29 | D6: 1.14 | E6: 6 | F6: 6 | G6: =E6-F6 -> 0 | H6: 142.7 | I6: 142.7 | J6: =H6-I6 -> 0
B7: 9.5 | C7: 47.85 | D7: 1.78 | E7: 14 | F7: 14 | G7: =E7-F7 -> 0 | H7: 281.78 | I7: 281.78 | J7: =H7-I7 -> 0 | K7: KAIMU & SAID B
B8: 11 | C8: 47.63 | D8: 1.42 | E8: 8 | F8: 8 | G8: =E8-F8 -> 0 | H8: 159.92 | I8: 159.92 | J8: =H8-I8 -> 0
B9: 12 | C9: 45.61 | D9: 0.88 | E9: 2 | F9: 2 | G9: =E9-F9 -> 0 | H9: 38.58 | I9: 38.58 | J9: =H9-I9 -> 0
B10: 13 | C10: 48.87 | D10: 1.94 | E10: 9 | F10: 9 | G10: =E10-F10 -> 0 | H10: 164.18 | I10: 164.18 | J10: =H10-I10 -> 0
B11: 14 | C11: 47.24 | D11: 3.08 | E11: 3 | F11: 3 | G11: =E11-F11 -> 0 | H11: 49.5 | I11: 49.5 | J11: =H11-I11 -> 0
B12: 15 | C12: 49.33 | D12: 1.1 | E12: 12 | F12: 12 | G12: =E12-F12 -> 0 | H12: 231.5 | I12: 231.5 | J12: =H12-I12 -> 0
B13: 16 | C13: 50.22 | D13: 0.98 | E13: 10 | F13: 10 | G13: =E13-F13 -> 0 | H13: 206.9 | I13: 206.9 | J13: =H13-I13 -> 0
B14: 17 | C14: 40.35 | D14: 0.96 | E14: 9 | F14: 9 | G14: =E14-F14 -> 0 | H14: 179.456 | I14: 179.456 | J14: =H14-I14 -> 0
B15: 18 | C15: 45.69 | D15: 1.06 | E15: 5 | F15: 5 | G15: =E15-F15 -> 0 | H15: 94.74 | I15: 94.74 | J15: =H15-I15 -> 0
B16: 19 | C16: 45.8 | D16: 1.51 | E16: 9 | F16: 9 | G16: =E16-F16 -> 0 | H16: 170.38 | I16: 170.38 | J16: =H16-I16 -> 0
B17: 21 | C17: 2.64 | D17: 0.56 | E17: 6 | F17: 6 | G17: =E17-F17 -> 0 | H17: 126 | I17: 126 | J17: =H17-I17 -> 0 | K17: ELLY & DIONIZ | L17: CLAY
B18: 23 | C18: 37.42 | D18: 1.02 | E18: 7 | F18: 7 | G18: =E18-F18 -> 0 | H18: 178.44 | I18: 178.44 | J18: =H18-I18 -> 0 | L18: CEMENT MILL
B19: Total | E19: =SUM(E2:E18) -> 132 | F19: =SUM(F2:F18) -> 132 | G19: =SUM(G2:G18) -> 0 | H19: =SUM(H2:H18) -> 2756.316 | I19: =SUM(I2:I18) -> 2756.316 | J19: =SUM(J2:J18) -> 0

Sheet 04.05.2026
A1: Date | B1: Time | C1: % Cao | D1: % MgO | E1: No of Trips as per Shift Chemist. | F1: No of Trips as per WB | G1: Diff in No of Trips | H1: QC Chemist. Weights | I1: WB Weight | J1: Diff in Weight | K1: Shift Chemist. Names
A2: =N2 -> 04.05.2026 | B2: 24 | C2: 47.36 | D2: 1.23 | E2: 7 | F2: 7 | G2: =E2-F2 -> 0 | H2: 153.26 | I2: 153.26 | J2: =H2-I2 -> 0 | K2: KAIMU & SAID B | M2: DATE | N2: 04.05.2026
B3: 1 | C3: 49.2 | D3: 0.95 | E3: 9 | F3: 9 | G3: =E3-F3 -> 0 | H3: 189.96 | I3: 189.96 | J3: =H3-I3 -> 0 | M3: QTY | S3: %
B4: 2 | C4: 49.52 | D4: 0.97 | E4: 10 | F4: 10 | G4: =E4-F4 -> 0 | H4: 211.32 | I4: 211.32 | J4: =H4-I4 -> 0 | M4: HG | N4: LG | O4: HG-MgO | P4: LG-MgO | Q4: CLAY | R4: Total | S4: HG | T4: LG | U4: HG-MgO | V4: LG-MgO | W4: CLAY
B5: 3 | C5: 48.28 | D5: 0.9 | E5: 9 | F5: 9 | G5: =E5-F5 -> 0 | H5: 191.28 | I5: 191.28 | J5: =H5-I5 -> 0 | M5: 1371.6 | N5: 959.54 | O5: 0 | P5: 0 | Q5: 70.7 | R5: =SUM(M5:Q5) -> 2401.84 | S5: =(M5/R5)*100 -> 57.106219 | T5: =(N5/R5)*100 -> 39.950205 | U5: =(O5/R5)*100 -> 0 | V5: =(P5/R5)*100 -> 0 | W5: =(Q5/R5)*100 -> 2.9435766
B6: 4 | C6: 46.23 | D6: 0.92 | E6: 2 | F6: 2 | G6: =E6-F6 -> 0 | H6: 45.48 | I6: 45.48 | J6: =H6-I6 -> 0
B7: 5 | C7: 49.53 | D7: 1.47 | E7: 2 | F7: 2 | G7: =E7-F7 -> 0 | H7: 46.28 | I7: 46.28 | J7: =H7-I7 -> 0
B8: 6 | C8: 48.31 | D8: 1.27 | E8: 3 | F8: 3 | G8: =E8-F8 -> 0 | H8: 67.14 | I8: 67.14 | J8: =H8-I8 -> 0
B9: 7 | C9: 49.5 | D9: 0.97 | E9: 4 | F9: 4 | G9: =E9-F9 -> 0 | H9: 86.48 | I9: 86.48 | J9: =H9-I9 -> 0
B10: 9.3 TO 11 | C10: 42.81 | D10: 1.11 | E10: 12 | F10: 12 | G10: =E10-F10 -> 0 | H10: 241.32 | I10: 241.32 | J10: =H10-I10 -> 0 | K10: ABDUL & BINGORA
B11: 11 | C11: 44.73 | D11: 1.66 | E11: 6 | F11: 6 | G11: =E11-F11 -> 0 | H11: 109.48 | I11: 109.48 | J11: =H11-I11 -> 0
B12: 12 TO 14 | C12: 45.83 | D12: 1.51 | E12: 10 | F12: 10 | G12: =E12-F12 -> 0 | H12: 192.82 | I12: 192.82 | J12: =H12-I12 -> 0
B13: 14 | C13: 44.74 | D13: 1.58 | E13: 6 | F13: 6 | G13: =E13-F13 -> 0 | H13: 112.48 | I13: 112.48 | J13: =H13-I13 -> 0
B14: 15 TO 17 | C14: 44.94 | D14: 1.4 | E14: 12 | F14: 12 | G14: =E14-F14 -> 0 | H14: 233.16 | I14: 233.16 | J14: =H14-I14 -> 0
B15: 18.40 TO 19.30 | C15: 47.42 | D15: 1.93 | E15: 9 | F15: 9 | G15: =E15-F15 -> 0 | H15: 187.58 | I15: 187.58 | J15: =H15-I15 -> 0
B16: 21.4 | C16: 43.76 | D16: 1.39 | E16: 11 | F16: 11 | G16: =E16-F16 -> 0 | H16: 263.1 | I16: 263.1 | J16: =H16-I16 -> 0 | K16: KAIMU & SAID B
B17: 23.55 | C17: 5.43 | D17: 0.59 | E17: 3 | F17: 3 | G17: =E17-F17 -> 0 | H17: 70.7 | I17: 70.7 | J17: =H17-I17 -> 0
B18: Total | E18: =SUM(E2:E17) -> 115 | F18: =SUM(F2:F17) -> 115 | G18: =SUM(G2:G17) -> 0 | H18: =SUM(H2:H17) -> 2401.84 | I18: =SUM(I2:I17) -> 2401.84 | J18: =SUM(J2:J17) -> 0

Sheet 05.05.2026
A1: Date | B1: Time | C1: % Cao | D1: % MgO | E1: No of Trips as per Shift Chemist. | F1: No of Trips as per WB | G1: Diff in No of Trips | H1: QC Chemist. Weights | I1: WB Weight | J1: Diff in Weight | K1: Shift Chemist. Names
A2: =N2 -> 05.05.2026 | B2: 0.5 | C2: 41.94 | D2: 1.25 | E2: 5 | F2: 5 | G2: =E2-F2 -> 0 | H2: 124.52 | I2: 124.52 | J2: =H2-I2 -> 0 | K2: KAIMU & SAID B | M2: DATE | N2: 05.05.2026
B3: 1.5 | C3: 46.52 | D3: 1.18 | E3: 11 | F3: 11 | G3: =E3-F3 -> 0 | H3: 275.24 | I3: 275.24 | J3: =H3-I3 -> 0 | M3: QTY | S3: %
B4: 3 | C4: 47.8 | D4: 1.55 | E4: 6 | F4: 6 | G4: =E4-F4 -> 0 | H4: 154.86 | I4: 154.86 | J4: =H4-I4 -> 0 | M4: HG | N4: LG | O4: HG-MgO | P4: LG-MgO | Q4: CLAY | R4: Total | S4: HG | T4: LG | U4: HG-MgO | V4: LG-MgO | W4: CLAY
B5: 4 | C5: 47.44 | D5: 1.29 | E5: 9 | F5: 9 | G5: =E5-F5 -> 0 | H5: 234.96 | I5: 234.96 | J5: =H5-I5 -> 0 | M5: 2645 | N5: 421.72 | O5: 0 | P5: 0 | Q5: 0 | R5: =SUM(M5:Q5) -> 3066.72 | S5: =(M5/R5)*100 -> 86.2485 | T5: =(N5/R5)*100 -> 13.7515 | U5: =(O5/R5)*100 -> 0 | V5: =(P5/R5)*100 -> 0 | W5: =(Q5/R5)*100 -> 0
B6: 5 | C6: 48.98 | D6: 1.17 | E6: 9 | F6: 9 | G6: =E6-F6 -> 0 | H6: 246.26 | I6: 246.26 | J6: =H6-I6 -> 0
B7: 6 | C7: 49.77 | D7: 1.08 | E7: 2 | F7: 2 | G7: =E7-F7 -> 0 | H7: 53.18 | I7: 53.18 | J7: =H7-I7 -> 0
B8: 7 | C8: 48.96 | D8: 1.06 | E8: 6 | F8: 6 | G8: =E8-F8 -> 0 | H8: 138.46 | I8: 138.46 | J8: =H8-I8 -> 0
B9: 10.40 TO 12 | C9: 47.67 | D9: 1.15 | E9: 12 | F9: 17 | G9: 5 | H9: 270.92 | I9: 351.52 | J9: 60.6 | K9: ABDUL & BINGORA
B10: 12 | C10: 49.11 | D10: 1.2 | E10: 9 | F10: 11 | G10: 2 | H10: 203.94 | I10: 248.64 | J10: 44.7
B11: 15 | C11: 48.3 | D11: 1.23 | E11: 13 | F11: 13 | G11: =E11-F11 -> 0 | H11: 268.9 | I11: 268.9 | J11: =H11-I11 -> 0
B12: 16 | C12: 50.68 | D12: 1.4 | E12: 11 | F12: 11 | G12: =E12-F12 -> 0 | H12: 185.7 | I12: 185.7 | J12: =H12-I12 -> 0
B13: 17 TO 19 | C13: 45.02 | D13: 1.05 | E13: 14 | F13: 14 | G13: =E13-F13 -> 0 | H13: 258.66 | I13: 258.66 | J13: =H13-I13 -> 0
B14: 19.3 | C14: 48.39 | D14: 0.93 | E14: 5 | F14: 5 | G14: =E14-F14 -> 0 | H14: 95.16 | I14: 95.16 | J14: =H14-I14 -> 0
B15: 21.4 | C15: 44.44 | D15: 0.89 | E15: 14 | F15: 14 | G15: =E15-F15 -> 0 | H15: 297.2 | I15: 297.2 | J15: =H15-I15 -> 0 | K15: KAIMU & SAID B
B16: 23.3 | C16: 47.12 | D16: 0.99 | E16: 6 | F16: 6 | G16: =E16-F16 -> 0 | H16: 133.46 | I16: 133.46 | J16: =H16-I16 -> 0
B17: Total | E17: =SUM(E2:E16) -> 132 | F17: =SUM(F2:F16) -> 139 | G17: =SUM(G2:G16) -> 7 | H17: =SUM(H2:H16) -> 2941.42 | I17: =SUM(I2:I16) -> 3066.72 | J17: =SUM(J2:J16) -> 105.3

Sheet 06.05.2026
A1: Date | B1: Time | C1: % Cao | D1: % MgO | E1: No of Trips as per Shift Chemist. | F1: No of Trips as per WB | G1: Diff in No of Trips | H1: QC Chemist. Weights | I1: WB Weight | J1: Diff in Weight | K1: Shift Chemist. Names
A2: =N2 -> 06.05.2026 | B2: 24 | C2: 49.57 | D2: 1.6 | E2: 5 | F2: 5 | G2: =E2-F2 -> 0 | H2: 109.28 | I2: 109.28 | J2: =H2-I2 -> 0 | K2: KAIMU & SAID B | M2: DATE | N2: 06.05.2026
B3: 1 | C3: 49.6 | D3: 1.15 | E3: 9 | F3: 9 | G3: =E3-F3 -> 0 | H3: 208.32 | I3: 208.32 | J3: =H3-I3 -> 0 | M3: QTY | S3: %
B4: 2 | C4: 50.48 | D4: 0.96 | E4: 5 | F4: 5 | G4: =E4-F4 -> 0 | H4: 113.96 | I4: 113.96 | J4: =H4-I4 -> 0 | M4: HG | N4: LG | O4: HG-MgO | P4: LG-MgO | Q4: CLAY | R4: Total | S4: HG | T4: LG | U4: HG-MgO | V4: LG-MgO | W4: CLAY
B5: 5 | C5: 47.64 | D5: 1.01 | E5: 1 | F5: 1 | G5: =E5-F5 -> 0 | H5: 21 | I5: 21 | J5: =H5-I5 -> 0 | M5: 1883.34 | N5: 105 | O5: 0 | P5: 0 | Q5: 0 | R5: =SUM(M5:Q5) -> 1988.34 | S5: =(M5/R5)*100 -> 94.719213 | T5: =(N5/R5)*100 -> 5.280787 | U5: =(O5/R5)*100 -> 0 | V5: =(P5/R5)*100 -> 0 | W5: =(Q5/R5)*100 -> 0
B6: 7 | C6: 50.41 | D6: 0.99 | E6: 2 | F6: 2 | G6: =E6-F6 -> 0 | H6: 37.56 | I6: 37.56 | J6: =H6-I6 -> 0
B7: 10 | C7: 49.15 | D7: 0.93 | E7: 13 | F7: 15 | G7: 2 | H7: 270.4 | I7: 306.82 | J7: 36.42 | K7: ELLY & TEDDY
B8: 11 | C8: 50.49 | D8: 0.93 | E8: 9 | F8: 9 | G8: =E8-F8 -> 0 | H8: 193.78 | I8: 193.78 | J8: =H8-I8 -> 0
B9: 12TO 14 | C9: 49.12 | D9: 1.04 | E9: 7 | F9: 7 | G9: =E9-F9 -> 0 | H9: 146.66 | I9: 146.66 | J9: =H9-I9 -> 0
B10: 14 | C10: 50.16 | D10: 0.94 | E10: 7 | F10: 7 | G10: =E10-F10 -> 0 | H10: 152.22 | I10: 152.22 | J10: =H10-I10 -> 0
B11: 16 | C11: 50.2 | D11: 0.89 | E11: 9 | F11: 9 | G11: =E11-F11 -> 0 | H11: 176.94 | I11: 176.94 | J11: =H11-I11 -> 0
B12: 17 | C12: 50.94 | D12: 0.89 | E12: 6 | F12: 6 | G12: =E12-F12 -> 0 | H12: 105.88 | I12: 105.88 | J12: =H12-I12 -> 0
B13: 19 | C13: 49.22 | D13: 0.97 | E13: 1 | F13: 1 | G13: =E13-F13 -> 0 | H13: 21 | I13: 21 | J13: =H13-I13 -> 0
B14: 21 | C14: 50.44 | D14: 1.58 | E14: 9 | F14: 9 | G14: =E14-F14 -> 0 | H14: 186.46 | I14: 186.46 | J14: =H14-I14 -> 0 | K14: ABDUL & BINGORA
B15: 22 | C15: 42.12 | D15: 1.64 | E15: 5 | F15: 5 | G15: =E15-F15 -> 0 | H15: 105 | I15: 105 | J15: =H15-I15 -> 0
B16: 23 | C16: 49.61 | D16: 2.01 | E16: 5 | F16: 5 | G16: =E16-F16 -> 0 | H16: 124.78 | I16: 103.46 | J16: =H16-I16 -> 21.32
B17: Total | E17: =SUM(E2:E16) -> 93 | F17: =SUM(F2:F16) -> 95 | G17: =SUM(G2:G16) -> 2 | H17: =SUM(H2:H16) -> 1973.24 | I17: =SUM(I2:I16) -> 1988.34 | J17: =SUM(J2:J16) -> 57.74

Sheet 07.05.2026
A1: Date | B1: Time | C1: % Cao | D1: % MgO | E1: No of Trips as per Shift Chemist. | F1: No of Trips as per WB | G1: Diff in No of Trips | H1: QC Chemist. Weights | I1: WB Weight | J1: Diff in Weight | K1: Shift Chemist. Names
A2: =N2 -> 07.05.2026 | B2: 01 TO 3 | C2: 49.6 | D2: 1.69 | E2: 10 | F2: 10 | G2: =E2-F2 -> 0 | H2: 201.14 | I2: 201.14 | J2: =H2-I2 -> 0 | K2: ABDUL & BINGORA | M2: DATE | N2: 07.05.2026
B3: 3 | C3: 49.07 | D3: 1.66 | E3: 9 | F3: 9 | G3: =E3-F3 -> 0 | H3: 163.62 | I3: 163.62 | J3: =H3-I3 -> 0 | M3: QTY | S3: %
B4: 4 TO 6 | C4: 50.31 | D4: 1.43 | E4: 19 | F4: 19 | G4: =E4-F4 -> 0 | H4: 370.3 | I4: 370.3 | J4: =H4-I4 -> 0 | M4: HG | N4: LG | O4: HG-MgO | P4: LG-MgO | Q4: CLAY | R4: Total | S4: HG | T4: LG | U4: HG-MgO | V4: LG-MgO | W4: CLAY
B5: 10 | C5: 48.84 | D5: 0.697 | E5: 11 | F5: 11 | G5: =E5-F5 -> 0 | H5: 191.36 | I5: 191.36 | J5: =H5-I5 -> 0 | K5: ELLY & DIONIZ | M5: 2296.82 | N5: 147 | O5: 0 | P5: 0 | Q5: 0 | R5: =SUM(M5:Q5) -> 2443.82 | S5: =(M5/R5)*100 -> 93.984827 | T5: =(N5/R5)*100 -> 6.015173 | U5: =(O5/R5)*100 -> 0 | V5: =(P5/R5)*100 -> 0 | W5: =(Q5/R5)*100 -> 0
B6: 11 | C6: 48.93 | D6: 0.95 | E6: 6 | F6: 6 | G6: =E6-F6 -> 0 | H6: 109.58 | I6: 109.58 | J6: =H6-I6 -> 0
B7: 17 | C7: 47.1 | D7: 1.19 | E7: 5 | F7: 5 | G7: =E7-F7 -> 0 | H7: 103.72 | I7: 103.72 | J7: =H7-I7 -> 0
B8: 18 | C8: 47.51 | D8: 1.07 | E8: 12 | F8: 12 | G8: =E8-F8 -> 0 | H8: 237.66 | I8: 237.66 | J8: =H8-I8 -> 0
B9: 19 | C9: 49.84 | D9: 1.08 | E9: 7 | F9: 7 | G9: =E9-F9 -> 0 | H9: 147 | I9: 147 | J9: =H9-I9 -> 0
B10: 19.3 | C10: 41.56 | D10: 1.26 | E10: 7 | F10: 7 | G10: =E10-F10 -> 0 | H10: =21*7 -> 147 | I10: 147 | J10: =H10-I10 -> 0
B11: 21 | C11: 50.04 | D11: 2.37 | E11: 12 | F11: 12 | G11: =E11-F11 -> 0 | H11: 253.5 | I11: 253.5 | J11: =H11-I11 -> 0 | K11: ABDUL & BINGORA
B12: 22 | C12: 48.52 | D12: 3.83 | E12: 13 | F12: 13 | G12: =E12-F12 -> 0 | H12: 292.2 | I12: 292.2 | J12: =H12-I12 -> 0
B13: 23 | C13: 49.74 | D13: 1.7 | E13: 11 | F13: 11 | G13: =E13-F13 -> 0 | H13: 226.74 | I13: 226.74 | J13: =H13-I13 -> 0
B14: Total | E14: =SUM(E2:E13) -> 122 | F14: =SUM(F2:F13) -> 122 | G14: =SUM(G2:G13) -> 0 | H14: =SUM(H2:H13) -> 2443.82 | I14: =SUM(I2:I13) -> 2443.82 | J14: =SUM(J2:J13) -> 0

Sheet 08.05.2026
A1: Date | B1: Time | C1: % Cao | D1: % MgO | E1: No of Trips as per Shift Chemist. | F1: No of Trips as per WB | G1: Diff in No of Trips | H1: QC Chemist. Weights | I1: WB Weight | J1: Diff in Weight | K1: Shift Chemist. Names
A2: =N2 -> 08.05.2026 | B2: 0 | C2: 48.68 | D2: 1.04 | E2: 4 | F2: 4 | G2: =E2-F2 -> 0 | H2: 76.14 | I2: 76.14 | J2: =H2-I2 -> 0 | K2: ABDUL & BINGORA | M2: DATE | N2: 08.05.2026
B3: 1 | C3: 48.29 | D3: 0.93 | E3: 13 | F3: 13 | G3: =E3-F3 -> 0 | H3: 292.38 | I3: 292.38 | J3: =H3-I3 -> 0 | M3: QTY | S3: %
B4: 2 | C4: 50.07 | D4: 1.03 | E4: 8 | F4: 8 | G4: =E4-F4 -> 0 | H4: 197.74 | I4: 197.74 | J4: =H4-I4 -> 0 | M4: HG | N4: LG | O4: HG-MgO | P4: LG-MgO | Q4: CLAY | R4: Total | S4: HG | T4: LG | U4: HG-MgO | V4: LG-MgO | W4: CLAY
B5: 3 | C5: 49.02 | D5: 1.03 | E5: 5 | F5: 5 | G5: =E5-F5 -> 0 | H5: 120.7 | I5: 120.7 | J5: =H5-I5 -> 0 | M5: 2447.34 | N5: 910.88 | O5: 0 | P5: 0 | Q5: 0 | R5: =SUM(M5:Q5) -> 3358.22 | S5: =(M5/R5)*100 -> 72.876107 | T5: =(N5/R5)*100 -> 27.123893 | U5: =(O5/R5)*100 -> 0 | V5: =(P5/R5)*100 -> 0 | W5: =(Q5/R5)*100 -> 0
B6: 4.00 TO 5.00 | C6: 49.77 | D6: 1.04 | E6: 15 | F6: 15 | G6: =E6-F6 -> 0 | H6: 374.96 | I6: 374.96 | J6: =H6-I6 -> 0
B7: 6 | C7: 37.12 | D7: 1.11 | E7: 5 | F7: 5 | G7: =E7-F7 -> 0 | H7: 123.24 | I7: 123.24 | J7: =H7-I7 -> 0
B8: 7 | C8: 49.454 | D8: 1.19 | E8: 4 | F8: 4 | G8: =E8-F8 -> 0 | H8: 75.82 | I8: 75.82 | J8: =H8-I8 -> 0
B9: 9 | C9: 50.12 | D9: 1.03 | E9: 4 | F9: 4 | G9: =E9-F9 -> 0 | H9: 75.6 | I9: 75.6 | J9: =H9-I9 -> 0 | K9: SAID & KAIMU
B10: 10 | C10: 47.85 | D10: 1.02 | E10: 7 | F10: 7 | G10: =E10-F10 -> 0 | H10: 154.8 | I10: 154.8 | J10: =H10-I10 -> 0
B11: 11 | C11: 45.71 | D11: 1.01 | E11: 12 | F11: 12 | G11: =E11-F11 -> 0 | H11: 266.4 | I11: 266.4 | J11: =H11-I11 -> 0
B12: 12 | C12: 45.98 | D12: 0.98 | E12: 10 | F12: 10 | G12: =E12-F12 -> 0 | H12: 210.68 | I12: 210.68 | J12: =H12-I12 -> 0
B13: 14 | C13: 42.5 | D13: 1.38 | E13: 4 | F13: 4 | G13: =E13-F13 -> 0 | H13: 82.32 | I13: 82.32 | J13: =H13-I13 -> 0
B14: 15 | C14: 38.29 | D14: 1.07 | E14: 8 | F14: 8 | G14: =E14-F14 -> 0 | H14: 172.52 | I14: 172.52 | J14: =H14-I14 -> 0
B15: 16 | C15: 39.02 | D15: 0.99 | E15: 7 | F15: 7 | G15: =E15-F15 -> 0 | H15: 152.56 | I15: 152.56 | J15: =H15-I15 -> 0
B16: 17 | C16: 44.72 | D16: 0.95 | E16: 9 | F16: 9 | G16: =E16-F16 -> 0 | H16: 193.12 | I16: 193.12 | J16: =H16-I16 -> 0 | L16: CORRECTION PILE
B17: 18 | C17: 41.33 | D17: 1.21 | E17: 4 | F17: 4 | G17: =E17-F17 -> 0 | H17: 85.18 | I17: 85.18 | J17: =H17-I17 -> 0
B18: 19 | C18: 37.92 | D18: 0.99 | E18: 5 | F18: 5 | G18: =E18-F18 -> 0 | H18: 101.94 | I18: 101.94 | J18: =H18-I18 -> 0
B19: 21 | C19: 49.5 | D19: 1.61 | E19: 8 | F19: 8 | G19: =E19-F19 -> 0 | H19: 165.76 | I19: 165.76 | J19: =H19-I19 -> 0 | K19: ABDUL & ELLY
B20: 22 | C20: 49.05 | D20: 2.63 | E20: 11 | F20: 11 | G20: =E20-F20 -> 0 | H20: 226 | I20: 226 | J20: =H20-I20 -> 0
B21: 23 | C21: 49.94 | D21: 1.76 | E21: 10 | F21: 10 | G21: =E21-F21 -> 0 | H21: 210.36 | I21: 210.36 | J21: =H21-I21 -> 0
B22: Total | E22: =SUM(E2:E21) -> 153 | F22: =SUM(F2:F21) -> 153 | G22: =SUM(G2:G18) -> 0 | H22: =SUM(H2:H21) -> 3358.22 | I22: =SUM(I2:I21) -> 3358.22 | J22: =SUM(J2:J18) -> 0

Sheet 09.05.2026
A1: Date | B1: Time | C1: % Cao | D1: % MgO | E1: No of Trips as per Shift Chemist. | F1: No of Trips as per WB | G1: Diff in No of Trips | H1: QC Chemist. Weights | I1: WB Weight | J1: Diff in Weight | K1: Shift Chemist. Names
A2: =N2 -> 09.05.2026 | B2: 24 | C2: 49.65 | D2: 1.17 | E2: 14 | F2: 14 | G2: =E2-F2 -> 0 | H2: 296.54 | I2: 296.54 | J2: =H2-I2 -> 0 | K2: ABDUL & BINGORA | M2: DATE | N2: 09.05.2026
B3: 2 TO 05 | C3: 50.12 | D3: 0.98 | E3: 15 | F3: 15 | G3: =E3-F3 -> 0 | H3: 335.52 | I3: 335.52 | J3: =H3-I3 -> 0 | M3: QTY | S3: %
B4: 7 | C4: 50.33 | D4: 1.12 | E4: 5 | F4: 5 | G4: =E4-F4 -> 0 | H4: 108.1 | I4: 108.1 | J4: =H4-I4 -> 0 | M4: HG | N4: LG | O4: HG-MgO | P4: LG-MgO | Q4: CLAY | R4: Total | S4: HG | T4: LG | U4: HG-MgO | V4: LG-MgO | W4: CLAY
B5: 12 | C5: 47.24 | D5: 1.22 | E5: 6 | F5: 6 | G5: =E5-F5 -> 0 | H5: 120.74 | I5: 120.74 | J5: =H5-I5 -> 0 | K5: SAID & KAIMU | M5: 2153.18 | N5: 785.04 | O5: 0 | P5: 0 | Q5: 0 | R5: =SUM(M5:Q5) -> 2938.22 | S5: =(M5/R5)*100 -> 73.281783 | T5: =(N5/R5)*100 -> 26.718217 | U5: =(O5/R5)*100 -> 0 | V5: =(P5/R5)*100 -> 0 | W5: =(Q5/R5)*100 -> 0
B6: 13 | C6: 46.02 | D6: 1.352 | E6: 7 | F6: 7 | G6: =E6-F6 -> 0 | H6: 140.64 | I6: 140.64 | J6: =H6-I6 -> 0
B7: 14 | C7: 48.25 | D7: 1.24 | E7: 9 | F7: 9 | G7: =E7-F7 -> 0 | H7: 199.68 | I7: 199.68 | J7: =H7-I7 -> 0
B8: 15 | C8: 48.25 | D8: 1.24 | E8: 8 | F8: 8 | G8: =E8-F8 -> 0 | H8: 168.3 | I8: 168.3 | J8: =H8-I8 -> 0
B9: 16 | C9: 48.97 | D9: 1.18 | E9: 7 | F9: 7 | G9: =E9-F9 -> 0 | H9: 153.34 | I9: 153.34 | J9: =H9-I9 -> 0
B10: 17 | C10: 44.51 | D10: 1.69 | E10: 8 | F10: 8 | G10: =E10-F10 -> 0 | H10: 161.7 | I10: 161.7 | J10: =H10-I10 -> 0
B11: 18 | C11: 41.71 | D11: 1.29 | E11: 4 | F11: 4 | G11: =E11-F11 -> 0 | H11: 84.82 | I11: 84.82 | J11: =H11-I11 -> 0
B12: 19 | C12: 44.59 | D12: 0.77 | E12: 4 | F12: 4 | G12: =E12-F12 -> 0 | H12: 75.9 | I12: 75.9 | J12: =H12-I12 -> 0
B13: 5 | C13: 50.57 | D13: 1.16 | E13: 11 | F13: 11 | G13: =E13-F13 -> 0 | H13: 242.6 | I13: 242.6 | J13: =H13-I13 -> 0
B14: 6 | C14: 49.46 | D14: 1.19 | E14: 11 | F14: 11 | G14: =E14-F14 -> 0 | H14: 234.2 | I14: 234.2 | J14: =H14-I14 -> 0
B15: 10 | C15: 39.8 | D15: 1.18 | E15: 15 | F15: 15 | G15: =E15-F15 -> 0 | H15: 256.88 | I15: 256.88 | J15: =H15-I15 -> 0 | L15: CEMENT MILL
B16: 11 | C16: 40.211 | D16: 1.28 | E16: 11 | F16: 11 | G16: =E16-F16 -> 0 | H16: 205.74 | I16: 205.74 | J16: =H16-I16 -> 0
B17: 21 TO 01 | C17: 48.92 | D17: 1.41 | E17: 7 | F17: 7 | G17: =E17-F17 -> 0 | H17: 153.52 | I17: 153.52 | J17: =H17-I17 -> 0 | K17: ELLY
B18: Total | E18: =SUM(E2:E17) -> 142 | F18: =SUM(F2:F17) -> 142 | G18: =SUM(G2:G17) -> 0 | H18: =SUM(H2:H17) -> 2938.22 | I18: =SUM(I2:I17) -> 2938.22 | J18: =SUM(J2:J17) -> 0

Sheet 10.05.2026
A1: Date | B1: Time | C1: % Cao | D1: % MgO | E1: No of Trips as per Shift Chemist. | F1: No of Trips as per WB | G1: Diff in No of Trips | H1: QC Chemist. Weights | I1: WB Weight | J1: Diff in Weight | K1: Shift Chemist. Names
A2: =N2 -> 10.05.2026 | B2: 1.00 TO 3.00 | C2: 49.06 | D2: 1 | E2: 9 | F2: 9 | G2: =E2-F2 -> 0 | H2: 199.34 | I2: 199.34 | J2: =H2-I2 -> 0 | K2: ELLY & DIONIZE | M2: DATE | N2: 10.05.2026
B3: 3.00 TO 5.00 | C3: 29.35 | D3: 0.82 | E3: 9 | F3: 10 | G3: 1 | H3: 209.72 | I3: 235.22 | J3: 25.5 | M3: QTY | S3: %
B4: 5 | C4: 30.58 | D4: 0.98 | E4: 7 | F4: 7 | G4: =E4-F4 -> 0 | H4: 154.68 | I4: 154.68 | J4: =H4-I4 -> 0 | M4: HG | N4: LG | O4: HG-MgO | P4: LG-MgO | Q4: CLAY | R4: Total | S4: HG | T4: LG | U4: HG-MgO | V4: LG-MgO | W4: CLAY
B5: 6 | C5: 46.02 | D5: 1.03 | E5: 10 | F5: 10 | G5: =E5-F5 -> 0 | H5: 218.58 | I5: 218.58 | J5: =H5-I5 -> 0 | M5: 1697.24 | N5: 927.37 | O5: 0 | P5: 0 | Q5: 241.34 | R5: =SUM(M5:Q5) -> 2865.95 | S5: =(M5/R5)*100 -> 59.220852 | T5: =(N5/R5)*100 -> 32.358206 | U5: =(O5/R5)*100 -> 0 | V5: =(P5/R5)*100 -> 0 | W5: =(Q5/R5)*100 -> 8.4209424
B6: 9 | C6: 41.19 | D6: 0.83 | E6: 6 | F6: 6 | G6: =E6-F6 -> 0 | H6: 90.88 | I6: 132.2 | J6: 41.32 | K6: SAID & KAIMU | L6: C/MILL LIMESTONE
B7: 10 | C7: 8.76 | D7: 0.49 | E7: 8 | F7: 10 | G7: 2 | H7: 198.18 | I7: 241.34 | J7: 43.16 | L7: CLAY
B8: 12 | C8: 47.49 | D8: 1.91 | E8: 6 | F8: 6 | G8: =E8-F8 -> 0 | H8: 146.66 | I8: 145.78 | J8: =H8-I8 -> 0.88
B9: 14 | C9: 49.81 | D9: 0.92 | E9: 7 | F9: 7 | G9: =E9-F9 -> 0 | H9: 140.34 | I9: 140.34 | J9: =H9-I9 -> 0
B10: 15 | C10: 50.38 | D10: 1.14 | E10: 12 | F10: 12 | G10: =E10-F10 -> 0 | H10: 260.78 | I10: 260.78 | J10: =H10-I10 -> 0
B11: 16 | C11: 50.26 | D11: 1 | E11: 10 | F11: 10 | G11: =E11-F11 -> 0 | H11: 206.02 | I11: 206.02 | J11: =H11-I11 -> 0
B12: 17 | C12: 51.59 | D12: 1.02 | E12: 7 | F12: 7 | G12: =E12-F12 -> 0 | H12: 131.1 | I12: 131.1 | J12: =H12-I12 -> 0
B13: 18 | C13: 50.42 | D13: 1.53 | E13: 12 | F13: 12 | G13: =E13-F13 -> 0 | H13: 235.26 | I13: 235.26 | J13: =H13-I13 -> 0
B14: 19 | C14: 49.2 | D14: 2.77 | E14: 8 | F14: 8 | G14: =E14-F14 -> 0 | H14: 160.04 | I14: 160.04 | J14: =H14-I14 -> 0 | K14: ELLY & DIONIZE
B15: 22 | C15: 35.05 | D15: 1.18 | E15: 9 | F15: 9 | G15: =E15-F15 -> 0 | H15: 169.99 | I15: 169.99 | J15: =H15-I15 -> 0
B16: 23 | C16: 37.26 | D16: 1.22 | E16: 12 | F16: 12 | G16: =E16-F16 -> 0 | H16: 235.28 | I16: 235.28 | J16: =H16-I16 -> 0
B17: Total | E17: =SUM(E2:E16) -> 132 | F17: =SUM(F2:F16) -> 135 | G17: =SUM(G2:G16) -> 3 | H17: =SUM(H2:H16) -> 2756.85 | I17: =SUM(I2:I16) -> 2865.95 | J17: =SUM(J2:J16) -> 110.86

Sheet 11.05.2026
A1: Date | B1: Time | C1: % Cao | D1: % MgO | E1: No of Trips as per Shift Chemist. | F1: No of Trips as per WB | G1: Diff in No of Trips | H1: QC Chemist. Weights | I1: WB Weight | J1: Diff in Weight | K1: Shift Chemist. Names
A2: =N2 -> 11.05.2026 | B2: 0.00 TO 2.00 | C2: 40.25 | D2: 2.43 | E2: 8 | F2: 8 | G2: =E2-F2 -> 0 | H2: 168 | I2: 168 | J2: =H2-I2 -> 0 | K2: ELLY & ABDUL | M2: DATE | N2: 11.05.2026
B3: 2.00 TO 3.30 | C3: 49.22 | D3: 2 | E3: 17 | F3: 17 | G3: =E3-F3 -> 0 | H3: 364.72 | I3: 364.72 | J3: =H3-I3 -> 0 | L3: CORRECTION PILE | M3: QTY | S3: %
B4: 4 | C4: 35.47 | D4: 0.97 | E4: 3 | F4: 3 | G4: =E4-F4 -> 0 | H4: 62.88 | I4: 62.88 | J4: =H4-I4 -> 0 | L4: C/MILL LIMESTONE | M4: HG | N4: LG | O4: HG-MgO | P4: LG-MgO | Q4: CLAY | R4: Total | S4: HG | T4: LG | U4: HG-MgO | V4: LG-MgO | W4: CLAY
B5: 11 | C5: 49 | D5: 1.18 | E5: 12 | F5: 12 | G5: =E5-F5 -> 0 | H5: 273.7 | I5: 273.7 | J5: =H5-I5 -> 0 | K5: SAID & KAIMU | L5: CORRECTION PILE | M5: 1308.14 | N5: 449.68 | O5: 0 | P5: 0 | Q5: 60.3 | R5: =SUM(M5:Q5) -> 1818.12 | S5: =(M5/R5)*100 -> 71.950146 | T5: =(N5/R5)*100 -> 24.733241 | U5: =(O5/R5)*100 -> 0 | V5: =(P5/R5)*100 -> 0 | W5: =(Q5/R5)*100 -> 3.3166128
B6: 12 | C6: 48.52 | D6: 1.41 | E6: 8 | F6: 8 | G6: =E6-F6 -> 0 | H6: 183.52 | I6: 183.52 | J6: =H6-I6 -> 0
B7: 16 | C7: 3.29 | D7: 0.51 | E7: 3 | F7: 3 | G7: =E7-F7 -> 0 | H7: 60.3 | I7: 60.3 | J7: =H7-I7 -> 0 | L7: CLAY
B8: 16.30 TO 18.00 | C8: 43.62 | D8: 1.52 | E8: 10 | F8: 10 | G8: =E8-F8 -> 0 | H8: 218.8 | I8: 218.8 | J8: =H8-I8 -> 0 | L8: CORRECTION PILE
B9: 19 | C9: 49.36 | D9: 0.9 | E9: 8 | F9: 8 | G9: =E9-F9 -> 0 | H9: 167.22 | I9: 167.22 | J9: =H9-I9 -> 0
B10: 22 | C10: 50.29 | D10: 1.18 | E10: 7 | F10: 7 | G10: =E10-F10 -> 0 | H10: 150.8 | I10: 150.8 | J10: =H10-I10 -> 0 | K10: SAID & KAIMU
B11: 23 | C11: 47.6 | D11: 1.17 | E11: 8 | F11: 8 | G11: =E11-F11 -> 0 | H11: 168.18 | I11: 168.18 | J11: =H11-I11 -> 0
B12: Total | E12: =SUM(E2:E11) -> 84 | F12: =SUM(F2:F11) -> 84 | G12: =SUM(G2:G11) -> 0 | H12: =SUM(H2:H11) -> 1818.12 | I12: =SUM(I2:I11) -> 1818.12 | J12: =SUM(J2:J11) -> 0

Sheet 12.05.2026
A1: Date | B1: Time | C1: % Cao | D1: % MgO | E1: No of Trips as per Shift Chemist. | F1: No of Trips as per WB | G1: Diff in No of Trips | H1: QC Chemist. Weights | I1: WB Weight | J1: Diff in Weight | K1: Shift Chemist. Names
A2: =N2 -> 12.05.2026 | B2: 24 | C2: 45.13 | D2: 1.83 | E2: 6 | F2: 6 | G2: =E2-F2 -> 0 | H2: 124.8 | I2: 124.8 | J2: =H2-I2 -> 0 | K2: SAID & KAIMU | M2: DATE | N2: 12.05.2026
B3: 1 | C3: 45.83 | D3: 2.13 | E3: 8 | F3: 8 | G3: =E3-F3 -> 0 | H3: 173.44 | I3: 173.44 | J3: =H3-I3 -> 0 | M3: QTY | S3: %
B4: 2 | C4: 44.29 | D4: 1.93 | E4: 7 | F4: 7 | G4: =E4-F4 -> 0 | H4: 136.76 | I4: 136.76 | J4: =H4-I4 -> 0 | M4: HG | N4: LG | O4: HG-MgO | P4: LG-MgO | Q4: CLAY | R4: Total | S4: HG | T4: LG | U4: HG-MgO | V4: LG-MgO | W4: CLAY
B5: 3 | C5: 45.56 | D5: 2.31 | E5: 4 | F5: 4 | G5: =E5-F5 -> 0 | H5: 84.22 | I5: 84.22 | J5: =H5-I5 -> 0 | M5: 2701.56 | N5: 136.76 | O5: 0 | P5: 0 | Q5: 0 | R5: =SUM(M5:Q5) -> 2838.32 | S5: =(M5/R5)*100 -> 95.181657 | T5: =(N5/R5)*100 -> 4.8183432 | U5: =(O5/R5)*100 -> 0 | V5: =(P5/R5)*100 -> 0 | W5: =(Q5/R5)*100 -> 0
B6: 4 | C6: 47.58 | D6: 1.56 | E6: 5 | F6: 5 | G6: =E6-F6 -> 0 | H6: 105.9 | I6: 105.9 | J6: =H6-I6 -> 0 | K6: ABDUL & BINGORA
B7: 5 | C7: 45.55 | D7: 1.68 | E7: 5 | F7: 5 | G7: =E7-F7 -> 0 | H7: 106.06 | I7: 106.06 | J7: =H7-I7 -> 0
B8: 6.48-7 | C8: 45.1 | D8: 1.52 | E8: 6 | F8: 6 | G8: =E8-F8 -> 0 | H8: 131 | I8: 131 | J8: =H8-I8 -> 0
B9: 9 TO 11 | C9: 49.39 | D9: 1.05 | E9: 17 | F9: 17 | G9: =E9-F9 -> 0 | H9: 355.3 | I9: 355.3 | J9: =H9-I9 -> 0
B10: 11 | C10: 51.37 | D10: 1.2 | E10: 10 | F10: 10 | G10: =E10-F10 -> 0 | H10: 226.38 | I10: 226.38 | J10: =H10-I10 -> 0
B11: 12 | C11: 50.52 | D11: 1.5 | E11: 7 | F11: 7 | G11: =E11-F11 -> 0 | H11: 154.82 | I11: 154.82 | J11: =H11-I11 -> 0
B12: 14.30 TO 16 | C12: 50.84 | D12: 1 | E12: 15 | F12: 15 | G12: =E12-F12 -> 0 | H12: 335.84 | I12: 335.84 | J12: =H12-I12 -> 0
B13: 17 | C13: 49.9 | D13: 1.04 | E13: 14 | F13: 14 | G13: =E13-F13 -> 0 | H13: 284.98 | I13: 284.98 | J13: =H13-I13 -> 0
B14: 21 | C14: 50.46 | D14: 0.94 | E14: 10 | F14: 10 | G14: =E14-F14 -> 0 | H14: 240.5 | I14: 240.5 | J14: =H14-I14 -> 0 | K14: SAID & KAIMU
B15: 22 | C15: 49.39 | D15: 0.92 | E15: 10 | F15: 10 | G15: =E15-F15 -> 0 | H15: 207.12 | I15: 207.12 | J15: =H15-I15 -> 0
B16: 23 | C16: 50.4 | D16: 1.09 | E16: 8 | F16: 8 | G16: =E16-F16 -> 0 | H16: 171.2 | I16: 171.2 | J16: =H16-I16 -> 0
B17: Total | E17: =SUM(E2:E16) -> 132 | F17: =SUM(F2:F16) -> 132 | G17: =SUM(G2:G16) -> 0 | H17: =SUM(H2:H16) -> 2838.32 | I17: =SUM(I2:I16) -> 2838.32 | J17: =SUM(J2:J16) -> 0

Sheet 13.05.2026
A1: Date | B1: Time | C1: % Cao | D1: % MgO | E1: No of Trips as per Shift Chemist. | F1: No of Trips as per WB | G1: Diff in No of Trips | H1: QC Chemist. Weights | I1: WB Weight | J1: Diff in Weight | K1: Shift Chemist. Names
A2: =N2 -> 13.05.2026 | B2: 24 | C2: 46.09 | D2: 1.28 | E2: 9 | F2: 9 | G2: =E2-F2 -> 0 | H2: 167.12 | I2: 167.12 | J2: =H2-I2 -> 0 | K2: SAID & KAIMU | M2: DATE | N2: 13.05.2026
B3: 7 | C3: 38.57 | D3: 1.21 | E3: 4 | F3: 4 | G3: =E3-F3 -> 0 | H3: 90.56 | I3: 90.56 | J3: =H3-I3 -> 0 | M3: QTY | S3: %
B4: 12 | C4: 49.47 | D4: 1.67 | E4: 7 | F4: 7 | G4: =E4-F4 -> 0 | H4: 149.82 | I4: 149.82 | J4: =H4-I4 -> 0 | K4: ELLY & DIONIZ | M4: HG | N4: LG | O4: HG-MgO | P4: LG-MgO | Q4: CLAY | R4: Total | S4: HG | T4: LG | U4: HG-MgO | V4: LG-MgO | W4: CLAY
B5: 14 | C5: 50.14 | D5: 1.47 | E5: 3 | F5: 3 | G5: =E5-F5 -> 0 | H5: 109.98 | I5: 109.98 | J5: =H5-I5 -> 0 | M5: 2047.5 | N5: 841.76 | O5: 0 | P5: 0 | Q5: 0 | R5: =SUM(M5:Q5) -> 2889.26 | S5: =(M5/R5)*100 -> 70.865896 | T5: =(N5/R5)*100 -> 29.134104 | U5: =(O5/R5)*100 -> 0 | V5: =(P5/R5)*100 -> 0 | W5: =(Q5/R5)*100 -> 0
B6: 15 | C6: 50.08 | D6: 1.36 | E6: 9 | F6: 9 | G6: =E6-F6 -> 0 | H6: 203.84 | I6: 203.84 | J6: =H6-I6 -> 0
B7: 16 | C7: 50.37 | D7: 1.29 | E7: 12 | F7: 12 | G7: =E7-F7 -> 0 | H7: 258.14 | I7: 258.14 | J7: =H7-I7 -> 0
B8: 17 | C8: 50.02 | D8: 1.94 | E8: 8 | F8: 8 | G8: =E8-F8 -> 0 | H8: 169.66 | I8: 169.66 | J8: =H8-I8 -> 0
B9: 18 | C9: 46.32 | D9: 2.23 | E9: 8 | F9: 8 | G9: =E9-F9 -> 0 | H9: 170.48 | I9: 170.48 | J9: =H9-I9 -> 0
B10: 21 | C10: 38.1 | D10: 0.96 | E10: 11 | F10: 11 | G10: =E10-F10 -> 0 | H10: 203.56 | I10: 203.56 | J10: =H10-I10 -> 0
B11: 3 | C11: 35.94 | D11: 0.86 | E11: 9 | F11: 9 | G11: =E11-F11 -> 0 | H11: 170.5 | I11: 170.5 | J11: =H11-I11 -> 0
B12: 5 | C12: 32.31 | D12: 0.84 | E12: 10 | F12: 10 | G12: =E12-F12 -> 0 | H12: 184.92 | I12: 184.92 | J12: =H12-I12 -> 0
B13: 10 | C13: 49.54 | D13: 1.64 | E13: 9 | F13: 9 | G13: =E13-F13 -> 0 | H13: 184.76 | I13: 184.76 | J13: =H13-I13 -> 0
B14: 11 | C14: 50.09 | D14: 1.68 | E14: 12 | F14: 12 | G14: =E14-F14 -> 0 | H14: 259.98 | I14: 259.98 | J14: =H14-I14 -> 0
B15: 22 to 24 | C15: 47.18 | D15: 2.47 | E15: 16 | F15: 16 | G15: =E15-F15 -> 0 | H15: 373.72 | I15: 373.72 | J15: =H15-I15 -> 0 | K15: ABDUL & BINGORA
B16: 6 | C16: 35.31 | D16: 0.85 | E16: 10 | F16: 10 | G16: =E16-F16 -> 0 | H16: 192.22 | I16: 192.22 | J16: =H16-I16 -> 0 | L16: CEMENT MILL
B17: Total | E17: =SUM(E2:E16) -> 137 | F17: =SUM(F2:F16) -> 137 | G17: =SUM(G2:G16) -> 0 | H17: =SUM(H2:H16) -> 2889.26 | I17: =SUM(I2:I16) -> 2889.26 | J17: =SUM(J2:J16) -> 0

Sheet 14.05.2026
A1: Date | B1: Time | C1: % Cao | D1: % MgO | E1: No of Trips as per Shift Chemist. | F1: No of Trips as per WB | G1: Diff in No of Trips | H1: QC Chemist. Weights | I1: WB Weight | J1: Diff in Weight | K1: Shift Chemist. Names
A2: =N2 -> 14.05.2026 | B2: 2 | C2: 49.96 | D2: 1.47 | E2: 12 | F2: 12 | G2: =E2-F2 -> 0 | H2: 255.32 | I2: 255.32 | J2: =H2-I2 -> 0 | K2: BINGOLA & ABDUL | M2: DATE | N2: 14.05.2026
B3: 3 | C3: 50.65 | D3: 1.21 | E3: 10 | F3: 10 | G3: =E3-F3 -> 0 | H3: 227.32 | I3: 227.32 | J3: =H3-I3 -> 0 | M3: QTY | S3: %
B4: 4 | C4: 49.02 | D4: 1.48 | E4: 8 | F4: 8 | G4: =E4-F4 -> 0 | H4: 179.36 | I4: 179.36 | J4: =H4-I4 -> 0 | M4: HG | N4: LG | O4: HG-MgO | P4: LG-MgO | Q4: CLAY | R4: Total | S4: HG | T4: LG | U4: HG-MgO | V4: LG-MgO | W4: CLAY
B5: 5.00 TO 7.00 | C5: 49.2 | D5: 1.29 | E5: 15 | F5: 15 | G5: =E5-F5 -> 0 | H5: 288.28 | I5: 288.28 | J5: =H5-I5 -> 0 | M5: 1687.98 | N5: 775.6 | O5: 0 | P5: 0 | Q5: 0 | R5: =SUM(M5:Q5) -> 2463.58 | S5: =(M5/R5)*100 -> 68.517361 | T5: =(N5/R5)*100 -> 31.482639 | U5: =(O5/R5)*100 -> 0 | V5: =(P5/R5)*100 -> 0 | W5: =(Q5/R5)*100 -> 0
B6: 9.00 TO 10.45 | C6: 39.3 | D6: 1.04 | E6: 14 | F6: 14 | G6: =E6-F6 -> 0 | H6: 298.84 | I6: 298.84 | J6: =H6-I6 -> 0 | K6: ELLY & DIONIZ
B7: 11 | C7: 40.97 | D7: 1.02 | E7: 6 | F7: 6 | G7: =E7-F7 -> 0 | H7: 116.44 | I7: 116.44 | J7: =H7-I7 -> 0 | L7: C/MILL LIMESTONE
B8: 16 | C8: 39.2 | D8: 1.06 | E8: 14 | F8: 12 | G8: =E8-F8 -> 2 | H8: 257.82 | I8: 257.82 | J8: =H8-I8 -> 0
B9: 19 | C9: 35.94 | D9: 0.86 | E9: 5 | F9: 5 | G9: =E9-F9 -> 0 | H9: 102.5 | I9: 102.5 | J9: =H9-I9 -> 0
B10: 15 | C10: 48.65 | D10: 3.08 | E10: 10 | F10: 10 | G10: =E10-F10 -> 0 | H10: 204.66 | I10: 204.66 | J10: =H10-I10 -> 0
B11: 16 | C11: 46.55 | D11: 1.62 | E11: 6 | F11: 6 | G11: =E11-F11 -> 0 | H11: 131.76 | I11: 131.76 | J11: =H11-I11 -> 0
B12: 21.30 TO 23.00 | C12: 50.13 | D12: 1.35 | E12: 12 | F12: 12 | G12: =E12-F12 -> 0 | H12: 249.76 | I12: 249.76 | J12: =H12-I12 -> 0 | K12: ABDUL & BINGORA
B13: 23 | C13: 49.99 | D13: 1.52 | E13: 7 | F13: 7 | G13: =E13-F13 -> 0 | H13: 151.52 | I13: 151.52 | J13: =H13-I13 -> 0
B14: Total | E14: =SUM(E2:E13) -> 119 | F14: =SUM(F2:F13) -> 117 | G14: =SUM(G2:G13) -> 2 | H14: =SUM(H2:H13) -> 2463.58 | I14: =SUM(I2:I13) -> 2463.58 | J14: =SUM(J2:J13) -> 0

Sheet 15.05.2026
A1: Date | B1: Time | C1: % Cao | D1: % MgO | E1: No of Trips as per Shift Chemist. | F1: No of Trips as per WB | G1: Diff in No of Trips | H1: QC Chemist. Weights | I1: WB Weight | J1: Diff in Weight | K1: Shift Chemist. Names
A2: =N2 -> 15.05.2026 | B2: 2.30 TO 4.30 | C2: 43.96 | D2: 1.18 | E2: 16 | F2: 16 | G2: =E2-F2 -> 0 | H2: 314.6 | I2: 314.6 | J2: =H2-I2 -> 0 | K2: BINGOLA & ABDUL | L2: C/MILL LIMESTONE | M2: DATE | N2: 15.05.2026
B3: 9.30 TO 10.45 | C3: 48.08 | D3: 1.18 | E3: 7 | F3: 7 | G3: =E3-F3 -> 0 | H3: 136.48 | I3: 136.48 | J3: =H3-I3 -> 0 | K3: SAID & KAIMU | M3: QTY | S3: %
B4: 11 | C4: 50.18 | D4: 1.23 | E4: 11 | F4: 11 | G4: =E4-F4 -> 0 | H4: 220.64 | I4: 220.64 | J4: =H4-I4 -> 0 | M4: HG | N4: LG | O4: HG-MgO | P4: LG-MgO | Q4: CLAY | R4: Total | S4: HG | T4: LG | U4: HG-MgO | V4: LG-MgO | W4: CLAY
B5: 12 | C5: 48.48 | D5: 2.49 | E5: 13 | F5: 13 | G5: =E5-F5 -> 0 | H5: 259.78 | I5: 259.78 | J5: =H5-I5 -> 0 | M5: 1368.08 | N5: 1030.2 | O5: 0 | P5: 0 | Q5: 63.3 | R5: =SUM(M5:Q5) -> 2461.58 | S5: =(M5/R5)*100 -> 55.577312 | T5: =(N5/R5)*100 -> 41.851169 | U5: =(O5/R5)*100 -> 0 | V5: =(P5/R5)*100 -> 0 | W5: =(Q5/R5)*100 -> 2.5715191
B6: 13 | C6: 40.21 | D6: 1.62 | E6: 2 | F6: 2 | G6: =E6-F6 -> 0 | H6: 43.3 | I6: 43.3 | J6: =H6-I6 -> 0
B7: 13.3 | C7: 8.26 | D7: 1.09 | E7: 3 | F7: 3 | G7: =E7-F7 -> 0 | H7: 63.3 | I7: 63.3 | J7: =H7-I7 -> 0 | L7: CLAY
B8: 14 | C8: 47.55 | D8: 1.4 | E8: 10 | F8: 10 | G8: =E8-F8 -> 0 | H8: 203.28 | I8: 203.28 | J8: =H8-I8 -> 0
B9: 15 | C9: 50.05 | D9: 1.03 | E9: 10 | F9: 10 | G9: =E9-F9 -> 0 | H9: 206.4 | I9: 206.4 | J9: =H9-I9 -> 0
B10: 16 | C10: 49.48 | D10: 1.25 | E10: 10 | F10: 10 | G10: =E10-F10 -> 0 | H10: 207.34 | I10: 207.34 | J10: =H10-I10 -> 0
B11: 17 | C11: 49.34 | D11: 0.98 | E11: 7 | F11: 7 | G11: =E11-F11 -> 0 | H11: 134.16 | I11: 134.16 | J11: =H11-I11 -> 0
B12: 18 | C12: 39.74 | D12: 1.13 | E12: 8 | F12: 8 | G12: =E12-F12 -> 0 | H12: 159.42 | I12: 159.42 | J12: =H12-I12 -> 0
B13: 19 | C13: 41.4 | D13: 1.43 | E13: 5 | F13: 5 | G13: =E13-F13 -> 0 | H13: 107.08 | I13: 107.08 | J13: =H13-I13 -> 0
B14: 22 | C14: 41.22 | D14: 1.35 | E14: 6 | F14: 6 | G14: =E14-F14 -> 0 | H14: 124.64 | I14: 124.64 | J14: =H14-I14 -> 0 | K14: ABDUL & ELLY
B15: 23 | C15: 36.28 | D15: 1.07 | E15: 12 | F15: 12 | G15: =E15-F15 -> 0 | H15: 281.16 | I15: 281.16 | J15: =H15-I15 -> 0
B16: Total | E16: =SUM(E2:E15) -> 120 | F16: =SUM(F2:F15) -> 120 | G16: =SUM(G2:G15) -> 0 | H16: =SUM(H2:H15) -> 2461.58 | I16: =SUM(I2:I15) -> 2461.58 | J16: =SUM(J2:J15) -> 0

Sheet 16.05.2026
A1: Date | B1: Time | C1: % Cao | D1: % MgO | E1: No of Trips as per Shift Chemist. | F1: No of Trips as per WB | G1: Diff in No of Trips | H1: QC Chemist. Weights | I1: WB Weight | J1: Diff in Weight | K1: Shift Chemist. Names
A2: =N2 -> 16.05.2026 | B2: 24 | C2: 36.41 | D2: 1.18 | E2: 7 | F2: 7 | G2: =E2-F2 -> 0 | H2: 172.06 | I2: 172.06 | J2: =H2-I2 -> 0 | K2: ELLY & DIONIZ | M2: DATE | N2: 16.05.2026
B3: 2.2 | C3: 48.04 | D3: 0.96 | E3: 5 | F3: 5 | G3: =E3-F3 -> 0 | H3: 123.78 | I3: 123.78 | J3: =H3-I3 -> 0 | M3: QTY | S3: %
B4: 3 | C4: 49.74 | D4: 1.42 | E4: 8 | F4: 8 | G4: =E4-F4 -> 0 | H4: 171.78 | I4: 171.78 | J4: =H4-I4 -> 0 | M4: HG | N4: LG | O4: HG-MgO | P4: LG-MgO | Q4: CLAY | R4: Total | S4: HG | T4: LG | U4: HG-MgO | V4: LG-MgO | W4: CLAY
B5: 4 TO 6 | C5: 49.62 | D5: 1.41 | E5: 16 | F5: 16 | G5: =E5-F5 -> 0 | H5: 421.24 | I5: 421.24 | J5: =H5-I5 -> 0 | M5: 3203.86 | N5: 425.78 | O5: 0 | P5: 0 | Q5: 63.3 | R5: =SUM(M5:Q5) -> 3692.94 | S5: =(M5/R5)*100 -> 86.756351 | T5: =(N5/R5)*100 -> 11.529567 | U5: =(O5/R5)*100 -> 0 | V5: =(P5/R5)*100 -> 0 | W5: =(Q5/R5)*100 -> 1.7140815
B6: 6 to 7.30 | C6: 49.35 | D6: 1.78 | E6: 14 | F6: 14 | G6: =E6-F6 -> 0 | H6: 426.98 | I6: 426.98 | J6: =H6-I6 -> 0
B7: 9 | C7: 48.81 | D7: 1.38 | E7: 10 | F7: 10 | G7: =E7-F7 -> 0 | H7: 214.12 | I7: 214.12 | J7: =H7-I7 -> 0 | K7: SAID & KAIMU
B8: 10 | C8: 50.33 | D8: 1.41 | E8: 10 | F8: 10 | G8: =E8-F8 -> 0 | H8: 225.48 | I8: 225.48 | J8: =H8-I8 -> 0
B9: 11 | C9: 49.89 | D9: 1.29 | E9: 13 | F9: 13 | G9: =E9-F9 -> 0 | H9: 269.12 | I9: 269.12 | J9: =H9-I9 -> 0
B10: 12 | C10: 49.91 | D10: 1.46 | E10: 10 | F10: 10 | G10: =E10-F10 -> 0 | H10: 236.52 | I10: 236.52 | J10: =H10-I10 -> 0
B11: 13 | C11: 39.68 | D11: 2.02 | E11: 6 | F11: 6 | G11: =E11-F11 -> 0 | H11: 138.84 | I11: 138.84 | J11: =H11-I11 -> 0
B12: 14 | C12: 38.81 | D12: 2.12 | E12: 5 | F12: 5 | G12: =E12-F12 -> 0 | H12: 114.88 | I12: 114.88 | J12: =H12-I12 -> 0
B13: 15 | C13: 49.17 | D13: 0.97 | E13: 10 | F13: 10 | G13: =E13-F13 -> 0 | H13: 225.26 | I13: 225.26 | J13: =H13-I13 -> 0
B14: 16 | C14: 48.81 | D14: 0.88 | E14: 13 | F14: 13 | G14: =E14-F14 -> 0 | H14: 283.22 | I14: 283.22 | J14: =H14-I14 -> 0
B15: 17 | C15: 49.64 | D15: 2.32 | E15: 7 | F15: 7 | G15: =E15-F15 -> 0 | H15: 146.62 | I15: 146.62 | J15: =H15-I15 -> 0
B16: 22 | C16: 49.81 | D16: 1.53 | E16: 11 | F16: 11 | G16: =E16-F16 -> 0 | H16: 262.02 | I16: 262.02 | J16: =H16-I16 -> 0 | K16: ELLY & DIONIZ
B17: 23 | C17: 49.65 | D17: 1.29 | E17: 8 | F17: 8 | G17: =E17-F17 -> 0 | H17: 197.72 | I17: 197.72 | J17: =H17-I17 -> 0
B18: Total | E18: =SUM(E2:E17) -> 153 | F18: =SUM(F2:F17) -> 153 | G18: =SUM(G2:G17) -> 0 | H18: =SUM(H2:H17) -> 3629.64 | I18: =SUM(I2:I17) -> 3629.64 | J18: =SUM(J2:J17) -> 0

Sheet 17.05.2026
A1: Date | B1: Time | C1: % Cao | D1: % MgO | E1: No of Trips as per Shift Chemist. | F1: No of Trips as per WB | G1: Diff in No of Trips | H1: QC Chemist. Weights | I1: WB Weight | J1: Diff in Weight | K1: Shift Chemist. Names
A2: =N2 -> 17.05.2026 | B2: 24 | C2: 49.4 | D2: 1.17 | E2: 6 | F2: 6 | G2: =E2-F2 -> 0 | H2: 154.26 | I2: 154.26 | J2: =H2-I2 -> 0 | K2: ELLY & DIONIZ | M2: DATE | N2: 17.05.2026
B3: 1.2 | C3: 48.93 | D3: 1.4 | E3: 10 | F3: 10 | G3: =E3-F3 -> 0 | H3: 232.44 | I3: 232.44 | J3: =H3-I3 -> 0 | M3: QTY | S3: %
B4: 2 | C4: 48.82 | D4: 1.51 | E4: 3 | F4: 3 | G4: =E4-F4 -> 0 | H4: 62.04 | I4: 62.04 | J4: =H4-I4 -> 0 | M4: HG | N4: LG | O4: HG-MgO | P4: LG-MgO | Q4: CLAY | R4: Total | S4: HG | T4: LG | U4: HG-MgO | V4: LG-MgO | W4: CLAY
B5: 3 | C5: 48.5 | D5: 1.87 | E5: 6 | F5: 6 | G5: =E5-F5 -> 0 | H5: 159.36 | I5: 159.36 | J5: =H5-I5 -> 0 | M5: 1875.8 | N5: 859.1 | O5: 0 | P5: 0 | Q5: 0 | R5: =SUM(M5:Q5) -> 2734.9 | S5: =(M5/R5)*100 -> 68.587517 | T5: =(N5/R5)*100 -> 31.412483 | U5: =(O5/R5)*100 -> 0 | V5: =(P5/R5)*100 -> 0 | W5: =(Q5/R5)*100 -> 0
B6: 4 | C6: 48.6 | D6: 1.92 | E6: 12 | F6: 12 | G6: =E6-F6 -> 0 | H6: 310.86 | I6: 310.86 | J6: =H6-I6 -> 0
B7: 5 | C7: 49.3 | D7: 1.2 | E7: 3 | F7: 3 | G7: =E7-F7 -> 0 | H7: 77.96 | I7: 77.96 | J7: =H7-I7 -> 0
B8: 6 | C8: 49.39 | D8: 2 | E8: 6 | F8: 6 | G8: =E8-F8 -> 0 | H8: 137.72 | I8: 137.72 | J8: =H8-I8 -> 0
B9: 7 | C9: 48.29 | D9: 1.55 | E9: 6 | F9: 5 | G9: =E9-F9 -> 1 | H9: 126 | I9: 119.44 | J9: =H9-I9 -> 6.56
B10: 10 | C10: 44.59 | D10: 1.05 | E10: 6 | F10: 6 | G10: =E10-F10 -> 0 | H10: 125.48 | I10: 125.48 | J10: =H10-I10 -> 0 | K10: SAID & KAIMU
B11: 11 | C11: 43.84 | D11: 1.13 | E11: 10 | F11: 10 | G11: =E11-F11 -> 0 | H11: 206.34 | I11: 206.34 | J11: =H11-I11 -> 0
B12: 12 | C12: 41.19 | D12: 1.05 | E12: 5 | F12: 5 | G12: =E12-F12 -> 0 | H12: 85.62 | I12: 85.62 | J12: =H12-I12 -> 0
B13: 14 | C13: 48.63 | D13: 1.46 | E13: 7 | F13: 7 | G13: =E13-F13 -> 0 | H13: 149.5 | I13: 149.5 | J13: =H13-I13 -> 0
B14: 15.2 | C14: 50.73 | D14: 1.18 | E14: 5 | F14: 5 | G14: =E14-F14 -> 0 | H14: 104.44 | I14: 104.44 | J14: =H14-I14 -> 0
B15: 17.4 | C15: 47.24 | D15: 1.79 | E15: 12 | F15: 12 | G15: =E15-F15 -> 0 | H15: 221.16 | I15: 221.16 | J15: =H15-I15 -> 0
B16: 18.3 | C16: 39.21 | D16: 0.96 | E16: 7 | F16: 7 | G16: =E16-F16 -> 0 | H16: 126.94 | I16: 126.94 | J16: =H16-I16 -> 0
B17: 21 | C17: 50.93 | D17: 0.89 | E17: 7 | F17: 7 | G17: =E17-F17 -> 0 | H17: 146.62 | I17: 146.62 | J17: =H17-I17 -> 0 | K17: ELLY & DIONIZ
B18: 22 | C18: 52.25 | D18: 1.24 | E18: 7 | F18: 7 | G18: =E18-F18 -> 0 | H18: 145.38 | I18: 145.38 | J18: =H18-I18 -> 0
B19: 23 | C19: 52.76 | D19: 0.98 | E19: 6 | F19: 6 | G19: 1 | H19: 126 | I19: 125.72 | J19: 22.92
B20: Total | E20: =SUM(E2:E19) -> 124 | F20: =SUM(F2:F19) -> 123 | G20: =SUM(G2:G19) -> 2 | H20: =SUM(H2:H19) -> 2698.12 | I20: =SUM(I2:I19) -> 2691.28 | J20: =SUM(J2:J19) -> 29.48

Sheet 18.05.2026
A1: Date | B1: Time | C1: % Cao | D1: % MgO | E1: No of Trips as per Shift Chemist. | F1: No of Trips as per WB | G1: Diff in No of Trips | H1: QC Chemist. Weights | I1: WB Weight | J1: Diff in Weight | K1: Shift Chemist. Names
A2: =N2 -> 18.05.2026 | B2: 24 | C2: 42.02 | D2: 1.03 | E2: 14 | F2: 14 | G2: =E2-F2 -> 0 | H2: 291.8 | I2: 291.8 | J2: =H2-I2 -> 0 | K2: ELLY & DIONIZ | M2: DATE | N2: 18.05.2026
B3: 1 | C3: 43.14 | D3: 0.98 | E3: 3 | F3: 3 | G3: =E3-F3 -> 0 | H3: 45.12 | I3: 45.12 | J3: =H3-I3 -> 0 | L3: C/MILL LIMESTONE | M3: QTY | S3: %
B4: 2 | C4: 40.26 | D4: 1.02 | E4: 5 | F4: 5 | G4: =E4-F4 -> 0 | H4: 97.4 | I4: 97.4 | J4: =H4-I4 -> 0 | M4: HG | N4: LG | O4: HG-MgO | P4: LG-MgO | Q4: CLAY | R4: Total | S4: HG | T4: LG | U4: HG-MgO | V4: LG-MgO | W4: CLAY
B5: 3.50 TO 4.25 | C5: 50 | D5: 1.06 | E5: 5 | F5: 5 | G5: =E5-F5 -> 0 | H5: 103.4 | I5: 103.4 | J5: =H5-I5 -> 0 | M5: 1664.12 | N5: 1001.38 | O5: 0 | P5: 0 | Q5: 0 | R5: =SUM(M5:Q5) -> 2665.5 | S5: =(M5/R5)*100 -> 62.431814 | T5: =(N5/R5)*100 -> 37.568186 | U5: =(O5/R5)*100 -> 0 | V5: =(P5/R5)*100 -> 0 | W5: =(Q5/R5)*100 -> 0
B6: 4 | C6: 50.47 | D6: 1.9 | E6: 6 | F6: 6 | G6: =E6-F6 -> 0 | H6: 117.66 | I6: 117.66 | J6: =H6-I6 -> 0
B7: 5 | C7: 50.87 | D7: 1.92 | E7: 8 | F7: 8 | G7: =E7-F7 -> 0 | H7: 162.74 | I7: 162.74 | J7: =H7-I7 -> 0
B8: 6 | C8: 51.63 | D8: 1.8 | E8: 10 | F8: 10 | G8: =E8-F8 -> 0 | H8: 201.66 | I8: 201.66 | J8: =H8-I8 -> 0 | K8: BINGOLA & ABDUL
B9: 7 | C9: 50.28 | D9: 1.18 | E9: 4 | F9: 4 | G9: =E9-F9 -> 0 | H9: 83.34 | I9: 83.34 | J9: =H9-I9 -> 0
B10: 10.00 TO 12.00 | C10: 49.16 | D10: 1.61 | E10: 20 | F10: 20 | G10: =E10-F10 -> 0 | H10: 420 | I10: 512.96 | J10: 92.96
B11: 12 | C11: 40.77 | D11: 0.89 | E11: 6 | F11: 6 | G11: =E11-F11 -> 0 | H11: 126 | I11: 131.98 | J11: 5.98
B12: 14.00 TO 17.00 | C12: 37.5 | D12: 1.06 | E12: 15 | F12: 15 | G12: =E12-F12 -> 0 | H12: 329.92 | I12: 329.92 | J12: =H12-I12 -> 0
B13: 18 | C13: 35.28 | D13: 0.88 | E13: 5 | F13: 5 | G13: =E13-F13 -> 0 | H13: 105.16 | I13: 105.16 | J13: =H13-I13 -> 0
B14: 22 | C14: 47.78 | D14: 3.72 | E14: 16 | F14: 15 | G14: =E14-F14 -> 1 | H14: 336 | I14: 289.08 | J14: =H14-I14 -> 46.92 | K14: SAID & KAIMU
B15: 23 | C15: 49.11 | D15: 2.42 | E15: 10 | F15: 10 | G15: =E15-F15 -> 0 | H15: 193.28 | I15: 193.28 | J15: =H15-I15 -> 0
B16: Total | E16: =SUM(E2:E15) -> 127 | F16: =SUM(F2:F15) -> 126 | G16: =SUM(G2:G15) -> 1 | H16: =SUM(H2:H15) -> 2613.48 | I16: =SUM(I2:I15) -> 2665.5 | J16: =SUM(J2:J15) -> 145.86

Sheet 19.05.2026
A1: Date | B1: Time | C1: % Cao | D1: % MgO | E1: No of Trips as per Shift Chemist. | F1: No of Trips as per WB | G1: Diff in No of Trips | H1: QC Chemist. Weights | I1: WB Weight | J1: Diff in Weight | K1: Shift Chemist. Names
A2: =N2 -> 19.05.2026 | B2: 24 | C2: 46.43 | D2: 0.95 | E2: 7 | F2: 7 | G2: =E2-F2 -> 0 | H2: 136.96 | I2: 136.96 | J2: =H2-I2 -> 0 | K2: KAIMU & SAID B | M2: DATE | N2: 19.05.2026
B3: 1 | C3: 45.74 | D3: 0.91 | E3: 10 | F3: 10 | G3: =E3-F3 -> 0 | H3: 225.8 | I3: 225.8 | J3: =H3-I3 -> 0 | M3: QTY | S3: %
B4: 2 | C4: 44.41 | D4: 1.62 | E4: 7 | F4: 7 | G4: =E4-F4 -> 0 | H4: 156.48 | I4: 156.48 | J4: =H4-I4 -> 0 | M4: HG | N4: LG | O4: HG-MgO | P4: LG-MgO | Q4: CLAY | R4: Total | S4: HG | T4: LG | U4: HG-MgO | V4: LG-MgO | W4: CLAY
B5: 3 | C5: 44.35 | D5: 1.83 | E5: 5 | F5: 5 | G5: =E5-F5 -> 0 | H5: 101.04 | I5: 101.04 | J5: =H5-I5 -> 0 | M5: 2013.38 | N5: 1098.94 | O5: 0 | P5: 0 | Q5: 0 | R5: =SUM(M5:Q5) -> 3112.32 | S5: =(M5/R5)*100 -> 64.690649 | T5: =(N5/R5)*100 -> 35.309351 | U5: =(O5/R5)*100 -> 0 | V5: =(P5/R5)*100 -> 0 | W5: =(Q5/R5)*100 -> 0
B6: 4 | C6: 34.64 | D6: 0.99 | E6: 7 | F6: 7 | G6: =E6-F6 -> 0 | H6: 142.5 | I6: 142.5 | J6: =H6-I6 -> 0
B7: 5 | C7: 32.92 | D7: 0.94 | E7: 2 | F7: 2 | G7: =E7-F7 -> 0 | H7: 46.52 | I7: 46.52 | J7: =H7-I7 -> 0
B8: 6 | C8: 33.03 | D8: 0.88 | E8: 9 | F8: 9 | G8: =E8-F8 -> 0 | H8: 190.7 | I8: 190.7 | J8: =H8-I8 -> 0
B9: 9 | C9: 40.89 | D9: 2.15 | E9: 5 | F9: 5 | G9: =E9-F9 -> 0 | H9: 125.76 | I9: 125.76 | J9: =H9-I9 -> 0 | K9: BINGOLA & ABDUL
B10: 11 | C10: 51.04 | D10: 1.2 | E10: 11 | F10: 11 | G10: =E10-F10 -> 0 | H10: 226.5 | I10: 226.5 | J10: =H10-I10 -> 0
B11: 12 | C11: 49.8 | D11: 1.09 | E11: 9 | F11: 9 | G11: =E11-F11 -> 0 | H11: 203.8 | I11: 203.8 | J11: =H11-I11 -> 0
B12: 20.5 | C12: 49.9 | D12: 1.55 | E12: 15 | F12: 15 | G12: =E12-F12 -> 0 | H12: 302.64 | I12: 302.64 | J12: =H12-I12 -> 0
B13: 15 | C13: 51.37 | D13: 1.23 | E13: 15 | F13: 15 | G13: =E13-F13 -> 0 | H13: 309.72 | I13: 309.72 | J13: =H13-I13 -> 0
B14: 17.3-19.00 | C14: 37.05 | D14: 1.08 | E14: 13 | F14: 13 | G14: =E14-F14 -> 0 | H14: 248.44 | I14: 248.44 | J14: =H14-I14 -> 0
B15: 19 | C15: 35.25 | D15: 1.14 | E15: 4 | F15: 4 | G15: =E15-F15 -> 0 | H15: 87.5 | I15: 87.5 | J15: =H15-I15 -> 0
B16: 23.08 | C16: 50.11 | D16: 1.17 | E16: 11 | F16: 11 | G16: =E16-F16 -> 0 | H16: 221.16 | I16: 221.16 | J16: =H16-I16 -> 0 | K16: SAID B & KAIMU
B17: 21.5 | C17: 50.36 | D17: 2.02 | E17: 19 | F17: 19 | G17: =E17-F17 -> 0 | H17: 386.8 | I17: 386.8 | J17: =H17-I17 -> 0
B18: Total | E18: =SUM(E2:E17) -> 149 | F18: =SUM(F2:F17) -> 149 | G18: =SUM(G2:G17) -> 0 | H18: =SUM(H2:H17) -> 3112.32 | I18: =SUM(I2:I17) -> 3112.32 | J18: =SUM(J2:J17) -> 0

Sheet 20.05.2026
A1: Date | B1: Time | C1: % Cao | D1: % MgO | E1: No of Trips as per Shift Chemist. | F1: No of Trips as per WB | G1: Diff in No of Trips | H1: QC Chemist. Weights | I1: WB Weight | J1: Diff in Weight | K1: Shift Chemist. Names
A2: =N2 -> 20.05.2026 | B2: 24 | C2: 49.77 | D2: 1.63 | E2: 15 | F2: 15 | G2: =E2-F2 -> 0 | H2: 307.22 | I2: 307.22 | J2: =H2-I2 -> 0 | K2: SAID B & KAIMU | M2: DATE | N2: 20.05.2026
B3: 1 | C3: 41.74 | D3: 0.93 | E3: 9 | F3: 9 | G3: =E3-F3 -> 0 | H3: 178.4 | I3: 178.4 | J3: =H3-I3 -> 0 | M3: QTY | S3: %
B4: 2 | C4: 41.94 | D4: 1.03 | E4: 11 | F4: 11 | G4: =E4-F4 -> 0 | H4: 221.26 | I4: 221.26 | J4: =H4-I4 -> 0 | M4: HG | N4: LG | O4: HG-MgO | P4: LG-MgO | Q4: CLAY | R4: Total | S4: HG | T4: LG | U4: HG-MgO | V4: LG-MgO | W4: CLAY
B5: 3 | C5: 47.25 | D5: 1.44 | E5: 12 | F5: 12 | G5: =E5-F5 -> 0 | H5: 269.82 | I5: 269.82 | J5: =H5-I5 -> 0 | M5: 2018.5 | N5: 1683.7 | O5: 0 | P5: 0 | Q5: 0 | R5: =SUM(M5:Q5) -> 3702.2 | S5: =(M5/R5)*100 -> 54.521636 | T5: =(N5/R5)*100 -> 45.478364 | U5: =(O5/R5)*100 -> 0 | V5: =(P5/R5)*100 -> 0 | W5: =(Q5/R5)*100 -> 0
B6: 4 | C6: 48.72 | D6: 1.81 | E6: 6 | F6: 6 | G6: =E6-F6 -> 0 | H6: 150.22 | I6: 150.22 | J6: =H6-I6 -> 0
B7: 5 | C7: 48.98 | D7: 1.77 | E7: 3 | F7: 3 | G7: =E7-F7 -> 0 | H7: 69.14 | I7: 69.14 | J7: =H7-I7 -> 0
B8: 6 | C8: 48.53 | D8: 1.91 | E8: 11 | F8: 11 | G8: =E8-F8 -> 0 | H8: 276.74 | I8: 276.74 | J8: =H8-I8 -> 0
B9: 7 | C9: 49.57 | D9: 1.9 | E9: 6 | F9: 6 | G9: =E9-F9 -> 0 | H9: 145.72 | I9: 145.72 | J9: =H9-I9 -> 0
B10: 9 | C10: 31.32 | D10: 2.02 | E10: 10 | F10: 10 | G10: =E10-F10 -> 0 | H10: 210 | I10: 210 | J10: =H10-I10 -> 0 | K10: ELLY &DIONIZ
B11: 10 | C11: 44.72 | D11: 1.18 | E11: 3 | F11: 3 | G11: =E11-F11 -> 0 | H11: 67.04 | I11: 67.04 | J11: =H11-I11 -> 0
B12: 12 | C12: 44.3 | D12: 1.34 | E12: 7 | F12: 7 | G12: =E12-F12 -> 0 | H12: 161.24 | I12: 161.24 | J12: =H12-I12 -> 0
B13: 14 | C13: 40.6 | D13: 1.37 | E13: 16 | F13: 16 | G13: =E13-F13 -> 0 | H13: 353.74 | I13: 353.74 | J13: =H13-I13 -> 0
B14: 15 | C14: 38.5 | D14: 1.17 | E14: 8 | F14: 8 | G14: =E14-F14 -> 0 | H14: 190.9 | I14: 190.9 | J14: =H14-I14 -> 0
B15: 17 | C15: 40.29 | D15: 1.17 | E15: 10 | F15: 10 | G15: =E15-F15 -> 0 | H15: 217.12 | I15: 217.12 | J15: =H15-I15 -> 0
B16: 18 | C16: 38.28 | D16: 1.15 | E16: 4 | F16: 4 | G16: =E16-F16 -> 0 | H16: 84 | I16: 84 | J16: =H16-I16 -> 0
B17: 19 | C17: 45.74 | D17: 0.91 | E17: 6 | F17: 6 | G17: =E17-F17 -> 0 | H17: 126 | I17: 126 | J17: =H17-I17 -> 0 | K17: BINGOLA & ABDUL
B18: 21.00 TO 23.00 | C18: 50.56 | D18: 1.77 | E18: 18 | F18: 18 | G18: =E18-F18 -> 0 | H18: 383.22 | I18: 383.22 | J18: =H18-I18 -> 0
B19: 23 | C19: 49.54 | D19: 1.24 | E19: 14 | F19: 14 | G19: =E19-F19 -> 0 | H19: 290.42 | I19: 290.42 | J19: =H19-I19 -> 0
B20: Total | E20: =SUM(E2:E19) -> 169 | F20: =SUM(F2:F19) -> 169 | G20: =SUM(G2:G19) -> 0 | H20: =SUM(H2:H19) -> 3702.2 | I20: =SUM(I2:I19) -> 3702.2 | J20: =SUM(J2:J19) -> 0

Sheet LST CEMENT MILL
B1: Date | C1: Tons | D1: Tons
C2: MINES TO CEMENT MILL | D2: STOCK TO CEMENT MILL
B3: 46143
B4: 46144
B5: 46145 | D5: 178.44
B6: 46146
B7: 46147
B8: 46148
B9: 46149
B10: 46150
B11: 46151 | D11: 462.62
B12: 46152 | D12: 132
B13: 46153 | D13: 62
B14: 46154
B15: 46155 | D15: 192.22
B16: 46156 | D16: 476.76
B17: 46157 | D17: 314.6
B18: 46158
B19: 46159
B20: 46160 | D20: 45.12
B21: 46161
B22: 46162
B23: 46163
B24: 46164
B25: 46165
B26: 46166
B27: 46167
B28: 46168
B29: 46169
B30: 46170
B31: 46171
B32: 46172
B33: 46173
C34: =SUM(C4:C30) -> 0 | D34: =SUM(D3:D30) -> 1863.76
B35: TOTAL | C35: =C34+D34 -> 1863.76

Sheet LIMESTONE QTY
A1: DATE | B1: Qty | H1: %
B2: HG | C2: LG | D2: HG-MgO | E2: LG-MgO | F2: Clay | G2: Total | H2: HG | I2: LG | J2: HG-MgO | K2: LG-MgO | L2: Clay | M2: Total
A3: ='LST CEMENT MILL'!B3 -> 46143 | B3: 1933.12 | C3: 661.04 | D3: 0 | E3: 0 | F3: 348.26 | G3: =SUM(B3:F3) -> 2942.42 | H3: =(B3/G3)*100 -> 65.698303 | I3: =(C3/G3)*100 -> 22.465861 | J3: =(D3/G3)*100 -> 0 | K3: =(E3/G3)*100 -> 0 | L3: =(F3/G3)*100 -> 11.835836 | M3: =SUM(H3:L3) -> 100
A4: ='LST CEMENT MILL'!B4 -> 46144 | B4: 448.64 | C4: 0 | D4: 0 | E4: 0 | F4: 291.42 | G4: =SUM(B4:F4) -> 740.06 | H4: =(B4/G4)*100 -> 60.622112 | I4: =(C4/G4)*100 -> 0 | J4: =(D4/G4)*100 -> 0 | K4: =(E4/G4)*100 -> 0 | L4: =(F4/G4)*100 -> 39.377888 | M4: =SUM(H4:L4) -> 100
A5: ='LST CEMENT MILL'!B5 -> 46145 | B5: 2272.42 | C5: 357.9 | D5: 0 | E5: 0 | F5: 126 | G5: =SUM(B5:F5) -> 2756.32 | H5: =(B5/G5)*100 -> 82.443983 | I5: =(C5/G5)*100 -> 12.984704 | J5: =(D5/G5)*100 -> 0 | K5: =(E5/G5)*100 -> 0 | L5: =(F5/G5)*100 -> 4.5713125 | M5: =SUM(H5:L5) -> 100
A6: ='LST CEMENT MILL'!B6 -> 46146 | B6: 1371.6 | C6: 959.54 | D6: 0 | E6: 0 | F6: 70.7 | G6: =SUM(B6:F6) -> 2401.84 | H6: =(B6/G6)*100 -> 57.106219 | I6: =(C6/G6)*100 -> 39.950205 | J6: =(D6/G6)*100 -> 0 | K6: =(E6/G6)*100 -> 0 | L6: =(F6/G6)*100 -> 2.9435766 | M6: =SUM(H6:L6) -> 100
A7: ='LST CEMENT MILL'!B7 -> 46147 | B7: 2645 | C7: 421.72 | D7: 0 | E7: 0 | F7: 0 | G7: =SUM(B7:F7) -> 3066.72 | H7: =(B7/G7)*100 -> 86.2485 | I7: =(C7/G7)*100 -> 13.7515 | J7: =(D7/G7)*100 -> 0 | K7: =(E7/G7)*100 -> 0 | L7: =(F7/G7)*100 -> 0 | M7: =SUM(H7:L7) -> 100
A8: ='LST CEMENT MILL'!B8 -> 46148 | B8: 1883.34 | C8: 105 | D8: 0 | E8: 0 | F8: 0 | G8: =SUM(B8:F8) -> 1988.34 | H8: =(B8/G8)*100 -> 94.719213 | I8: =(C8/G8)*100 -> 5.280787 | J8: =(D8/G8)*100 -> 0 | K8: =(E8/G8)*100 -> 0 | L8: =(F8/G8)*100 -> 0 | M8: =SUM(H8:L8) -> 100
A9: ='LST CEMENT MILL'!B9 -> 46149 | B9: 2296.82 | C9: 147 | D9: 0 | E9: 0 | F9: 0 | G9: =SUM(B9:F9) -> 2443.82 | H9: =(B9/G9)*100 -> 93.984827 | I9: =(C9/G9)*100 -> 6.015173 | J9: =(D9/G9)*100 -> 0 | K9: =(E9/G9)*100 -> 0 | L9: =(F9/G9)*100 -> 0 | M9: =SUM(H9:L9) -> 100
A10: ='LST CEMENT MILL'!B10 -> 46150 | B10: 2447.34 | C10: 910.88 | D10: 0 | E10: 0 | F10: 0 | G10: =SUM(B10:F10) -> 3358.22 | H10: =(B10/G10)*100 -> 72.876107 | I10: =(C10/G10)*100 -> 27.123893 | J10: =(D10/G10)*100 -> 0 | K10: =(E10/G10)*100 -> 0 | L10: =(F10/G10)*100 -> 0 | M10: =SUM(H10:L10) -> 100
A11: ='LST CEMENT MILL'!B11 -> 46151 | B11: 2153.18 | C11: 785.04 | D11: 0 | E11: 0 | F11: 0 | G11: =SUM(B11:F11) -> 2938.22 | H11: =(B11/G11)*100 -> 73.281783 | I11: =(C11/G11)*100 -> 26.718217 | J11: =(D11/G11)*100 -> 0 | K11: =(E11/G11)*100 -> 0 | L11: =(F11/G11)*100 -> 0 | M11: =SUM(H11:L11) -> 100
A12: ='LST CEMENT MILL'!B12 -> 46152 | B12: 1697.24 | C12: 927.37 | D12: 0 | E12: 0 | F12: 241.34 | G12: =SUM(B12:F12) -> 2865.95 | H12: =(B12/G12)*100 -> 59.220852 | I12: =(C12/G12)*100 -> 32.358206 | J12: =(D12/G12)*100 -> 0 | K12: =(E12/G12)*100 -> 0 | L12: =(F12/G12)*100 -> 8.4209424 | M12: =SUM(H12:L12) -> 100
A13: ='LST CEMENT MILL'!B13 -> 46153 | B13: 1308.14 | C13: 449.68 | D13: 0 | E13: 0 | F13: 60.3 | G13: =SUM(B13:F13) -> 1818.12 | H13: =(B13/G13)*100 -> 71.950146 | I13: =(C13/G13)*100 -> 24.733241 | J13: =(D13/G13)*100 -> 0 | K13: =(E13/G13)*100 -> 0 | L13: =(F13/G13)*100 -> 3.3166128 | M13: =SUM(H13:L13) -> 100
A14: ='LST CEMENT MILL'!B14 -> 46154 | B14: 2701.56 | C14: 136.76 | D14: 0 | E14: 0 | F14: 0 | G14: =SUM(B14:F14) -> 2838.32 | H14: =(B14/G14)*100 -> 95.181657 | I14: =(C14/G14)*100 -> 4.8183432 | J14: =(D14/G14)*100 -> 0 | K14: =(E14/G14)*100 -> 0 | L14: =(F14/G14)*100 -> 0 | M14: =SUM(H14:L14) -> 100
... A22: ='LST CEMENT MILL'!B22 -> 46162 | B22: 2018.5 | C22: 1683.7 | D22: 0 | E22: 0 | F22: 0 | G22: =SUM(B22:F22) -> 3702.2 | H22: =(B22/G22)*100 -> 54.521636 | I22: =(C22/G22)*100 -> 45.478364 | J22: =(D22/G22)*100 -> 0 | K22: =(E22/G22)*100 -> 0 | L22: =(F22/G22)*100 -> 0 | M22: =SUM(H22:L22) -> 100
A23: ='LST CEMENT MILL'!B23 -> 46163 | G23: =SUM(B23:F23) -> 0 | H23: =(B23/G23)*100 -> #DIV/0! | I23: =(C23/G23)*100 -> #DIV/0! | J23: =(D23/G23)*100 -> #DIV/0! | K23: =(E23/G23)*100 -> #DIV/0! | L23: =(F23/G23)*100 -> #DIV/0! | M23: =SUM(H23:L23) -> #DIV/0!
A24: ='LST CEMENT MILL'!B24 -> 46164 | G24: =SUM(B24:F24) -> 0 | H24: =(B24/G24)*100 -> #DIV/0! | I24: =(C24/G24)*100 -> #DIV/0! | J24: =(D24/G24)*100 -> #DIV/0! | K24: =(E24/G24)*100 -> #DIV/0! | L24: =(F24/G24)*100 -> #DIV/0! | M24: =SUM(H24:L24) -> #DIV/0!
A25: ='LST CEMENT MILL'!B25 -> 46165 | G25: =SUM(B25:F25) -> 0 | H25: =(B25/G25)*100 -> #DIV/0! | I25: =(C25/G25)*100 -> #DIV/0! | J25: =(D25/G25)*100 -> #DIV/0! | K25: =(E25/G25)*100 -> #DIV/0! | L25: =(F25/G25)*100 -> #DIV/0! | M25: =SUM(H25:L25) -> #DIV/0!
A26: ='LST CEMENT MILL'!B26 -> 46166 | G26: =SUM(B26:F26) -> 0 | H26: =(B26/G26)*100 -> #DIV/0! | I26: =(C26/G26)*100 -> #DIV/0! | J26: =(D26/G26)*100 -> #DIV/0! | K26: =(E26/G26)*100 -> #DIV/0! | L26: =(F26/G26)*100 -> #DIV/0! | M26: =SUM(H26:L26) -> #DIV/0!
A27: ='LST CEMENT MILL'!B27 -> 46167 | G27: =SUM(B27:F27) -> 0 | H27: =(B27/G27)*100 -> #DIV/0! | I27: =(C27/G27)*100 -> #DIV/0! | J27: =(D27/G27)*100 -> #DIV/0! | K27: =(E27/G27)*100 -> #DIV/0! | L27: =(F27/G27)*100 -> #DIV/0! | M27: =SUM(H27:L27) -> #DIV/0!
A28: ='LST CEMENT MILL'!B28 -> 46168 | G28: =SUM(B28:F28) -> 0 | H28: =(B28/G28)*100 -> #DIV/0! | I28: =(C28/G28)*100 -> #DIV/0! | J28: =(D28/G28)*100 -> #DIV/0! | K28: =(E28/G28)*100 -> #DIV/0! | L28: =(F28/G28)*100 -> #DIV/0! | M28: =SUM(H28:L28) -> #DIV/0!
A29: ='LST CEMENT MILL'!B29 -> 46169 | G29: =SUM(B29:F29) -> 0 | H29: =(B29/G29)*100 -> #DIV/0! | I29: =(C29/G29)*100 -> #DIV/0! | J29: =(D29/G29)*100 -> #DIV/0! | K29: =(E29/G29)*100 -> #DIV/0! | L29: =(F29/G29)*100 -> #DIV/0! | M29: =SUM(H29:L29) -> #DIV/0!
A30: ='LST CEMENT MILL'!B30 -> 46170 | G30: =SUM(B30:F30) -> 0 | H30: =(B30/G30)*100 -> #DIV/0! | I30: =(C30/G30)*100 -> #DIV/0! | J30: =(D30/G30)*100 -> #DIV/0! | K30: =(E30/G30)*100 -> #DIV/0! | L30: =(F30/G30)*100 -> #DIV/0! | M30: =SUM(H30:L30) -> #DIV/0!
A31: ='LST CEMENT MILL'!B31 -> 46171 | G31: =SUM(B31:F31) -> 0 | H31: =(B31/G31)*100 -> #DIV/0! | I31: =(C31/G31)*100 -> #DIV/0! | J31: =(D31/G31)*100 -> #DIV/0! | K31: =(E31/G31)*100 -> #DIV/0! | L31: =(F31/G31)*100 -> #DIV/0! | M31: =SUM(H31:L31) -> #DIV/0!
A32: ='LST CEMENT MILL'!B33 -> 46173 | G32: =SUM(B32:F32) -> 0 | H32: =(B32/G32)*100 -> #DIV/0! | I32: =(C32/G32)*100 -> #DIV/0! | J32: =(D32/G32)*100 -> #DIV/0! | K32: =(E32/G32)*100 -> #DIV/0! | L32: =(F32/G32)*100 -> #DIV/0! | M32: =SUM(H32:L32) -> #DIV/0!
A33: TOTAL | B33: =SUM(B3:B32) -> 39037.62 | C33: =SUM(C3:C32) -> 13578.39 | D33: =SUM(D3:D32) -> 0 | E33: =SUM(E3:E32) -> 0 | F33: =SUM(F3:F32) -> 1264.62 | G33: =SUM(G3:G32) -> 53880.63 | H33: =AVERAGE(H3:H32) -> #DIV/0! | I33: =AVERAGE(I3:I32) -> #DIV/0! | J33: =AVERAGE(J3:J32) -> #DIV/0! | K33: =AVERAGE(K3:K32) -> #DIV/0! | L33: =AVERAGE(L3:L32) -> #DIV/0! | M33: =AVERAGE(M3:M32) -> #DIV/0!
