Workbook

Sheet Mines (2)
B1: MARCH | C1: HG LS | H1: LG LS | L1: Clay | Q1: Sand | V1: TG | Z1: HGHMGO | AD1: PURCHASED LIMESTONE | AH1: BAUXITE | AM1: Total
B2: Date | C2: Opening Stock | D2: Production | E2: Total Consumption | F2: CONS R/M1 | G2: Closing Stock | H2: Opening Stock | I2: Production | J2: Consumption | K2: Closing Stock | L2: Opening Stock | M2: Production | N2: TOTAL Consumption | O2: Cons R/M1 | P2: Closing Stock | Q2: Opening Stock | R2: Production | S2: TOTALConsumption | T2: Cons R/M1 | U2: Closing Stock | V2: Opening Stock | W2: Production | X2: Consumption | Y2: Closing Stock | Z2: Opening Stock | AA2: Production | AB2: Consumption | AC2: Closing Stock | AD2: Opening Stock | AE2: Production | AF2: Consumption | AG2: Closing Stock | AH2: Opening Stock | AI2: Production | AJ2: Total Consumption | AK2: Consumption | AL2: Closing Stock | AM2: P | AN2: C | AO2: Raw meal | AP2: diff | AQ2: LG | AW2: MINES CONS | AX2: MINES RECEIPT
B3: 1 | C3: 7522.7832 | D3: 3207.88 | E3: =F3+'RAW MILL 2'!C3 -> 3401 | F3: 3145 | G3: =C3+D3-E3 -> 7329.6632 | H3: 11945.017 | I3: 2235.84 | J3: 0 | K3: =H3+I3-J3-Cement!S3 -> 13842.179 | L3: 2911.44 | M3: 0 | N3: =O3+'RAW MILL 2'!D3 -> 2 | O3: 2 | P3: =L3+M3-N3 -> 2909.44 | Q3: 0.04 | R3: 0 | S3: =T3+'RAW MILL 2'!E3 -> 0 | T3: 0 | U3: =Q3+R3-S3 -> 0.04 | V3: 0 | W3: 0 | X3: 0 | Y3: =V3+W3-X3 -> 0 | Z3: 0 | AA3: 0 | AB3: 0 | AC3: =Z3+AA3-AB3 -> 0 | AD3: 0 | AE3: 0 | AF3: 0 | AG3: =AD3+AE3-AF3 -> 0 | AH3: 298.36 | AJ3: =AK3+'RAW MILL 2'!G3 -> 0 | AL3: =AH3+AI3-AJ3 -> 298.36 | AM3: =D3+I3+M3+R3+W3+AA3+Cement!Q3+Cement!V3+AE3 -> 5443.72 | AN3: =E3+J3+N3+S3+X3+AB3+Clinker!E3+AF3+AK3 -> 3455 | AO3: =Production2!N3 -> 2876 | AQ3: 3103 | AV3: =D3+I3+M3+R3+Cement!Q3 -> 5443.72 | AW3: =AN3+Cement!R3-Clinker!E3 -> 3707.81 | AX3: 940.1 | AY3: =AN3-Production2!N3 -> 579 | AZ3: =AN3 -> 3455 | BA3: =E3+J3 -> 3401 | BB3: =AX3-D3 -> -2267.78 | BC3: =I3-BD3 -> 616.34 | BD3: 1619.5 | BE3: =(AN3-Production2!N3)/'Mines (2)'!AN3 -> 0.16758321 | BF3: =BE3*100 -> 16.758321 | BG3: =E3+J3+AB3 -> 3401
B4: 2 | C4: =G3 -> 7329.6632 | D4: 2217.12 | E4: =F4+'RAW MILL 2'!C4 -> 1916 | F4: 1724 | G4: =C4+D4-E4 -> 7630.7832 | H4: =K3 -> 13842.179 | I4: 500.2 | J4: 0 | K4: =H4+I4-J4-Cement!S4 -> 13921.779 | L4: =P3 -> 2909.44 | M4: 0 | N4: =O4+'RAW MILL 2'!D4 -> 10 | O4: 9 | P4: =L4+M4-N4 -> 2899.44 | Q4: =U3 -> 0.04 | R4: 0 | S4: =T4+'RAW MILL 2'!E4 -> 0 | T4: 0 | U4: =Q4+R4-S4 -> 0.04 | V4: =Y3 -> 0 | W4: 0 | X4: 0 | Y4: =V4+W4-X4 -> 0 | Z4: =AC3 -> 0 | AA4: 0 | AB4: 0 | AC4: =Z4+AA4-AB4 -> 0 | AD4: =AG3 -> 0 | AE4: 0 | AF4: 0 | AG4: =AD4+AE4-AF4 -> 0 | AH4: =AL3 -> 298.36 | AJ4: =AK4+'RAW MILL 2'!G4 -> 0 | AL4: =AH4+AI4-AJ4 -> 298.36 | AM4: =D4+I4+M4+R4+W4+AA4+Cement!Q4+Cement!V4+AE4 -> 2717.32 | AN4: =E4+J4+N4+S4+X4+AB4+Clinker!E4+AF4+AK4 -> 1975 | AO4: =Production2!N4 -> 1599 | AP4: =AO4-AN4 -> -376 | AQ4: 3286 | AV4: =D4+I4+M4+R4+Cement!Q4 -> 2717.32 | AW4: =AN4+Cement!R4-Clinker!E4 -> 2304.54 | AX4: 987.54 | AY4: =AN4-Production2!N4 -> 376 | AZ4: =AN4 -> 1975 | BA4: =E4+J4 -> 1916 | BB4: =AX4-D4 -> -1229.58 | BC4: =I4-BD4 -> -123.08 | BD4: 623.28 | BE4: =(AN4-Production2!N4)/'Mines (2)'!AN4 -> 0.19037975 | BF4: =BE4*100 -> 19.037975 | BG4: =E4+J4+AB4 -> 1916
B5: 3 | C5: =G4 -> 7630.7832 | D5: 1778.02 | E5: =F5+'RAW MILL 2'!C5 -> 1530 | F5: 1336 | G5: =C5+D5-E5 -> 7878.8032 | H5: =K4 -> 13921.779 | I5: 1686.64 | J5: 1000 | K5: =H5+I5-J5-Cement!S5 -> 14043.819 | L5: =P4 -> 2899.44 | M5: 140.24 | N5: =O5+'RAW MILL 2'!D5 -> 80 | O5: 74 | P5: =L5+M5-N5 -> 2959.68 | Q5: =U4 -> 0.04 | R5: 0 | S5: =T5+'RAW MILL 2'!E5 -> 0 | T5: 0 | U5: =Q5+R5-S5 -> 0.04 | V5: =Y4 -> 0 | W5: 0 | X5: 0 | Y5: =V5+W5-X5 -> 0 | Z5: =AC4 -> 0 | AA5: 0 | AB5: 0 | AC5: =Z5+AA5-AB5 -> 0 | AD5: =AG4 -> 0 | AE5: 0 | AF5: 0 | AG5: =AD5+AE5-AF5 -> 0 | AH5: =AL4 -> 298.36 | AJ5: =AK5+'RAW MILL 2'!G5 -> 0 | AL5: =AH5+AI5-AJ5 -> 298.36 | AM5: =D5+I5+M5+R5+W5+AA5+Cement!Q5+Cement!V5+AE5 -> 3604.9 | AN5: =E5+J5+N5+S5+X5+AB5+Clinker!E5+AF5+AK5 -> 2677 | AO5: =Production2!N5 -> 2226 | AP5: =AO5-AN5 -> -451 | AQ5: 2899 | AV5: =D5+I5+M5+R5+Cement!Q5 -> 3604.9 | AW5: =AN5+Cement!R5-Clinker!E5 -> 3118.14 | AX5: 249.34 | AY5: =AN5-Production2!N5 -> 451 | AZ5: =AN5 -> 2677 | BA5: =E5+J5 -> 2530 | BB5: =AX5-D5 -> -1528.68 | BC5: =I5-BD5 -> 1244.14 | BD5: 442.5 | BE5: =(AN5-Production2!N5)/'Mines (2)'!AN5 -> 0.16847217 | BF5: =BE5*100 -> 16.847217 | BG5: =E5+J5+AB5 -> 2530
B6: 4 | C6: =G5 -> 7878.8032 | D6: 0 | E6: =F6+'RAW MILL 2'!C6 -> 3136 | F6: 2917 | G6: =C6+D6-E6 -> 4742.8032 | H6: =K5 -> 14043.819 | I6: 1139.1 | J6: 0 | K6: =H6+I6-J6-Cement!S6 -> 14675.608 | L6: =P5 -> 2959.68 | M6: 81.98 | N6: =O6+'RAW MILL 2'!D6 -> 66 | O6: 61 | P6: =L6+M6-N6 -> 2975.66 | Q6: =U5 -> 0.04 | R6: 0 | S6: =T6+'RAW MILL 2'!E6 -> 0 | T6: 0 | U6: =Q6+R6-S6 -> 0.04 | V6: =Y5 -> 0 | W6: 0 | X6: 0 | Y6: =V6+W6-X6 -> 0 | Z6: =AC5 -> 0 | AA6: 0 | AB6: 0 | AC6: =Z6+AA6-AB6 -> 0 | AD6: =AG5 -> 0 | AE6: 0 | AF6: 0 | AG6: =AD6+AE6-AF6 -> 0 | AH6: =AL5 -> 298.36 | AJ6: =AK6+'RAW MILL 2'!G6 -> 0 | AL6: =AH6+AI6-AJ6 -> 298.36 | AM6: =D6+I6+M6+R6+W6+AA6+Cement!Q6+Cement!V6+AE6 -> 1221.08 | AN6: =E6+J6+N6+S6+X6+AB6+Clinker!E6+AF6+AK6 -> 3284 | AO6: =Production2!N6 -> 2751 | AP6: =AO6-AN6 -> -533 | AQ6: 3290 | AV6: =D6+I6+M6+R6+Cement!Q6 -> 1221.08 | AW6: =AN6+Cement!R6-Clinker!E6 -> 3658.58 | AX6: 1108.96 | AY6: =AN6-Production2!N6 -> 533 | AZ6: =AN6 -> 3284 | BA6: =E6+J6 -> 3136 | BB6: =AX6-D6 -> 1108.96 | BC6: =I6-BD6 -> -1097.66 | BD6: 2236.76 | BE6: =(AN6-Production2!N6)/'Mines (2)'!AN6 -> 0.16230207 | BF6: =BE6*100 -> 16.230207 | BG6: =E6+J6+AB6 -> 3136
B7: 5 | C7: =G6 -> 4742.8032 | D7: 1960.4 | E7: =F7+'RAW MILL 2'!C7 -> 1777 | F7: 1587 | G7: =C7+D7-E7 -> 4926.2032 | H7: =K6 -> 14675.608 | I7: 1204.24 | J7: 1000 | K7: =H7+I7-J7-Cement!S7 -> 14417.203 | L7: =P6 -> 2975.66 | M7: 0 | N7: =O7+'RAW MILL 2'!D7 -> 58 | O7: 54 | P7: =L7+M7-N7 -> 2917.66 | Q7: =U6 -> 0.04 | R7: 0 | S7: =T7+'RAW MILL 2'!E7 -> 0 | T7: 0 | U7: =Q7+R7-S7 -> 0.04 | V7: =Y6 -> 0 | W7: 0 | X7: 0 | Y7: =V7+W7-X7 -> 0 | Z7: =AC6 -> 0 | AA7: 0 | AB7: 0 | AC7: =Z7+AA7-AB7 -> 0 | AD7: =AG6 -> 0 | AE7: 0 | AF7: 0 | AG7: =AD7+AE7-AF7 -> 0 | AH7: =AL6 -> 298.36 | AJ7: =AK7+'RAW MILL 2'!G7 -> 0 | AL7: =AH7+AI7-AJ7 -> 298.36 | AM7: =D7+I7+M7+R7+W7+AA7+Cement!Q7+Cement!V7+AE7 -> 3164.64 | AN7: =E7+J7+N7+S7+X7+AB7+Clinker!E7+AF7+AK7 -> 2908 | AO7: =Production2!N7 -> 2439 | AP7: =AO7-AN7 -> -469 | AQ7: 3245 | AV7: =D7+I7+R7+Cement!Q7 -> 3164.64 | AW7: =AN7+Cement!R7-Clinker!E7 -> 3251.381 | AX7: 0 | AY7: =AN7-Production2!N7 -> 469 | AZ7: =AN7 -> 2908 | BA7: =E7+J7 -> 2777 | BB7: =AX7-D7 -> -1960.4 | BC7: =I7-BD7 -> 1204.24 | BD7: 0 | BE7: =(AN7-Production2!N7)/'Mines (2)'!AN7 -> 0.16127923 | BF7: =BE7*100 -> 16.127923 | BG7: =E7+J7+AB7 -> 2777
B8: 6 | C8: =G7 -> 4926.2032 | D8: 1955.56 | E8: =F8+'RAW MILL 2'!C8 -> 1377 | F8: 1258 | G8: =C8+D8-E8 -> 5504.7632 | H8: =K7 -> 14417.203 | I8: 1362.52 | J8: 1000 | K8: =H8+I8-J8-Cement!S8 -> 14280.984 | L8: =P7 -> 2917.66 | M8: 0 | N8: =O8+'RAW MILL 2'!D8 -> 50 | O8: 47 | P8: =L8+M8-N8 -> 2867.66 | Q8: =U7 -> 0.04 | R8: 0 | S8: =T8+'RAW MILL 2'!E8 -> 0 | T8: 0 | U8: =Q8+R8-S8 -> 0.04 | V8: =Y7 -> 0 | W8: 0 | X8: 0 | Y8: =V8+W8-X8 -> 0 | Z8: =AC7 -> 0 | AA8: 0 | AB8: 0 | AC8: =Z8+AA8-AB8 -> 0 | AD8: =AG7 -> 0 | AE8: 0 | AF8: 0 | AG8: =AD8+AE8-AF8 -> 0 | AH8: =AL7 -> 298.36 | AJ8: =AK8+'RAW MILL 2'!G8 -> 0 | AL8: =AH8+AI8-AJ8 -> 298.36 | AM8: =D8+I8+M8+R8+W8+AA8+Cement!Q8+Cement!V8+AE8 -> 3318.08 | AN8: =E8+J8+N8+S8+X8+AB8+Clinker!E8+AF8+AK8 -> 2489 | AO8: =Production2!N8 -> 2128 | AP8: =AO8-AN8 -> -361 | AQ8: 3139 | AV8: =D8+I8+M8+R8+Cement!Q8 -> 3318.08 | AW8: =AN8+Cement!R8-Clinker!E8 -> 2875.865 | AX8: 1300 | AY8: =AN8-Production2!N8 -> 361 | AZ8: =AN8 -> 2489 | BA8: =E8+J8 -> 2377 | BB8: =AX8-D8 -> -655.56 | BC8: =I8-BD8 -> 522.52 | BD8: 840 | BE8: =(AN8-Production2!N8)/'Mines (2)'!AN8 -> 0.14503817 | BF8: =BE8*100 -> 14.503817 | BG8: =E8+J8+AB8 -> 2377
B9: 7 | C9: =G8 -> 5504.7632 | D9: 631.7 | E9: =F9+'RAW MILL 2'!C9 -> 1410 | F9: 1276 | G9: =C9+D9-E9 -> 4726.4632 | H9: =K8 -> 14280.984 | I9: 1680.34 | J9: 1000 | K9: =H9+I9-J9-Cement!S9 -> 14664.435 | L9: =P8 -> 2867.66 | M9: 0 | N9: =O9+'RAW MILL 2'!D9 -> 77 | O9: 73 | P9: =L9+M9-N9 -> 2790.66 | Q9: =U8 -> 0.04 | R9: 0 | S9: =T9+'RAW MILL 2'!E9 -> 0 | T9: 0 | U9: =Q9+R9-S9 -> 0.04 | V9: =Y8 -> 0 | W9: 0 | X9: 0 | Y9: =V9+W9-X9 -> 0 | Z9: =AC8 -> 0 | AA9: 0 | AB9: 0 | AC9: =Z9+AA9-AB9 -> 0 | AD9: =AG8 -> 0 | AE9: 0 | AF9: 0 | AG9: =AD9+AE9-AF9 -> 0 | AH9: =AL8 -> 298.36 | AJ9: =AK9+'RAW MILL 2'!G9 -> 0 | AL9: =AH9+AI9-AJ9 -> 298.36 | AM9: =D9+I9+M9+R9+W9+AA9+Cement!Q9+Cement!V9+AE9 -> 2312.04 | AN9: =E9+J9+N9+S9+X9+AB9+Clinker!E9+AF9+AK9 -> 2564 | AO9: =Production2!N9 -> 2180 | AP9: =AO9-AN9 -> -384 | AQ9: 1732 | AV9: =D9+I9+M9+R9+Cement!Q9 -> 2312.04 | AW9: =AN9+Cement!R9-Clinker!E9 -> 2754.2 | AX9: 480 | AY9: =AN9-Production2!N9 -> 384 | AZ9: =AN9 -> 2564 | BA9: =E9+J9 -> 2410 | BB9: =AX9-D9 -> -151.7 | BC9: =I9-BD9 -> -499.66 | BD9: 2180 | BE9: =(AN9-Production2!N9)/'Mines (2)'!AN9 -> 0.14976599 | BF9: =BE9*100 -> 14.976599 | BG9: =E9+J9+AB9 -> 2410
B10: 8 | C10: =G9 -> 4726.4632 | D10: 754.74 | E10: =F10+'RAW MILL 2'!C10 -> 2283 | F10: 2124 | G10: =C10+D10-E10 -> 3198.2032 | H10: =K9 -> 14664.435 | I10: 2206.98 | J10: 0 | K10: =H10+I10-J10-Cement!S10 -> 16563.239 | L10: =P9 -> 2790.66 | M10: 43.14 | N10: =O10+'RAW MILL 2'!D10 -> 24 | O10: 22 | P10: =L10+M10-N10 -> 2809.8 | Q10: =U9 -> 0.04 | R10: 0 | S10: =T10+'RAW MILL 2'!E10 -> 0 | T10: 0 | U10: =Q10+R10-S10 -> 0.04 | V10: =Y9 -> 0 | W10: 0 | X10: 0 | Y10: =V10+W10-X10 -> 0 | Z10: =AC9 -> 0 | AA10: 0 | AB10: 0 | AC10: =Z10+AA10-AB10 -> 0 | AD10: =AG9 -> 0 | AE10: 0 | AF10: 0 | AG10: =AD10+AE10-AF10 -> 0 | AH10: =AL9 -> 298.36 | AJ10: =AK10+'RAW MILL 2'!G10 -> 0 | AL10: =AH10+AI10-AJ10 -> 298.36 | AM10: =D10+I10+M10+R10+W10+AA10+Cement!Q10+Cement!V10+AE10 -> 3004.86 | AN10: =E10+J10+N10+S10+X10+AB10+Clinker!E10+AF10+AK10 -> 2371 | AO10: =Production2!N10 -> 1986 | AP10: =AO10-AN10 -> -385 | AQ10: 1959 | AV10: =D10+I10+M10+R10+Cement!Q10 -> 3004.86 | AW10: =AN10+Cement!R10-Clinker!E10 -> 2584.3585 | AX10: 1612.08 | AY10: =AN10-Production2!N10 -> 385 | AZ10: =AN10 -> 2371 | BA10: =E10+J10 -> 2283 | BB10: =AX10-D10 -> 857.34 | BC10: =I10-BD10 -> 1566.98 | BD10: 640 | BE10: =(AN10-Production2!N10)/'Mines (2)'!AN10 -> 0.16237874 | BF10: =BE10*100 -> 16.237874 | BG10: =E10+J10+AB10 -> 2283
B11: 9 | C11: =G10 -> 3198.2032 | D11: 2088.86 | E11: =F11+'RAW MILL 2'!C11 -> 2350 | F11: 2144 | G11: =C11+D11-E11 -> 2937.0632 | H11: =K10 -> 16563.239 | I11: 1077.64 | J11: 0 | K11: =H11+I11-J11-Cement!S11 -> 17345.734 | L11: =P10 -> 2809.8 | M11: 0 | N11: =O11+'RAW MILL 2'!D11 -> 37 | O11: 34 | P11: =L11+M11-N11 -> 2772.8 | Q11: =U10 -> 0.04 | R11: 0 | S11: =T11+'RAW MILL 2'!E11 -> 0 | T11: 0 | U11: =Q11+R11-S11 -> 0.04 | V11: =Y10 -> 0 | W11: 0 | X11: 0 | Y11: =V11+W11-X11 -> 0 | Z11: =AC10 -> 0 | AA11: 0 | AB11: 0 | AC11: =Z11+AA11-AB11 -> 0 | AD11: =AG10 -> 0 | AE11: 0 | AF11: 0 | AG11: =AD11+AE11-AF11 -> 0 | AH11: =AL10 -> 298.36 | AJ11: =AK11+'RAW MILL 2'!G11 -> 0 | AL11: =AH11+AI11-AJ11 -> 298.36 | AM11: =D11+I11+M11+R11+W11+AA11+Cement!Q11+Cement!V11+AE11 -> 3166.5 | AN11: =E11+J11+N11+S11+X11+AB11+Clinker!E11+AF11+AK11 -> 2460 | AO11: =Production2!N11 -> 2021 | AP11: =AO11-AN11 -> -439 | AQ11: 3119 | AV11: =D11+I11+M11+R11+Cement!Q11 -> 3166.5 | AW11: =AN11+Cement!R11-Clinker!E11 -> 2652.63 | AX11: 2277.26 | AY11: =AN11-Production2!N11 -> 439 | AZ11: =AN11 -> 2460 | BA11: =E11+J11 -> 2350 | BB11: =AX11-D11 -> 188.4 | BC11: =I11-BD11 -> 459.86 | BD11: 617.78 | BE11: =(AN11-Production2!N11)/'Mines (2)'!AN11 -> 0.17845528 | BF11: =BE11*100 -> 17.845528 | BG11: =E11+J11+AB11 -> 2350
B12: 10 | C12: =G11 -> 2937.0632 | D12: 2110.74 | E12: =F12+'RAW MILL 2'!C12 -> 1004 | F12: 828 | G12: =C12+D12-E12 -> 4043.8032 | H12: =K11 -> 17345.734 | I12: 993.96 | J12: 2000 | K12: =H12+I12-J12-Cement!S12 -> 15842.105 | L12: =P11 -> 2772.8 | M12: 292.9 | N12: =O12+'RAW MILL 2'!D12 -> 64 | O12: 60 | P12: =L12+M12-N12 -> 3001.7 | Q12: =U11 -> 0.04 | R12: 0 | S12: =T12+'RAW MILL 2'!E12 -> 0 | T12: 0 | U12: =Q12+R12-S12 -> 0.04 | V12: =Y11 -> 0 | W12: 0 | X12: 0 | Y12: =V12+W12-X12 -> 0 | Z12: =AC11 -> 0 | AA12: 0 | AB12: 0 | AC12: =Z12+AA12-AB12 -> 0 | AD12: =AG11 -> 0 | AE12: 0 | AF12: 0 | AG12: =AD12+AE12-AF12 -> 0 | AH12: =AL11 -> 298.36 | AJ12: =AK12+'RAW MILL 2'!G12 -> 0 | AL12: =AH12+AI12-AJ12 -> 298.36 | AM12: =D12+I12+M12+R12+W12+AA12+Cement!Q12+Cement!V12+AE12 -> 3397.6 | AN12: =E12+J12+N12+S12+X12+AB12+Clinker!E12+AF12+AK12 -> 3163 | AO12: =Production2!N12 -> 2681 | AP12: =AO12-AN12 -> -482 | AQ12: 3017 | AV12: =D12+I12+M12+R12+Cement!Q12 -> 3397.6 | AW12: =AN12+Cement!R12-Clinker!E12 -> 3515.83 | AX12: 400.64 | AY12: =AN12-Production2!N12 -> 482 | AZ12: =AN12 -> 3163 | BA12: =E12+J12 -> 3004 | BB12: =AX12-D12 -> -1710.1 | BC12: =I12-BD12 -> -148.62 | BD12: 1142.58 | BE12: =(AN12-Production2!N12)/'Mines (2)'!AN12 -> 0.15238697 | BF12: =BE12*100 -> 15.238697 | BG12: =E12+J12+AB12 -> 3004
B13: 11 | C13: =G12 -> 4043.8032 | D13: 1341.1 | E13: =F13+'RAW MILL 2'!C13 -> 1132 | F13: 944 | G13: =C13+D13-E13 -> 4252.9032 | H13: =K12 -> 15842.105 | I13: 1452.6 | J13: 1000 | K13: =H13+I13-J13-Cement!S13 -> 15772.483 | L13: =P12 -> 3001.7 | M13: 299.16 | N13: =O13+'RAW MILL 2'!D13 -> 54 | O13: 49 | P13: =L13+M13-N13 -> 3246.86 | Q13: =U12 -> 0.04 | R13: 0 | S13: =T13+'RAW MILL 2'!E13 -> 0 | T13: 0 | U13: =Q13+R13-S13 -> 0.04 | V13: =Y12 -> 0 | W13: 0 | X13: 0 | Y13: =V13+W13-X13 -> 0 | Z13: =AC12 -> 0 | AA13: 0 | AB13: 0 | AC13: =Z13+AA13-AB13 -> 0 | AD13: =AG12 -> 0 | AE13: 0 | AF13: 0 | AG13: =AD13+AE13-AF13 -> 0 | AH13: =AL12 -> 298.36 | AJ13: =AK13+'RAW MILL 2'!G13 -> 0 | AL13: =AH13+AI13-AJ13 -> 298.36 | AM13: =D13+I13+M13+R13+W13+AA13+Cement!Q13+Cement!V13+AE13 -> 3092.86 | AN13: =E13+J13+N13+S13+X13+AB13+Clinker!E13+AF13+AK13 -> 2233 | AO13: =Production2!N13 -> 1832 | AP13: =AO13-AN13 -> -401 | AQ13: 3256 | AV13: =D13+I13+M13+R13+Cement!Q13 -> 3092.86 | AW13: =AN13+Cement!R13-Clinker!E13 -> 2656 | AX13: 1843.24 | AY13: =AN13-Production2!N13 -> 401 | AZ13: =AN13 -> 2233 | BA13: =E13+J13 -> 2132 | BB13: =AX13-D13 -> 502.14 | BC13: =I13-BD13 -> 359.12 | BD13: 1093.48 | BE13: =(AN13-Production2!N13)/'Mines (2)'!AN13 -> 0.17957904 | BF13: =BE13*100 -> 17.957904 | BG13: =E13+J13+AB13 -> 2132
B14: 12 | C14: =G13 -> 4252.9032 | D14: 1398.06 | E14: =F14+'RAW MILL 2'!C14 -> 628 | F14: 458 | G14: =C14+D14-E14 -> 5022.9632 | H14: =K13 -> 15772.483 | I14: 1054.4 | J14: 2000 | K14: =H14+I14-J14-Cement!S14 -> 14342.588 | L14: =P13 -> 3246.86 | M14: 0 | N14: =O14+'RAW MILL 2'!D14 -> 67 | O14: 62 | P14: =L14+M14-N14 -> 3179.86 | Q14: =U13 -> 0.04 | R14: 0 | S14: =T14+'RAW MILL 2'!E14 -> 0 | T14: 0 | U14: =Q14+R14-S14 -> 0.04 | V14: =Y13 -> 0 | W14: 0 | X14: 0 | Y14: =V14+W14-X14 -> 0 | Z14: =AC13 -> 0 | AA14: 0 | AB14: 0 | AC14: =Z14+AA14-AB14 -> 0 | AD14: =AG13 -> 0 | AE14: 0 | AF14: 0 | AG14: =AD14+AE14-AF14 -> 0 | AH14: =AL13 -> 298.36 | AJ14: =AK14+'RAW MILL 2'!G14 -> 0 | AL14: =AH14+AI14-AJ14 -> 298.36 | AM14: =D14+I14+M14+R14+W14+AA14+Cement!Q14+Cement!V14+AE14 -> 2452.46 | AN14: =E14+J14+N14+S14+X14+AB14+Clinker!E14+AF14+AK14 -> 2754 | AO14: =Production2!N14 -> 2318 | AP14: =AO14-AN14 -> -436 | AQ14: 3209 | AV14: =D14+I14+M14+R14+Cement!Q14 -> 2452.46 | AW14: =AN14+Cement!R14-Clinker!E14 -> 3130.866 | AX14: 665.76 | AY14: =AN14-Production2!N14 -> 436 | AZ14: =AN14 -> 2754 | BA14: =E14+J14 -> 2628 | BB14: =AX14-D14 -> -732.3 | BC14: =I14-BD14 -> -131.02 | BD14: 1185.42 | BE14: =(AN14-Production2!N14)/'Mines (2)'!AN14 -> 0.15831518 | BF14: =BE14*100 -> 15.831518 | BG14: =E14+J14+AB14 -> 2628
B15: 13 | C15: =G14 -> 5022.9632 | D15: 717.94 | E15: =F15+'RAW MILL 2'!C15 -> 1071 | F15: 930 | G15: =C15+D15-E15 -> 4669.9032 | H15: =K14 -> 14342.588 | I15: 1817.94 | J15: 1000 | K15: =H15+I15-J15-Cement!S15 -> 14625.639 | L15: =P14 -> 3179.86 | M15: 0 | N15: =O15+'RAW MILL 2'!D15 -> 54 | O15: 50 | P15: =L15+M15-N15 -> 3125.86 | Q15: =U14 -> 0.04 | R15: 0 | S15: =T15+'RAW MILL 2'!E15 -> 0 | T15: 0 | U15: =Q15+R15-S15 -> 0.04 | V15: =Y14 -> 0 | W15: 0 | X15: 0 | Y15: =V15+W15-X15 -> 0 | Z15: =AC14 -> 0 | AA15: 0 | AB15: 0 | AC15: =Z15+AA15-AB15 -> 0 | AD15: =AG14 -> 0 | AE15: 0 | AF15: 0 | AG15: =AD15+AE15-AF15 -> 0 | AH15: =AL14 -> 298.36 | AJ15: =AK15+'RAW MILL 2'!G15 -> 0 | AL15: =AH15+AI15-AJ15 -> 298.36 | AM15: =D15+I15+M15+R15+W15+AA15+Cement!Q15+Cement!V15+AE15 -> 2535.88 | AN15: =E15+J15+N15+S15+X15+AB15+Clinker!E15+AF15+AK15 -> 2171 | AO15: =Production2!N15 -> 1820 | AP15: =AO15-AN15 -> -351 | AQ15: 3075 | AV15: =D15+I15+M15+R15+Cement!Q15 -> 2535.88 | AW15: =AN15+Cement!R15-Clinker!E15 -> 2606.4 | AX15: 776.72 | AY15: =AN15-Production2!N15 -> 351 | AZ15: =AN15 -> 2171 | BA15: =E15+J15 -> 2071 | BB15: =AX15-D15 -> 58.78 | BC15: =I15-BD15 -> 597.42 | BD15: 1220.52 | BE15: =(AN15-Production2!N15)/'Mines (2)'!AN15 -> 0.16167665 | BF15: =BE15*100 -> 16.167665 | BG15: =E15+J15+AB15 -> 2071
B16: 14 | C16: =G15 -> 4669.9032 | D16: 1782.02 | E16: =F16+'RAW MILL 2'!C16 -> 1135 | F16: 967 | G16: =C16+D16-E16 -> 5316.9232 | H16: =K15 -> 14625.639 | I16: 2027.96 | J16: 1000 | K16: =H16+I16-J16-Cement!S16 -> 15166.243 | L16: =P15 -> 3125.86 | M16: 0 | N16: =O16+'RAW MILL 2'!D16 -> 49 | O16: 45 | P16: =L16+M16-N16 -> 3076.86 | Q16: =U15 -> 0.04 | R16: 0 | S16: =T16+'RAW MILL 2'!E16 -> 0 | T16: 0 | U16: =Q16+R16-S16 -> 0.04 | V16: =Y15 -> 0 | W16: 0 | X16: 0 | Y16: =V16+W16-X16 -> 0 | Z16: =AC15 -> 0 | AA16: 0 | AB16: 0 | AC16: =Z16+AA16-AB16 -> 0 | AD16: =AG15 -> 0 | AE16: 0 | AF16: 0 | AG16: =AD16+AE16-AF16 -> 0 | AH16: =AL15 -> 298.36 | AJ16: =AK16+'RAW MILL 2'!G16 -> 0 | AL16: =AH16+AI16-AJ16 -> 298.36 | AM16: =D16+I16+M16+R16+W16+AA16+Cement!Q16+Cement!V16+AE16 -> 3809.98 | AN16: =E16+J16+N16+S16+X16+AB16+Clinker!E16+AF16+AK16 -> 2245 | AO16: =Production2!N16 -> 1862 | AP16: =AO16-AN16 -> -383 | AQ16: 2456 | AV16: =D16+I16+M16+R16+Cement!Q16 -> 3809.98 | AW16: =AN16+Cement!R16-Clinker!E16 -> 2622.62 | AX16: 1682.06 | AY16: =AN16-Production2!N16 -> 383 | AZ16: =AN16 -> 2245 | BA16: =E16+J16 -> 2135 | BB16: =AX16-D16 -> -99.96 | BC16: =I16-BD16 -> 969.8 | BD16: 1058.16 | BE16: =(AN16-Production2!N16)/'Mines (2)'!AN16 -> 0.17060134 | BF16: =BE16*100 -> 17.060134 | BG16: =E16+J16+AB16 -> 2135
B17: 15 | C17: =G16 -> 5316.9232 | D17: 1714.3 | E17: =F17+'RAW MILL 2'!C17 -> 455 | F17: 388 | G17: =C17+D17-E17 -> 6576.2232 | H17: =K16 -> 15166.243 | I17: 1977.68 | J17: 2000 | K17: =H17+I17-J17-Cement!S17 -> 14709.157 | L17: =P16 -> 3076.86 | M17: 182.56 | N17: =O17+'RAW MILL 2'!D17 -> 48 | O17: 47 | P17: =L17+M17-N17 -> 3211.42 | Q17: =U16 -> 0.04 | R17: 0 | S17: =T17+'RAW MILL 2'!E17 -> 0 | T17: 0 | U17: =Q17+R17-S17 -> 0.04 | V17: =Y16 -> 0 | W17: 0 | X17: 0 | Y17: =V17+W17-X17 -> 0 | Z17: =AC16 -> 0 | AA17: 0 | AB17: 0 | AC17: =Z17+AA17-AB17 -> 0 | AD17: =AG16 -> 0 | AE17: 0 | AF17: 0 | AG17: =AD17+AE17-AF17 -> 0 | AH17: =AL16 -> 298.36 | AJ17: =AK17+'RAW MILL 2'!G17 -> 0 | AL17: =AH17+AI17-AJ17 -> 298.36 | AM17: =D17+I17+M17+R17+W17+AA17+Cement!Q17+Cement!V17+AE17 -> 3874.54 | AN17: =E17+J17+N17+S17+X17+AB17+Clinker!E17+AF17+AK17 -> 2566 | AO17: =Production2!N17 -> 2247 | AP17: =AO17-AN17 -> -319 | AQ17: 2956 | AR17: =E17/AO17 -> 0.20249221 | AS17: =J17/AO17 -> 0.89007566 | AT17: =N17/AO17 -> 0.021361816 | AU17: =S17/AO17 -> 0 | AV17: =D17+I17+M17+R17+Cement!Q17 -> 3874.54 | AW17: =AN17+Cement!R17-Clinker!E17 -> 2894.29 | AX17: 593.68 | AY17: =AN17-Production2!N17 -> 319 | AZ17: =AN17 -> 2566 | BA17: =E17+J17 -> 2455 | BB17: =AX17-D17 -> -1120.62 | BC17: =I17-BD17 -> 1406.76 | BD17: 570.92 | BE17: =(AN17-Production2!N17)/'Mines (2)'!AN17 -> 0.124318 | BF17: =BE17*100 -> 12.4318 | BG17: =E17+J17+AB17 -> 2455
B18: 16 | C18: =G17 -> 6576.2232 | D18: 873.52 | E18: =F18+'RAW MILL 2'!C18 -> 547 | F18: 547 | G18: =C18+D18-E18 -> 6902.7432 | H18: =K17 -> 14709.157 | I18: 1328.24 | J18: 2000 | K18: =H18+I18-J18-Cement!S18 -> 13529.552 | L18: =P17 -> 3211.42 | M18: 133.88 | N18: =O18+'RAW MILL 2'!D18 -> 56 | O18: 56 | P18: =L18+M18-N18 -> 3289.3 | Q18: =U17 -> 0.04 | R18: 0 | S18: =T18+'RAW MILL 2'!E18 -> 0 | T18: 0 | U18: =Q18+R18-S18 -> 0.04 | V18: =Y17 -> 0 | W18: 0 | X18: 0 | Y18: =V18+W18-X18 -> 0 | Z18: =AC17 -> 0 | AA18: 0 | AB18: 0 | AC18: =Z18+AA18-AB18 -> 0 | AD18: =AG17 -> 0 | AE18: 0 | AF18: 0 | AG18: =AD18+AE18-AF18 -> 0 | AH18: =AL17 -> 298.36 | AJ18: =AK18+'RAW MILL 2'!G18 -> 0 | AL18: =AH18+AI18-AJ18 -> 298.36 | AM18: =D18+I18+M18+R18+W18+AA18+Cement!Q18+Cement!V18+AE18 -> 2335.64 | AN18: =E18+J18+N18+S18+X18+AB18+Clinker!E18+AF18+AK18 -> 2675 | AO18: =Production2!N18 -> 2409.66 | AP18: =AO18-AN18 -> -265.34 | AQ18: 3022 | AR18: =E18/AO18 -> 0.22700298 | AS18: =J18/AO18 -> 0.82999261 | AT18: =N18/AO18 -> 0.023239793 | AU18: =S18/AO18 -> 0 | AV18: =D18+I18+M18+R18+Cement!Q18 -> 2335.64 | AW18: =AN18+Cement!R18-Clinker!E18 -> 3060.06 | AX18: 1924.02 | AY18: =AN18-Production2!N18 -> 265.34 | AZ18: =AN18 -> 2675 | BA18: =E18+J18 -> 2547 | BB18: =AX18-D18 -> 1050.5 | BC18: =I18-BD18 -> -600.34 | BD18: 1928.58 | BE18: =(AN18-Production2!N18)/'Mines (2)'!AN18 -> 0.099192523 | BF18: =BE18*100 -> 9.9192523 | BG18: =E18+J18+AB18 -> 2547
B19: 17 | C19: =G18 -> 6902.7432 | D19: 1513.74 | E19: =F19+'RAW MILL 2'!C19 -> 1727 | F19: 1727 | G19: =C19+D19-E19 -> 6689.4832 | H19: =K18 -> 13529.552 | I19: 450.96 | J19: 0 | K19: =H19+I19-J19-Cement!S19 -> 13419.89 | L19: =P18 -> 3289.3 | M19: 0 | N19: =O19+'RAW MILL 2'!D19 -> 24 | O19: 24 | P19: =L19+M19-N19 -> 3265.3 | Q19: =U18 -> 0.04 | R19: 0 | S19: =T19+'RAW MILL 2'!E19 -> 0 | T19: 0 | U19: =Q19+R19-S19 -> 0.04 | V19: =Y18 -> 0 | W19: 0 | X19: 0 | Y19: =V19+W19-X19 -> 0 | Z19: =AC18 -> 0 | AA19: 0 | AB19: 0 | AC19: =Z19+AA19-AB19 -> 0 | AD19: =AG18 -> 0 | AE19: 0 | AF19: 0 | AG19: =AD19+AE19-AF19 -> 0 | AH19: =AL18 -> 298.36 | AJ19: =AK19+'RAW MILL 2'!G19 -> 0 | AL19: =AH19+AI19-AJ19 -> 298.36 | AM19: =D19+I19+M19+R19+W19+AA19+Cement!Q19+Cement!V19+AE19 -> 1964.7 | AN19: =E19+J19+N19+S19+X19+AB19+Clinker!E19+AF19+AK19 -> 1798 | AO19: =Production2!N19 -> 1619.61 | AP19: =AO19-AN19 -> -178.39 | AQ19: 2379 | AR19: =E19/AO19 -> 1.0663061 | AS19: =J19/AO19 -> 0 | AT19: =N19/AO19 -> 0.014818382 | AU19: =S19/AO19 -> 0 | AV19: =D19+I19+M19+R19+Cement!Q19 -> 1964.7 | AW19: =AN19+Cement!R19-Clinker!E19 -> 2255.56 | AX19: 2200 | AY19: =AN19-Production2!N19 -> 178.39 | AZ19: =AN19 -> 1798 | BA19: =E19+J19 -> 1727 | BB19: =AX19-D19 -> 686.26 | BC19: =I19-BD19 -> -449.04 | BD19: 900 | BE19: =(AN19-Production2!N19)/'Mines (2)'!AN19 -> 0.099215795 | BF19: =BE19*100 -> 9.9215795 | BG19: =E19+J19+AB19 -> 1727
B20: 18 | C20: =G19 -> 6689.4832 | D20: 1953.68 | E20: =F20+'RAW MILL 2'!C20 -> 1148 | F20: 1148 | G20: =C20+D20-E20 -> 7495.1632 | H20: =K19 -> 13419.89 | I20: 702.66 | J20: 1000 | K20: =H20+I20-J20-Cement!S20 -> 12637.017 | L20: =P19 -> 3265.3 | M20: 113.7 | N20: =O20+'RAW MILL 2'!D20 -> 73 | O20: 73 | P20: =L20+M20-N20 -> 3306 | Q20: =U19 -> 0.04 | R20: 0 | S20: =T20+'RAW MILL 2'!E20 -> 0 | T20: 0 | U20: =Q20+R20-S20 -> 0.04 | V20: =Y19 -> 0 | W20: 0 | X20: 0 | Y20: =V20+W20-X20 -> 0 | Z20: =AC19 -> 0 | AA20: 0 | AB20: 0 | AC20: =Z20+AA20-AB20 -> 0 | AD20: =AG19 -> 0 | AE20: 0 | AF20: 0 | AG20: =AD20+AE20-AF20 -> 0 | AH20: =AL19 -> 298.36 | AJ20: =AK20+'RAW MILL 2'!G20 -> 0 | AL20: =AH20+AI20-AJ20 -> 298.36 | AM20: =D20+I20+M20+R20+W20+AA20+Cement!Q20+Cement!V20+AE20 -> 2770.04 | AN20: =E20+J20+N20+S20+X20+AB20+Clinker!E20+AF20+AK20 -> 2309 | AO20: =Production2!N20 -> 2080.74 | AP20: =AO20-AN20 -> -228.26 | AQ20: 3157 | AR20: =E20/AO20 -> 0.55172679 | AS20: =J20/AO20 -> 0.48059825 | AT20: =N20/AO20 -> 0.035083672 | AU20: =S20/AO20 -> 0 | AV20: =D20+I20+M20+R20+Cement!Q20 -> 2770.04 | AW20: =AN20+Cement!R20-Clinker!E20 -> 2657.98 | AX20: 1275.56 | AY20: =AN20-Production2!N20 -> 228.26 | AZ20: =AN20 -> 2309 | BA20: =E20+J20 -> 2148 | BB20: =AX20-D20 -> -678.12 | BC20: =I20-BD20 -> 121.34 | BD20: 581.32 | BE20: =(AN20-Production2!N20)/'Mines (2)'!AN20 -> 0.098856648 | BF20: =BE20*100 -> 9.8856648 | BG20: =E20+J20+AB20 -> 2148
B21: 19 | C21: =G20 -> 7495.1632 | D21: 1942.16 | E21: =F21+'RAW MILL 2'!C21 -> 954 | F21: 954 | G21: =C21+D21-E21 -> 8483.3232 | H21: =K20 -> 12637.017 | I21: 1218.92 | J21: 1000 | K21: =H21+I21-J21-Cement!S21 -> 12358.713 | L21: =P20 -> 3306 | M21: 0 | N21: =O21+'RAW MILL 2'!D21 -> 67 | O21: 67 | P21: =L21+M21-N21 -> 3239 | Q21: =U20 -> 0.04 | R21: 0 | S21: =T21+'RAW MILL 2'!E21 -> 0 | T21: 0 | U21: =Q21+R21-S21 -> 0.04 | V21: =Y20 -> 0 | W21: 0 | X21: 0 | Y21: =V21+W21-X21 -> 0 | Z21: =AC20 -> 0 | AA21: 321.88 | AB21: 0 | AC21: =Z21+AA21-AB21 -> 321.88 | AD21: =AG20 -> 0 | AE21: 0 | AF21: 0 | AG21: =AD21+AE21-AF21 -> 0 | AH21: =AL20 -> 298.36 | AJ21: =AK21+'RAW MILL 2'!G21 -> 0 | AL21: =AH21+AI21-AJ21 -> 298.36 | AM21: =D21+I21+M21+R21+W21+AA21+Cement!Q21+Cement!V21+AE21 -> 3482.96 | AN21: =E21+J21+N21+S21+X21+AB21+Clinker!E21+AF21+AK21 -> 2101 | AO21: =Production2!N21 -> 1893.3 | AP21: =AO21-AN21 -> -207.7 | AQ21: 2838 | AR21: =E21/AO21 -> 0.50388211 | AS21: =J21/AO21 -> 0.52817831 | AT21: =N21/AO21 -> 0.035387947 | AU21: =S21/AO21 -> 0 | AV21: =D21+I21+M21+R21+Cement!Q21 -> 3161.08 | AW21: =AN21+Cement!R21-Clinker!E21 -> 2468.501 | AX21: 244.68 | AY21: =AN21-Production2!N21 -> 207.7 | AZ21: =AN21 -> 2101 | BA21: =E21+J21 -> 1954 | BB21: =AX21-D21 -> -1697.48 | BC21: =I21-BD21 -> -161.2 | BD21: 1380.12 | BE21: =(AN21-Production2!N21)/'Mines (2)'!AN21 -> 0.098857687 | BF21: =BE21*100 -> 9.8857687 | BG21: =E21+J21+AB21 -> 1954
B22: 20 | C22: =G21 -> 8483.3232 | D22: 252.16 | E22: =F22+'RAW MILL 2'!C22 -> 664 | F22: 664 | G22: =C22+D22-E22 -> 8071.4832 | H22: =K21 -> 12358.713 | I22: 1673.04 | J22: 1000 | K22: =H22+I22-J22-Cement!S22 -> 12577.014 | L22: =P21 -> 3239 | M22: 0 | N22: =O22+'RAW MILL 2'!D22 -> 57 | O22: 57 | P22: =L22+M22-N22 -> 3182 | Q22: =U21 -> 0.04 | R22: 0 | S22: =T22+'RAW MILL 2'!E22 -> 0 | T22: 0 | U22: =Q22+R22-S22 -> 0.04 | V22: =Y21 -> 0 | W22: 0 | X22: 0 | Y22: =V22+W22-X22 -> 0 | Z22: =AC21 -> 321.88 | AA22: 156.24 | AB22: 0 | AC22: =Z22+AA22-AB22 -> 478.12 | AD22: =AG21 -> 0 | AE22: 0 | AF22: 0 | AG22: =AD22+AE22-AF22 -> 0 | AH22: =AL21 -> 298.36 | AJ22: =AK22+'RAW MILL 2'!G22 -> 0 | AL22: =AH22+AI22-AJ22 -> 298.36 | AM22: =D22+I22+M22+R22+W22+AA22+Cement!Q22+Cement!V22+AE22 -> 2081.44 | AN22: =E22+J22+N22+S22+X22+AB22+Clinker!E22+AF22+AK22 -> 1789 | AO22: =Production2!N22 -> 1612.14 | AP22: =AO22-AN22 -> -176.86 | AQ22: 3051 | AR22: =E22/AO22 -> 0.4118749 | AS22: =J22/AO22 -> 0.62029352 | AT22: =N22/AO22 -> 0.035356731 | AU22: =S22/AO22 -> 0 | AV22: =D22+I22+M22+R22+Cement!Q22 -> 1925.2 | AW22: =AN22+Cement!R22-Clinker!E22 -> 2130.265 | AX22: 841.18 | AY22: =AN22-Production2!N22 -> 176.86 | AZ22: =AN22 -> 1789 | BA22: =E22+J22 -> 1664 | BB22: =AX22-D22 -> 589.02 | BC22: =I22-BD22 -> 72.24 | BD22: 1600.8 | BE22: =(AN22-Production2!N22)/'Mines (2)'!AN22 -> 0.098859698 | BF22: =BE22*100 -> 9.8859698
B23: 21 | C23: =G22 -> 8071.4832 | D23: 2063.6 | E23: =F23+'RAW MILL 2'!C23 -> 1906 | F23: 1906 | G23: =C23+D23-E23 -> 8229.0832 | H23: =K22 -> 12577.014 | I23: 1306.88 | J23: 0 | K23: =H23+I23-J23-Cement!S23 -> 13466.717 | L23: =P22 -> 3182 | M23: 0 | N23: =O23+'RAW MILL 2'!D23 -> 41 | O23: 41 | P23: =L23+M23-N23 -> 3141 | Q23: =U22 -> 0.04 | R23: 0 | S23: =T23+'RAW MILL 2'!E23 -> 0 | T23: 0 | U23: =Q23+R23-S23 -> 0.04 | V23: =Y22 -> 0 | W23: 0 | X23: 0 | Y23: =V23+W23-X23 -> 0 | Z23: =AC22 -> 478.12 | AA23: 0 | AB23: 0 | AC23: =Z23+AA23-AB23 -> 478.12 | AD23: =AG22 -> 0 | AE23: 0 | AF23: 0 | AG23: =AD23+AE23-AF23 -> 0 | AH23: =AL22 -> 298.36 | AI23: 0 | AJ23: =AK23+'RAW MILL 2'!G23 -> 20 | AK23: 20 | AL23: =AH23+AI23-AJ23 -> 278.36 | AM23: =D23+I23+M23+R23+W23+AA23+Cement!Q23+Cement!V23+AE23 -> 3370.48 | AN23: =E23+J23+N23+S23+X23+AB23+Clinker!E23+AF23+AK23 -> 2009 | AO23: =Production2!N23 -> 1809.96 | AP23: =AO23-AN23 -> -199.04 | AQ23: 2232 | AR23: =E23/AO23 -> 1.0530619 | AS23: =J23/AO23 -> 0 | AT23: =N23/AO23 -> 0.022652434 | AU23: =S23/AO23 -> 0 | AV23: =D23+I23+R23+#REF!+Cement!Q23 -> #REF! | AW23: =AN23+Cement!R23-Clinker!E23 -> 2342.46 | AX23: 0 | AY23: =AN23-Production2!N23 -> 199.04 | AZ23: =AN23 -> 2009 | BA23: =E23+J23 -> 1906 | BB23: =AX23-D23 -> -2063.6 | BC23: =I23-BD23 -> 279.3 | BD23: 1027.58 | BE23: =(AN23-Production2!N23)/'Mines (2)'!AN23 -> 0.099074166 | BF23: =BE23*100 -> 9.9074166
B24: 22 | C24: =G23 -> 8229.0832 | D24: 1013.84 | E24: =F24+'RAW MILL 2'!C24 -> 1587 | F24: 1587 | G24: =C24+D24-E24 -> 7655.9232 | H24: =K23 -> 13466.717 | I24: 1524.44 | J24: 0 | K24: =H24+I24-J24-Cement!S24 -> 14558.848 | L24: =P23 -> 3141 | M24: 120.46 | N24: =O24+'RAW MILL 2'!D24 -> 17 | O24: 17 | P24: =L24+M24-N24 -> 3244.46 | Q24: =U23 -> 0.04 | R24: 0 | S24: =T24+'RAW MILL 2'!E24 -> 0 | T24: 0 | U24: =Q24+R24-S24 -> 0.04 | V24: =Y23 -> 0 | W24: 0 | X24: 0 | Y24: =V24+W24-X24 -> 0 | Z24: =AC23 -> 478.12 | AA24: 0 | AB24: 0 | AC24: =Z24+AA24-AB24 -> 478.12 | AD24: =AG23 -> 0 | AE24: 0 | AF24: 0 | AG24: =AD24+AE24-AF24 -> 0 | AH24: =AL23 -> 278.36 | AI24: 90.7 | AJ24: =AK24+'RAW MILL 2'!G24 -> 16 | AK24: 16 | AL24: =AH24+AI24-AJ24 -> 353.06 | AM24: =D24+I24+M24+R24+W24+AA24+Cement!Q24+Cement!V24+AE24 -> 2658.74 | AN24: =E24+J24+N24+S24+X24+AB24+Clinker!E24+AF24+AK24 -> 1675 | AO24: =Production2!N24 -> 1509.63 | AP24: =AO24-AN24 -> -165.37 | AR24: =E24/AO24 -> 1.051251 | AS24: =J24/AO24 -> 0 | AT24: =N24/AO24 -> 0.011261037 | AU24: =S24/AO24 -> 0 | AV24: =D24+I24+M24+R24+Cement!Q24 -> 2658.74 | AW24: =AN24+Cement!R24-Clinker!E24 -> 2009.078 | AY24: =AN24-Production2!N24 -> 165.37 | AZ24: =AN24 -> 1675 | BA24: =E24+J24 -> 1587 | BB24: =AX24-D24 -> -1013.84 | BC24: =I24-BD24 -> 1524.44 | BD24: 0 | BE24: =(AN24-Production2!N24)/'Mines (2)'!AN24 -> 0.098728358 | BF24: =BE24*100 -> 9.8728358
B25: 23 | C25: =G24 -> 7655.9232 | D25: 800.58 | E25: =F25+'RAW MILL 2'!C25 -> 0 | F25: 0 | G25: =C25+D25-E25 -> 8456.5032 | H25: =K24 -> 14558.848 | I25: 1822.7 | J25: 0 | K25: =H25+I25-J25-Cement!S25 -> 15980.935 | L25: =P24 -> 3244.46 | M25: 0 | N25: =O25+'RAW MILL 2'!D25 -> 0 | O25: 0 | P25: =L25+M25-N25 -> 3244.46 | Q25: =U24 -> 0.04 | R25: 0 | S25: =T25+'RAW MILL 2'!E25 -> 0 | T25: 0 | U25: =Q25+R25-S25 -> 0.04 | V25: =Y24 -> 0 | W25: 0 | X25: 0 | Y25: =V25+W25-X25 -> 0 | Z25: =AC24 -> 478.12 | AA25: 250.08 | AB25: 0 | AC25: =Z25+AA25-AB25 -> 728.2 | AD25: =AG24 -> 0 | AE25: 0 | AF25: 0 | AG25: =AD25+AE25-AF25 -> 0 | AH25: =AL24 -> 353.06 | AI25: 30.38 | AJ25: =AK25+'RAW MILL 2'!G25 -> 0 | AK25: 0 | AL25: =AH25+AI25-AJ25 -> 383.44 | AM25: =D25+I25+M25+R25+W25+AA25+Cement!Q25+Cement!V25+AE25 -> 2873.36 | AN25: =E25+J25+N25+S25+X25+AB25+Clinker!E25+AF25+AK25 -> 0 | AO25: =Production2!N25 -> 0 | AP25: =AO25-AN25 -> 0 | AR25: =E25/AO25 -> #DIV/0! | AS25: =J25/AO25 -> #DIV/0! | AT25: =N25/AO25 -> #DIV/0! | AU25: =S25/AO25 -> #DIV/0! | AV25: =D25+I25+M25+R25+Cement!Q25 -> 2623.28 | AW25: =AN25+Cement!R25-Clinker!E25 -> 360.551 | AY25: =AN25-Production2!N25 -> 0 | AZ25: =AN25 -> 0 | BA25: =E25+J25 -> 0 | BB25: =AX25-D25 -> -800.58 | BC25: =I25-BD25 -> 1822.7 | BD25: 0 | BE25: =(AN25-Production2!N25)/'Mines (2)'!AN25 -> #DIV/0! | BF25: =BE25*100 -> #DIV/0!
B26: 24 | C26: =G25 -> 8456.5032 | D26: 938.74 | E26: =F26+'RAW MILL 2'!C26 -> 1614 | F26: 1614 | G26: =C26+D26-E26 -> 7781.2432 | H26: =K25 -> 15980.935 | I26: 1305.1 | J26: 0 | K26: =H26+I26-J26-Cement!S26 -> 16881.313 | L26: =P25 -> 3244.46 | M26: 0 | N26: =O26+'RAW MILL 2'!D26 -> 19 | O26: 19 | P26: =L26+M26-N26 -> 3225.46 | Q26: =U25 -> 0.04 | R26: 0 | S26: =T26+'RAW MILL 2'!E26 -> 0 | T26: 0 | U26: =Q26+R26-S26 -> 0.04 | V26: =Y25 -> 0 | W26: 0 | X26: 0 | Y26: =V26+W26-X26 -> 0 | Z26: =AC25 -> 728.2 | AA26: 0 | AB26: 0 | AC26: =Z26+AA26-AB26 -> 728.2 | AD26: =AG25 -> 0 | AE26: 0 | AF26: 0 | AG26: =AD26+AE26-AF26 -> 0 | AH26: =AL25 -> 383.44 | AI26: 0 | AJ26: =AK26+'RAW MILL 2'!G26 -> 17 | AK26: 17 | AL26: =AH26+AI26-AJ26 -> 366.44 | AM26: =D26+I26+M26+R26+W26+AA26+Cement!Q26+Cement!V26+AE26 -> 2243.84 | AN26: =E26+J26+N26+S26+X26+AB26+Clinker!E26+AF26+AK26 -> 1687 | AO26: =Production2!N26 -> 1519.92 | AP26: =AO26-AN26 -> -167.08 | AR26: =E26/AO26 -> 1.061898 | AS26: =J26/AO26 -> 0 | AT26: =N26/AO26 -> 0.012500658 | AU26: =S26/AO26 -> 0 | AV26: =D26+I26+M26+R26+Cement!Q26 -> 2243.84 | AW26: =AN26+Cement!R26-Clinker!E26 -> 2014.25 | AY26: =AN26-Production2!N26 -> 167.08 | AZ26: =AN26 -> 1687 | BA26: =E26+J26 -> 1614 | BB26: =AX26-D26 -> -938.74 | BC26: =D26-BD26 -> 938.74 | BD26: 0 | BE26: =(AN26-Production2!N26)/'Mines (2)'!AN26 -> 0.099039715 | BF26: =BE26*100 -> 9.9039715
B27: 25 | C27: =G26 -> 7781.2432 | D27: 1172.54 | E27: =F27+'RAW MILL 2'!C27 -> 2600 | F27: 2393 | G27: =C27+D27-E27 -> 6353.7832 | H27: =K26 -> 16881.313 | I27: 1021.82 | J27: 0 | K27: =H27+I27-J27-Cement!S27 -> 17465.669 | L27: =P26 -> 3225.46 | M27: 0 | N27: =O27+'RAW MILL 2'!D27 -> 17 | O27: 16 | P27: =L27+M27-N27 -> 3208.46 | Q27: =U26 -> 0.04 | R27: 0 | S27: =T27+'RAW MILL 2'!E27 -> 0 | T27: 0 | U27: =Q27+R27-S27 -> 0.04 | V27: =Y26 -> 0 | W27: 0 | X27: 0 | Y27: =V27+W27-X27 -> 0 | Z27: =AC26 -> 728.2 | AA27: 0 | AB27: 0 | AC27: =Z27+AA27-AB27 -> 728.2 | AD27: =AG26 -> 0 | AE27: 0 | AF27: 0 | AG27: =AD27+AE27-AF27 -> 0 | AH27: =AL26 -> 366.44 | AI27: 0 | AJ27: =AK27+'RAW MILL 2'!G27 -> 26 | AK27: 24 | AL27: =AH27+AI27-AJ27 -> 340.44 | AM27: =D27+I27+M27+R27+W27+AA27+Cement!Q27+Cement!V27+AE27 -> 2194.36 | AN27: =E27+J27+N27+S27+X27+AB27+Clinker!E27+AF27+AK27 -> 2692 | AO27: =Production2!N27 -> 2232 | AP27: =AO27-AN27 -> -460 | AR27: =E27/AO27 -> 1.1648746 | AS27: =J27/AO27 -> 0 | AT27: =N27/AO27 -> 0.0076164875 | AU27: =S27/AO27 -> 0 | AV27: =D27+I27+M27+R27+Cement!Q27 -> 2194.36 | AW27: =AN27+Cement!R27-Clinker!E27 -> 3034.718 | AY27: =AN27-Production2!N27 -> 460 | AZ27: =AN27 -> 2692 | BA27: 25 | BD27: 0 | BE27: =(AN27-Production2!N27)/'Mines (2)'!AN27 -> 0.17087667 | BF27: =BE27*100 -> 17.087667
B28: 26 | C28: =G27 -> 6353.7832 | D28: 1281.98 | E28: =F28+'RAW MILL 2'!C28 -> 675 | F28: 488 | G28: =C28+D28-E28 -> 6960.7632 | H28: =K27 -> 17465.669 | I28: 1341.18 | J28: 2000 | K28: =H28+I28-J28-Cement!S28 -> 16368.424 | L28: =P27 -> 3208.46 | M28: 73.12 | N28: =O28+'RAW MILL 2'!D28 -> 18 | O28: 17 | P28: =L28+M28-N28 -> 3263.58 | Q28: =U27 -> 0.04 | R28: 0 | S28: =T28+'RAW MILL 2'!E28 -> 0 | T28: 0 | U28: =Q28+R28-S28 -> 0.04 | V28: =Y27 -> 0 | W28: 0 | X28: 0 | Y28: =V28+W28-X28 -> 0 | Z28: =AC27 -> 728.2 | AA28: 0 | AB28: 0 | AC28: =Z28+AA28-AB28 -> 728.2 | AD28: =AG27 -> 0 | AE28: 0 | AF28: 0 | AG28: =AD28+AE28-AF28 -> 0 | AH28: =AL27 -> 340.44 | AI28: 0 | AJ28: =AK28+'RAW MILL 2'!G28 -> 28 | AK28: 26 | AL28: =AH28+AI28-AJ28 -> 312.44 | AM28: =D28+I28+M28+R28+W28+AA28+Cement!Q28+Cement!V28+AE28 -> 2696.28 | AN28: =E28+J28+N28+S28+X28+AB28+Clinker!E28+AF28+AK28 -> 2769 | AO28: =Production2!N28 -> 2320 | AP28: =AO28-AN28 -> -449 | AR28: =E28/AO28 -> 0.29094828 | AS28: =J28/AO28 -> 0.86206897 | AT28: =N28/AO28 -> 0.0077586207 | AU28: =S28/AO28 -> 0 | AV28: =D28+I28+M28+R28+Cement!Q28 -> 2696.28 | AW28: =AN28+Cement!R28-Clinker!E28 -> 3113.582 | AY28: =AN28-Production2!N28 -> 449 | AZ28: =AN28 -> 2769 | BA28: 26 | BD28: 0 | BE28: =(AN28-Production2!N28)/'Mines (2)'!AN28 -> 0.1621524 | BF28: =BE28*100 -> 16.21524
B29: 27 | C29: =G28 -> 6960.7632 | D29: 573.82 | E29: =F29+'RAW MILL 2'!C29 -> 197 | F29: 49 | G29: =C29+D29-E29 -> 7337.5832 | H29: =K28 -> 16368.424 | I29: 1963.58 | J29: 2000 | K29: =H29+I29-J29-Cement!S29 -> 15968.657 | L29: =P28 -> 3263.58 | M29: 382.08 | N29: =O29+'RAW MILL 2'!D29 -> 16 | O29: 15 | P29: =L29+M29-N29 -> 3629.66 | Q29: =U28 -> 0.04 | R29: 0 | S29: =T29+'RAW MILL 2'!E29 -> 0 | T29: 0 | U29: =Q29+R29-S29 -> 0.04 | V29: =Y28 -> 0 | W29: 0 | X29: 0 | Y29: =V29+W29-X29 -> 0 | Z29: =AC28 -> 728.2 | AA29: 0 | AB29: 0 | AC29: =Z29+AA29-AB29 -> 728.2 | AD29: =AG28 -> 0 | AE29: 0 | AF29: 0 | AG29: =AD29+AE29-AF29 -> 0 | AH29: =AL28 -> 312.44 | AI29: 0 | AJ29: =AK29+'RAW MILL 2'!G29 -> 23 | AK29: 21 | AL29: =AH29+AI29-AJ29 -> 289.44 | AM29: =D29+I29+M29+R29+W29+AA29+Cement!Q29+Cement!V29+AE29 -> 2919.48 | AN29: =E29+J29+N29+S29+X29+AB29+Clinker!E29+AF29+AK29 -> 2274 | AO29: =Production2!N29 -> 1910 | AP29: =AO29-AN29 -> -364 | AR29: =E29/AO29 -> 0.10314136 | AS29: =J29/AO29 -> 1.0471204 | AT29: =N29/AO29 -> 0.0083769634 | AU29: =S29/AO29 -> 0 | AW29: =AN29+Cement!R29-Clinker!E29 -> 2561.013 | AY29: =AN29-Production2!N29 -> 364 | AZ29: =AN29 -> 2274 | BA29: 27 | BD29: 0 | BE29: =(AN29-Production2!N29)/'Mines (2)'!AN29 -> 0.16007036 | BF29: =BE29*100 -> 16.007036
B30: 28 | C30: =G29 -> 7337.5832 | D30: 1262.16 | E30: =F30+'RAW MILL 2'!C30 -> 571 | F30: 385 | G30: =C30+D30-E30 -> 8028.7432 | H30: =K29 -> 15968.657 | I30: 1537.4 | J30: 2000 | K30: =H30+I30-J30-Cement!S30 -> 15089.05 | L30: =P29 -> 3629.66 | M30: 267.62 | N30: =O30+'RAW MILL 2'!D30 -> 18 | O30: 17 | P30: =L30+M30-N30 -> 3879.28 | Q30: =U29 -> 0.04 | R30: 0 | S30: =T30+'RAW MILL 2'!E30 -> 0 | T30: 0 | U30: =Q30+R30-S30 -> 0.04 | V30: =Y29 -> 0 | W30: 0 | X30: 0 | Y30: =V30+W30-X30 -> 0 | Z30: =AC29 -> 728.2 | AA30: 0 | AB30: 0 | AC30: =Z30+AA30-AB30 -> 728.2 | AD30: =AG29 -> 0 | AE30: 0 | AF30: 0 | AG30: =AD30+AE30-AF30 -> 0 | AH30: =AL29 -> 289.44 | AI30: 0 | AJ30: =AK30+'RAW MILL 2'!G30 -> 23 | AK30: 22 | AL30: =AH30+AI30-AJ30 -> 266.44 | AM30: =D30+I30+M30+R30+W30+AA30+Cement!Q30+Cement!V30+AE30 -> 3067.18 | AN30: =E30+J30+N30+S30+X30+AB30+Clinker!E30+AF30+AK30 -> 2645 | AO30: =Production2!N30 -> 2210 | AP30: =AO30-AN30 -> -435 | AR30: =E30/AO30 -> 0.25837104 | AS30: =J30/AO30 -> 0.90497738 | AT30: =N30/AO30 -> 0.0081447964 | AU30: =S30/AO30 -> 0 | AW30: =AN30+Cement!R30-Clinker!E30 -> 2986.306 | AY30: =AN30-Production2!N30 -> 435 | AZ30: =AN30 -> 2645 | BA30: 28 | BD30: 0 | BE30: =(AN30-Production2!N30)/'Mines (2)'!AN30 -> 0.16446125 | BF30: =BE30*100 -> 16.446125
B31: 29 | C31: =G30 -> 8028.7432 | D31: 2360.7 | E31: =F31+'RAW MILL 2'!C31 -> 626 | F31: 466 | G31: =C31+D31-E31 -> 9763.4432 | H31: =K30 -> 15089.05 | I31: 1259.26 | J31: 2000 | K31: =H31+I31-J31-Cement!S31 -> 13983.843 | L31: =P30 -> 3879.28 | M31: 0 | N31: =O31+'RAW MILL 2'!D31 -> 14 | O31: 13 | P31: =L31+M31-N31 -> 3865.28 | Q31: =U30 -> 0.04 | R31: 0 | S31: =T31+'RAW MILL 2'!E31 -> 0 | T31: 0 | U31: =Q31+R31-S31 -> 0.04 | V31: =Y30 -> 0 | W31: 0 | X31: 0 | Y31: =V31+W31-X31 -> 0 | Z31: =AC30 -> 728.2 | AA31: 0 | AB31: 0 | AC31: =Z31+AA31-AB31 -> 728.2 | AD31: =AG30 -> 0 | AE31: 0 | AF31: 0 | AG31: =AD31+AE31-AF31 -> 0 | AH31: =AL30 -> 266.44 | AI31: 31.06 | AJ31: =AK31+'RAW MILL 2'!G31 -> 26 | AK31: 25 | AL31: =AH31+AI31-AJ31 -> 271.5 | AM31: =D31+I31+M31+R31+W31+AA31+Cement!Q31+Cement!V31+AE31 -> 3619.96 | AN31: =E31+J31+N31+S31+X31+AB31+Clinker!E31+AF31+AK31 -> 2742 | AO31: =Production2!N31 -> 2320 | AP31: =AO31-AN31 -> -422 | AR31: =E31/AO31 -> 0.26982759 | AS31: =J31/AO31 -> 0.86206897 | AT31: =N31/AO31 -> 0.0060344828 | AU31: =S31/AO31 -> 0 | AW31: =AN31+Cement!R31-Clinker!E31 -> 2993.02 | AY31: =AN31-Production2!N31 -> 422 | AZ31: =AN31 -> 2742 | BA31: 29 | BD31: 0 | BE31: =(AN31-Production2!N31)/'Mines (2)'!AN31 -> 0.15390226 | BF31: =BE31*100 -> 15.390226
B32: 30 | C32: =G31 -> 9763.4432 | D32: 1731.64 | E32: =F32+'RAW MILL 2'!C32 -> 1628 | F32: 1538 | G32: =C32+D32-E32 -> 9867.0832 | H32: =K31 -> 13983.843 | I32: 526.22 | J32: 0 | K32: =H32+I32-J32-Cement!S32 -> 14102.211 | L32: =P31 -> 3865.28 | M32: 0 | N32: =O32+'RAW MILL 2'!D32 -> 46 | O32: 43 | P32: =L32+M32-N32 -> 3819.28 | Q32: =U31 -> 0.04 | R32: 0 | S32: =T32+'RAW MILL 2'!E32 -> 0 | T32: 0 | U32: =Q32+R32-S32 -> 0.04 | V32: =Y31 -> 0 | W32: 0 | X32: 0 | Y32: =V32+W32-X32 -> 0 | Z32: =AC31 -> 728.2 | AA32: 0 | AB32: 0 | AC32: =Z32+AA32-AB32 -> 728.2 | AD32: =AG31 -> 0 | AE32: 0 | AF32: 0 | AG32: =AD32+AE32-AF32 -> 0 | AH32: =AL31 -> 271.5 | AI32: 65.2 | AJ32: =AK32+'RAW MILL 2'!G32 -> 19 | AK32: 18 | AL32: =AH32+AI32-AJ32 -> 317.7 | AM32: =D32+I32+M32+R32+W32+AA32+Cement!Q32+Cement!V32+AE32 -> 2257.86 | AN32: =E32+J32+N32+S32+X32+AB32+Clinker!E32+AF32+AK32 -> 1735 | AO32: =Production2!N32 -> 1476 | AP32: =AO32-AN32 -> -259 | AR32: =E32/AO32 -> 1.102981 | AS32: =J32/AO32 -> 0 | AT32: =N32/AO32 -> 0.031165312 | AU32: =S32/AO32 -> 0 | AW32: =AN32+Cement!R32-Clinker!E32 -> 2059.067 | AY32: =AN32-Production2!N32 -> 259 | AZ32: =AN32 -> 1735 | BA32: 30 | BD32: 0 | BE32: =(AN32-Production2!N32)/'Mines (2)'!AN32 -> 0.14927954
B33: 31 | C33: =G32 -> 9867.0832 | D33: 0 | E33: =F33+'RAW MILL 2'!C33 -> 0 | F33: 0 | G33: =C33+D33-E33 -> 9867.0832 | H33: =K32 -> 14102.211 | I33: 0 | J33: 0 | K33: =H33+I33-J33-Cement!S33 -> 14102.211 | L33: =P32 -> 3819.28 | M33: 0 | N33: =O33+'RAW MILL 2'!D33 -> 0 | O33: 0 | P33: =L33+M33-N33 -> 3819.28 | Q33: =U32 -> 0.04 | R33: 0 | S33: =T33+'RAW MILL 2'!E33 -> 0 | T33: 0 | U33: =Q33+R33-S33 -> 0.04 | V33: =Y32 -> 0 | W33: 0 | X33: 0 | Y33: =V33+W33-X33 -> 0 | Z33: =AC32 -> 728.2 | AA33: 0 | AB33: 0 | AC33: =Z33+AA33-AB33 -> 728.2 | AD33: =AG32 -> 0 | AE33: 0 | AF33: 0 | AG33: =AD33+AE33-AF33 -> 0 | AH33: =AL32 -> 317.7 | AI33: 0 | AJ33: =AK33+'RAW MILL 2'!G33 -> 0 | AK33: 0 | AL33: =AH33+AI33-AJ33 -> 317.7 | AM33: =D33+I33+M33+R33+W33+AA33+Cement!Q33+Cement!V33+AE33 -> 0 | AN33: =E33+J33+N33+S33+X33+AB33+Clinker!E33+AF33+AK33 -> 0 | AY33: =AN33-Production2!N33 -> 0
B34: MTD | D34: =SUM(D3:D33) -> 43393.3 | E34: =SUM(E3:E33) -> 41049 | I34: =SUM(I3:I33) -> 41400.44 | J34: =SUM(J3:J33) -> 26000 | M34: =SUM(M3:M33) -> 2130.84 | N34: =SUM(N3:N33) -> 1223 | O34: =SUM(O3:O33) -> 1164 | R34: =SUM(R3:R33) -> 0 | S34: =SUM(S3:S33) -> 0 | T34: =SUM(T3:T33) -> 0 | U34: =SUM(U3:U33) -> 1.24 | V34: =SUM(V3:V33) -> 0 | W34: =SUM(W3:W33) -> 0 | X34: =SUM(X3:X33) -> 0 | Y34: =SUM(Y3:Y33) -> 0 | ... AG34: =SUM(AG3:AG33) -> 0 | AI34: =SUM(AI3:AI33) -> 217.34 | AJ34: =SUM(AJ3:AJ33) -> 198 | AK34: =SUM(AK3:AK33) -> 189 | AN34: =SUM(AN3:AN33) -> 70215
B35: YTD | D35: =D36+SUM(D3:D33) -> 132051.02 | E35: =E36+SUM(E3:E33) -> 131690 | I35: =I36+SUM(I3:I33) -> 109610 | J35: =J36+SUM(J3:J33) -> 75390 | M35: =M36+SUM(M3:M33) -> 7400.24 | N35: =N36+SUM(N3:N33) -> 3705 | O35: =O36+SUM(O3:O33) -> 3554 | R35: =R36+SUM(R3:R33) -> 137.76 | S35: =S36+SUM(S3:S33) -> 738 | T35: =T36+SUM(T3:T33) -> 705 | W35: =W36+SUM(W3:W33) -> 0 | X35: =X36+SUM(X3:X33) -> 0 | AA35: =AA36+SUM(AA3:AA33) -> 728.2 | AB35: =AB36+SUM(AB3:AB33) -> 0 | AE35: =AE36+SUM(AE3:AE33) -> 0 | AF35: =AF36+SUM(AF3:AF33) -> 0 | AI35: =AI36+SUM(AI3:AI33) -> 217.34 | AJ35: =AJ36+SUM(AJ3:AJ33) -> 198 | AK35: =AK36+SUM(AK3:AK33) -> 189
B36: YTD | D36: 88657.72 | E36: 90641 | I36: 68209.56 | J36: 49390 | M36: 5269.4 | N36: 2482 | O36: 2390 | R36: 137.76 | S36: 738 | T36: 705 | W36: 0 | X36: 0 | AA36: 0 | AB36: 0 | AE36: 0 | AF36: 0 | AI36: 0 | AJ36: 0 | AK36: 0
I39: =D36+I36+W36+AA36+Cement!Q36+Cement!V36 -> 156867.28 | J39: =E36+J36+X36+AB36+Cement!R36+Cement!W36 -> 159423.93 | Q39: 3103 | R39: 3286 | S39: 2899 | T39: 2899 | U39: 3290 | V39: 3245 | W39: 3139 | X39: 1732 | Y39: 1959 | Z39: 3119 | AA39: 3017 | AB39: 3256 | AC39: 3209 | AD39: 3075 | AE39: 2456 | AF39: 2956 | AG39: 3022 | AM39: 2379 | AN39: 3157 | AO39: 2838 | AP39: 3051 | AQ39: 2232

Sheet Clinker
B1: DEC | C1: Iron Ore | H1: Raw Meal | L1: Tan Coal | R1: EDENVILLEY coal | X1: RUVUMA coal | AC1: GODMWANGA coal | AG1: STAMICO coal | AL1: Ash Coal | AP1: Ariim Coal | AU1: Lik & Lambert coal | AZ1: JITEGEMEE | BE1: MAX COAL | BJ1: SINO COAL | BO1: Ibrico | BT1: MEGA CJ | BY1: MABENGA COAL | CD1: TENCO | CI1: Scolastica | CN1: Connect | CS1: Yongda | CX1: Kindaini | DC1: MONTREAL | DH1: ludewa | DM1: MCHEKANE | DR1: MARKET | DW1: SIAAS | EB1: KILN COAL | EF1: cpp coal | EJ1: Clinker | EP1: Spg TRACKING
B2: Date | C2: Opening Stock | D2: Production | E2: Consumption/RM1 | G2: Closing Stock | H2: Opening Stock | I2: Production | J2: total Consumption | K2: Closing Stock | L2: Opening Stock | M2: Production | N2: CPP | O2: KILN | P2: Consumption | Q2: Closing Stock | R2: Opening Stock | S2: Production | T2: Consumption CPP | U2: Consump Kiln | V2: Total Consumption | W2: Closing Stock | X2: Opening Stock | Y2: Production | Z2: CPP | AA2: Consumption | AB2: Closing Stock | AC2: Opening Stock | AD2: Production | AE2: Consumption | AF2: Closing Stock | AG2: Opening Stock | AH2: Production | AI2: Kiln cons | AJ2: Consumption | AK2: Closing Stock | AL2: Opening Stock | AM2: Production | AN2: Consumption | AO2: Closing Stock | AP2: Opening Stock | AQ2: Production | AR2: Consumption | AS2: CONS CPP | AT2: Closing Stock | AU2: Opening Stock | AV2: Production | AW2: Consumption | AX2: CONS CPP | AY2: Closing Stock | AZ2: Opening Stock | BA2: Production | BB2: Consumption | BC2: CONS CPP | BD2: Closing Stock | BE2: Opening Stock | BF2: Production | BG2: Consumption | BH2: CONS CPP | BI2: Closing Stock | BJ2: Opening Stock | BK2: Production | BL2: Consumption | BM2: CONS CPP | BN2: Closing Stock | BO2: Opening Stock | BP2: Production | BQ2: Consumption | BR2: CONS CPP | BS2: Closing Stock | BT2: Opening Stock | BU2: Production | BV2: Consumption | BW2: CONS CPP | BX2: Closing Stock | BY2: Opening Stock | BZ2: Production | CA2: Consumption | CB2: CONS CPP | CC2: Closing Stock | CD2: Opening Stock | CE2: Production | CF2: Consumption | CG2: CONS CPP | CH2: Closing Stock | CI2: Opening Stock | CJ2: Production | CK2: Consumption | CL2: CONS CPP | CM2: Closing Stock | CN2: Opening Stock | CO2: Production | CP2: Consumption | CQ2: CONS CPP | CR2: Closing Stock | CS2: Opening Stock | CT2: Production | CU2: Consumption | CV2: CONS CPP | CW2: Closing Stock | CX2: Opening Stock | CY2: Production | CZ2: Consumption | DA2: CONS CPP | DB2: Closing Stock | DC2: Opening Stock | DD2: Production | DE2: Consumption | DF2: CONS CPP | DG2: Closing Stock | DH2: Opening Stock | DI2: Production | DJ2: Consumption | DK2: CONS CPP | DL2: Closing Stock | DM2: Opening Stock | DN2: Production | DO2: Consumption | DP2: CONS CPP | DQ2: Closing Stock | DR2: Opening Stock | DS2: Production | DT2: Consumption | DU2: CONS CPP | DV2: Closing Stock | DW2: Opening Stock | DX2: Production | DY2: Consumption | DZ2: CONS CPP | EA2: Closing Stock | EB2: Closing Stock | EC2: Production | ED2: Consumption | EE2: Closing Stock | EF2: Opening Stock | EG2: Production | EH2: Consumption | EI2: Closing Stock | EJ2: Opening Stock | EK2: Production | EL2: Consumption | EM2: Closing Stock | EN2: clinker despatch | EO2: OP | EP2: CLINKER PURCHASED | EQ2: CLINKER CONS | ER2: CLOSING
B3: 1 | C3: 2647.92 | D3: 0 | E3: =F3+'RAW MILL 2'!F3 -> 52 | F3: 48 | G3: =C3+D3-E3 -> 2595.92 | H3: 1267.64 | I3: =Production2!N3+Production2!Q3 -> 3111.06 | J3: =Production2!K3 -> 3053.5 | K3: =H3+I3-J3 -> 1325.2 | L3: 0 | M3: 0 | N3: =CPP!D3 -> 0 | O3: 0 | P3: =N3+O3 -> 0 | Q3: =L3+M3-O3-N3 -> 0 | R3: 0 | S3: 0 | T3: =CPP!E3 -> 0 | U3: 0 | V3: =T3+U3 -> 0 | W3: =R3+S3-V3 -> 0 | X3: 1063.04 | Y3: 0 | Z3: =CPP!H3 -> 0 | AA3: 0 | AB3: =X3+Y3-AA3-Z3 -> 1063.04 | AC3: 0 | AD3: 0 | AE3: 0 | AF3: =AC3+AD3-AE3 -> 0 | AG3: 4048.67 | AH3: 272.05 | AI3: 0 | AJ3: =CPP!G3 -> 156 | AK3: =AG3+AH3-AJ3 -> 4164.72 | AL3: 0 | AM3: 0 | AN3: 0 | AO3: =AL3+AM3-AN3 -> 0 | AP3: 0 | AQ3: 0 | AR3: 0 | AS3: =CPP!I3 -> 0 | AT3: =AP3+AQ3-AR3-AS3 -> 0 | AU3: 0 | AV3: 0 | AW3: 0 | AX3: =CPP!J3 -> 0 | AY3: =AU3+AV3-AW3-AX3 -> 0 | AZ3: 412.027 | BA3: 121.76 | BB3: 0 | BC3: =CPP!K3 -> 0 | BD3: =AZ3+BA3-BB3-BC3 -> 533.787 | BE3: 0 | BF3: 0 | BG3: 0 | BH3: =CPP!L3 -> 0 | BI3: =BE3+BF3-BG3-BH3 -> 0 | BJ3: 0 | BK3: 0 | BL3: 0 | BM3: =CPP!M3 -> 0 | BN3: =BJ3+BK3-BL3-BM3 -> 0 | BO3: 0 | BP3: 0 | BQ3: 0 | BR3: =CPP!N3 -> 0 | BS3: =BO3+BP3-BQ3-BR3 -> 0 | BT3: 0 | BU3: 0 | BV3: 0 | BW3: =CPP!O3 -> 0 | BX3: =BT3+BU3-BV3-BW3 -> 0 | BY3: 0.01 | BZ3: 0 | CA3: 0 | CC3: 0 | CD3: 0 | CE3: 0 | CF3: 0 | CG3: =CPP!P3 -> 0 | CH3: =CD3+CE3-CF3-CG3 -> 0 | CI3: 0 | CJ3: 0 | CK3: 0 | CL3: =CPP!Q3 -> 0 | CM3: =CI3+CJ3-CK3-CL3 -> 0 | CN3: 0.05 | CO3: 0 | CP3: 0 | CQ3: =CPP!R3 -> 0 | CR3: =CN3+CO3-CP3-CQ3 -> 0.05 | CS3: 0 | CT3: 0 | CU3: 0 | CV3: =CPP!S3 -> 0 | CW3: =CS3+CT3-CU3-CV3 -> 0 | CX3: 0 | CY3: 0 | CZ3: 0 | DA3: =CPP!T3 -> 0 | DB3: =CX3+CY3-CZ3-DA3 -> 0 | DC3: 7.11 | DD3: 0 | DE3: 7.1 | DF3: =CPP!U3 -> 0 | DG3: =DC3+DD3-DE3-DF3 -> 0.01 | DH3: 0 | DI3: 0 | DJ3: 0 | DK3: =CPP!V3 -> 0 | DL3: =DH3+DI3-DJ3-DK3 -> 0 | DM3: 212 | DN3: 30 | DO3: 0 | DP3: =CPP!W3 -> 0 | DQ3: =DM3+DN3-DO3-DP3 -> 242 | DR3: 2933.9 | DS3: 0 | DT3: 306.23 | DU3: =CPP!X3 -> 0 | DV3: =DR3+DS3-DT3-DU3 -> 2627.67 | DW3: 0 | DX3: 0 | DY3: 0 | DZ3: =CPP!Y3 -> 0 | EA3: =DW3+DX3-DY3-DZ3 -> 0 | EB3: =L3+AP3+AU3+AZ3+BE3+BJ3+BT3+BY3+CD3+CI3+CS3+CX3+DC3+DH3+DM3+DW3+X3+DR3 -> 4628.087 | EC3: =M3+Y3+AM3+AQ3+AV3+BA3+BF3+BK3+BP3+BU3+BZ3+CT3+CY3+DD3+DI3+DN3+DX3+DS3 -> 151.76 | ED3: =O3+AA3+AN3+AR3+AW3+BB3+BG3+BL3+BQ3+BV3+CA3+CU3+CZ3+DE3+DJ3+DO3+DY3+DT3 -> 313.33 | EE3: =EB3+EC3-ED3-N3-Z3-AS3-AX3-BC3-BH3-BM3-BR3-BW3-CV3-DA3-DF3-DK3-DP3-DZ3-DU3 -> 4466.517 | EF3: =R3+AC3+AG3+AL3+CN3 -> 4048.72 | EG3: =S3+AD3+AH3+CE3+CJ3+CO3 -> 272.05 | EH3: =CPP!D3+CPP!E3+CPP!F3+CPP!G3+CPP!H3+CPP!I3+CPP!J3+CPP!K3+CPP!L3+CPP!M3+CPP!N3+CPP!O3+CPP!P3+CPP!Q3+CPP!R3+CPP!S3+DA3+DF3+DK3+CPP!W3+DU3 -> 156 | EI3: =EF3+EG3-CPP!G3-CPP!E3-CPP!F3-CPP!P3-CPP!Q3-CL3-CQ3-DU3 -> 4164.77 | EJ3: 25945.809 | EK3: 1970 | EL3: ='Daily CEM-1'!AG4+'Daily CEM - 2'!AF4-EQ3 -> 1611.34 | EM3: =EJ3+EK3-EL3-EN3 -> 26304.469 | EN3: 0 | EO3: 5306.109 | EP3: 0 | EQ3: 0 | ER3: =EO3+EP3-EQ3 -> 5306.109 | ES3: =ET3-EP3 -> 1722.57 | ET3: 1722.57 | EU3: =EL3+EQ3 -> 1611.34 | EV3: =EL3+EQ3 -> 1611.34 | EW3: =(EU3/Production2!CG3)*100 -> 79.887952 | EX3: 74.814815 | EY3: =EX3*100 -> 7481.4815
B4: 2 | C4: =G3 -> 2595.92 | D4: 0 | E4: =F4+'RAW MILL 2'!F4 -> 49 | F4: 44 | G4: =C4+D4-E4 -> 2546.92 | H4: =K3 -> 1325.2 | I4: =Production2!N4+Production2!Q4 -> 1778.97 | J4: =Production2!K4 -> 2503.25 | K4: =H4+I4-J4 -> 600.92002 | L4: =Q3 -> 0 | M4: 0 | N4: =CPP!D4 -> 0 | O4: 0 | P4: =N4+O4 -> 0 | Q4: =L4+M4-O4-N4 -> 0 | R4: =W3 -> 0 | S4: 0 | T4: =CPP!E4 -> 0 | U4: 0 | V4: =T4+U4 -> 0 | W4: =R4+S4-V4 -> 0 | X4: =AB3 -> 1063.04 | Y4: 0 | Z4: =CPP!H4 -> 0 | AA4: 0 | AB4: =X4+Y4-AA4-Z4 -> 1063.04 | AC4: =AF3 -> 0 | AD4: 0 | AE4: 0 | AF4: =AC4+AD4-AE4 -> 0 | AG4: =AK3 -> 4164.72 | AH4: 150.1 | AI4: 0 | AJ4: =CPP!G4 -> 130 | AK4: =AG4+AH4-AJ4 -> 4184.82 | AL4: =AO3 -> 0 | AM4: 0 | AN4: 0 | AO4: =AL4+AM4-AN4 -> 0 | AP4: =AT3 -> 0 | AQ4: 0 | AR4: 0 | AS4: =CPP!I4 -> 0 | AT4: =AP4+AQ4-AR4-AS4 -> 0 | AU4: =AY3 -> 0 | AV4: 0 | AW4: 0 | AX4: =CPP!J4 -> 0 | AY4: =AU4+AV4-AW4-AX4 -> 0 | AZ4: =BD3 -> 533.787 | BA4: 156.98 | BB4: 0 | BC4: =CPP!K4 -> 0 | BD4: =AZ4+BA4-BB4-BC4 -> 690.767 | BE4: =BI3 -> 0 | BF4: 0 | BG4: 0 | BH4: =CPP!L4 -> 0 | BI4: =BE4+BF4-BG4-BH4 -> 0 | BJ4: =BN3 -> 0 | BK4: 0 | BL4: 0 | BM4: =CPP!M4 -> 0 | BN4: =BJ4+BK4-BL4-BM4 -> 0 | BO4: =BS3 -> 0 | BP4: 0 | BQ4: 0 | BR4: =CPP!N4 -> 0 | BS4: =BO4+BP4-BQ4-BR4 -> 0 | BT4: =BX3 -> 0 | BU4: 0 | BV4: 0 | BW4: =CPP!O4 -> 0 | BX4: =BT4+BU4-BV4-BW4 -> 0 | BY4: =CC3 -> 0 | BZ4: 0 | CA4: 0 | CC4: =BY4+BZ4-CA4-CB4 -> 0 | CD4: =CH3 -> 0 | CE4: 0 | CF4: 0 | CG4: =CPP!P4 -> 0 | CH4: =CD4+CE4-CF4-CG4 -> 0 | CI4: =CM3 -> 0 | CJ4: 0 | CK4: 0 | CL4: =CPP!Q4 -> 0 | CM4: =CI4+CJ4-CK4-CL4 -> 0 | CN4: =CR3 -> 0.05 | CO4: 0 | CP4: 0 | CQ4: =CPP!R4 -> 0 | CR4: =CN4+CO4-CP4-CQ4 -> 0.05 | CS4: =CW3 -> 0 | CT4: 0 | CU4: 0 | CV4: =CPP!S4 -> 0 | CW4: =CS4+CT4-CU4-CV4 -> 0 | CX4: =DB3 -> 0 | CY4: 0 | CZ4: 0 | DA4: =CPP!T4 -> 0 | DB4: =CX4+CY4-CZ4-DA4 -> 0 | DC4: =DG3 -> 0.01 | DD4: 0 | DE4: 0 | DF4: =CPP!U4 -> 0 | DG4: =DC4+DD4-DE4-DF4 -> 0.01 | DH4: =DL3 -> 0 | DI4: 0 | DJ4: 0 | DK4: =CPP!V4 -> 0 | DL4: =DH4+DI4-DJ4-DK4 -> 0 | DM4: =DQ3 -> 242 | DN4: 30 | DO4: 0 | DP4: =CPP!W4 -> 0 | DQ4: =DM4+DN4-DO4-DP4 -> 272 | DR4: =DV3 -> 2627.67 | DS4: 0 | DT4: 277.78 | DU4: =CPP!X4 -> 0 | DV4: =DR4+DS4-DT4-DU4 -> 2349.89 | DW4: =EA3 -> 0 | DX4: 0 | DY4: 0 | DZ4: =CPP!Y4 -> 0 | EA4: =DW4+DX4-DY4-DZ4 -> 0 | EB4: =L4+AP4+AU4+AZ4+BE4+BJ4+BT4+BY4+CD4+CI4+CS4+CX4+DC4+DH4+DM4+DW4+X4+DR4 -> 4466.507 | EC4: =M4+Y4+AM4+AQ4+AV4+BA4+BF4+BK4+BP4+BU4+BZ4+CT4+CY4+DD4+DI4+DN4+DX4+DS4 -> 186.98 | ED4: =O4+AA4+AN4+AR4+AW4+BB4+BG4+BL4+BQ4+BV4+CA4+CU4+CZ4+DE4+DJ4+DO4+DY4+DT4 -> 277.78 | EE4: =EB4+EC4-ED4-N4-Z4-AS4-AX4-BC4-BH4-BM4-BR4-BW4-CV4-DA4-DF4-DK4-DP4-DZ4-DU4 -> 4375.707 | EF4: =R4+AC4+AG4+AL4+CN4 -> 4164.77 | EG4: =S4+AD4+AH4+CE4+CJ4+CO4 -> 150.1 | EH4: =CPP!D4+CPP!E4+CPP!F4+CPP!G4+CPP!H4+CPP!I4+CPP!J4+CPP!K4+CPP!L4+CPP!M4+CPP!N4+CPP!O4+CPP!P4+CPP!Q4+CPP!R4+CPP!S4+DA4+DF4+DK4+CPP!W4+DU4 -> 130 | EI4: =EF4+EG4-CPP!G4-CPP!E4-CPP!F4-CPP!P4-CPP!Q4-CL4-CQ4-DU4 -> 4184.87 | EJ4: =EM3 -> 26304.469 | EK4: 1615 | EL4: ='Daily CEM-1'!AG5+'Daily CEM - 2'!AF5-EQ4 -> 1783.008 | EM4: =EJ4+EK4-EL4-EN4 -> 26136.461 | EN4: 0 | EO4: =ER3 -> 5306.109 | EP4: 0 | EQ4: 0 | ER4: =EO4+EP4-EQ4 -> 5306.109 | ES4: =ET4-EP4 -> 1171.1 | ET4: 1171.1 | EU4: =EL4+EQ4 -> 1783.008 | EV4: =EL4+EQ4 -> 1783.008 | EW4: =(EU4/Production2!CG4)*100 -> 78.442939 | EX4: 73.844178 | EY4: =EX4*100 -> 7384.4178
B5: 3 | C5: =G4 -> 2546.92 | D5: 0 | E5: =F5+'RAW MILL 2'!F5 -> 67 | F5: 62 | G5: =C5+D5-E5 -> 2479.92 | H5: =K4 -> 600.92002 | I5: =Production2!N5+Production2!Q5 -> 2411.31 | J5: =Production2!K5 -> 2182.4 | K5: =H5+I5-J5 -> 829.83002 | L5: =Q4 -> 0 | M5: 0 | N5: =CPP!D5 -> 0 | O5: 0 | P5: =N5+O5 -> 0 | Q5: =L5+M5-O5-N5 -> 0 | R5: =W4 -> 0 | S5: 0 | T5: =CPP!E5 -> 0 | U5: 0 | V5: =T5+U5 -> 0 | W5: =R5+S5-V5 -> 0 | X5: =AB4 -> 1063.04 | Y5: 0 | Z5: =CPP!H5 -> 0 | AA5: 0 | AB5: =X5+Y5-AA5-Z5 -> 1063.04 | AC5: =AF4 -> 0 | AD5: 0 | AE5: 0 | AF5: =AC5+AD5-AE5 -> 0 | AG5: =AK4 -> 4184.82 | AH5: 397.15 | AI5: 0 | AJ5: =CPP!G5 -> 138 | AK5: =AG5+AH5-AJ5 -> 4443.97 | AL5: =AO4 -> 0 | AM5: 0 | AN5: 0 | AO5: =AL5+AM5-AN5 -> 0 | AP5: =AT4 -> 0 | AQ5: 0 | AR5: 0 | AS5: =CPP!I5 -> 0 | AT5: =AP5+AQ5-AR5-AS5 -> 0 | AU5: =AY4 -> 0 | AV5: 0 | AW5: 0 | AX5: =CPP!J5 -> 0 | AY5: =AU5+AV5-AW5-AX5 -> 0 | AZ5: =BD4 -> 690.767 | BA5: 221.94 | BB5: 0 | BC5: =CPP!K5 -> 0 | BD5: =AZ5+BA5-BB5-BC5 -> 912.707 | BE5: =BI4 -> 0 | BF5: 0 | BG5: 0 | BH5: =CPP!L5 -> 0 | BI5: =BE5+BF5-BG5-BH5 -> 0 | BJ5: =BN4 -> 0 | BK5: 0 | BL5: 0 | BM5: =CPP!M5 -> 0 | BN5: =BJ5+BK5-BL5-BM5 -> 0 | BO5: =BS4 -> 0 | BP5: 0 | BQ5: 0 | BR5: =CPP!N5 -> 0 | BS5: =BO5+BP5-BQ5-BR5 -> 0 | BT5: =BX4 -> 0 | BU5: 0 | BV5: 0 | BW5: =CPP!O5 -> 0 | BX5: =BT5+BU5-BV5-BW5 -> 0 | BY5: =CC4 -> 0 | BZ5: 0 | CA5: 0 | CC5: =BY5+BZ5-CA5-CB5 -> 0 | CD5: =CH4 -> 0 | CE5: 0 | CF5: 0 | CG5: =CPP!P5 -> 0 | CH5: =CD5+CE5-CF5-CG5 -> 0 | CI5: =CM4 -> 0 | CJ5: 0 | CK5: 0 | CL5: =CPP!Q5 -> 0 | CM5: =CI5+CJ5-CK5-CL5 -> 0 | CN5: =CR4 -> 0.05 | CO5: 0 | CP5: 0 | CQ5: =CPP!R5 -> 0 | CR5: =CN5+CO5-CP5-CQ5 -> 0.05 | CS5: =CW4 -> 0 | CT5: 0 | CU5: 0 | CV5: =CPP!S5 -> 0 | CW5: =CS5+CT5-CU5-CV5 -> 0 | CX5: =DB4 -> 0 | CY5: 0 | CZ5: 0 | DA5: =CPP!T5 -> 0 | DB5: =CX5+CY5-CZ5-DA5 -> 0 | DC5: =DG4 -> 0.01 | DD5: 0 | DE5: 0 | DF5: =CPP!U5 -> 0 | DG5: =DC5+DD5-DE5-DF5 -> 0.01 | DH5: =DL4 -> 0 | DI5: 0 | DJ5: 0 | DK5: =CPP!V5 -> 0 | DL5: =DH5+DI5-DJ5-DK5 -> 0 | DM5: =DQ4 -> 272 | DN5: 0 | DO5: 0 | DP5: =CPP!W5 -> 0 | DQ5: =DM5+DN5-DO5-DP5 -> 272 | DR5: =DV4 -> 2349.89 | DS5: 0 | DT5: 239 | DU5: =CPP!X5 -> 0 | DV5: =DR5+DS5-DT5-DU5 -> 2110.89 | DW5: =EA4 -> 0 | DX5: 0 | DY5: 0 | DZ5: =CPP!Y5 -> 0 | EA5: =DW5+DX5-DY5-DZ5 -> 0 | EB5: =L5+AP5+AU5+AZ5+BE5+BJ5+BT5+BY5+CD5+CI5+CS5+CX5+DC5+DH5+DM5+DW5+X5+DR5 -> 4375.707 | EC5: =M5+Y5+AM5+AQ5+AV5+BA5+BF5+BK5+BP5+BU5+BZ5+CT5+CY5+DD5+DI5+DN5+DX5+DS5 -> 221.94 | ED5: =O5+AA5+AN5+AR5+AW5+BB5+BG5+BL5+BQ5+BV5+CA5+CU5+CZ5+DE5+DJ5+DO5+DY5+DT5 -> 239 | EE5: =EB5+EC5-ED5-N5-Z5-AS5-AX5-BC5-BH5-BM5-BR5-BW5-CV5-DA5-DF5-DK5-DP5-DZ5-DU5 -> 4358.647 | EF5: =R5+AC5+AG5+AL5+CN5 -> 4184.87 | EG5: =S5+AD5+AH5+CE5+CJ5+CO5 -> 397.15 | EH5: =CPP!D5+CPP!E5+CPP!F5+CPP!G5+CPP!H5+CPP!I5+CPP!J5+CPP!K5+CPP!L5+CPP!M5+CPP!N5+CPP!O5+CPP!P5+CPP!Q5+CPP!R5+CPP!S5+DA5+DF5+DK5+CPP!W5+DU5 -> 138 | EI5: =EF5+EG5-CPP!G5-CPP!E5-CPP!F5-CPP!P5-CPP!Q5-CL5-CQ5-DU5 -> 4444.02 | EJ5: =EM4 -> 26136.461 | EK5: 1408 | EL5: ='Daily CEM-1'!AG6+'Daily CEM - 2'!AF6-EQ5 -> 2274.24 | EM5: =EJ5+EK5-EL5-EN5 -> 25270.221 | EN5: 0 | EO5: =ER4 -> 5306.109 | EP5: 0 | EQ5: 0 | ER5: =EO5+EP5-EQ5 -> 5306.109 | ES5: =ET5-EP5 -> 1446.55 | ET5: 1446.55 | EU5: =EL5+EQ5 -> 2274.24 | EV5: =EL5+EQ5 -> 2274.24 | EW5: =(EU5/Production2!CG5)*100 -> 77.434116 | EX5: 78 | EY5: =EX5*100 -> 7800
B6: 4 | C6: =G5 -> 2479.92 | D6: 0 | E6: =F6+'RAW MILL 2'!F6 -> 82 | F6: 76 | G6: =C6+D6-E6 -> 2397.92 | H6: =K5 -> 829.83002 | I6: =Production2!N6+Production2!Q6 -> 2958.06 | J6: =Production2!K6 -> 2774.5 | K6: =H6+I6-J6 -> 1013.39 | L6: =Q5 -> 0 | M6: 0 | N6: =CPP!D6 -> 0 | O6: 0 | P6: =N6+O6 -> 0 | Q6: =L6+M6-O6-N6 -> 0 | R6: =W5 -> 0 | S6: 0 | T6: =CPP!E6 -> 0 | U6: 0 | V6: =T6+U6 -> 0 | W6: =R6+S6-V6 -> 0 | X6: =AB5 -> 1063.04 | Y6: 0 | Z6: =CPP!H6 -> 0 | AA6: 0 | AB6: =X6+Y6-AA6-Z6 -> 1063.04 | AC6: =AF5 -> 0 | AD6: 0 | AE6: 0 | AF6: =AC6+AD6-AE6 -> 0 | AG6: =AK5 -> 4443.97 | AH6: 120.2 | AI6: 0 | AJ6: =CPP!G6 -> 158 | AK6: =AG6+AH6-AJ6 -> 4406.17 | AL6: =AO5 -> 0 | AM6: 0 | AN6: 0 | AO6: =AL6+AM6-AN6 -> 0 | AP6: =AT5 -> 0 | AQ6: 0 | AR6: 0 | AS6: =CPP!I6 -> 0 | AT6: =AP6+AQ6-AR6-AS6 -> 0 | AU6: =AY5 -> 0 | AV6: 0 | AW6: 0 | AX6: =CPP!J6 -> 0 | AY6: =AU6+AV6-AW6-AX6 -> 0 | AZ6: =BD5 -> 912.707 | BA6: 92.16 | BB6: 0 | BC6: =CPP!K6 -> 0 | BD6: =AZ6+BA6-BB6-BC6 -> 1004.867 | BE6: =BI5 -> 0 | BF6: 0 | BG6: 0 | BH6: =CPP!L6 -> 0 | BI6: =BE6+BF6-BG6-BH6 -> 0 | BJ6: =BN5 -> 0 | BK6: 0 | BL6: 0 | BM6: =CPP!M6 -> 0 | BN6: =BJ6+BK6-BL6-BM6 -> 0 | BO6: =BS5 -> 0 | BP6: 0 | BQ6: 0 | BR6: =CPP!N6 -> 0 | BS6: =BO6+BP6-BQ6-BR6 -> 0 | BT6: =BX5 -> 0 | BU6: 0 | BV6: 0 | BW6: =CPP!O6 -> 0 | BX6: =BT6+BU6-BV6-BW6 -> 0 | BY6: =CC5 -> 0 | BZ6: 0 | CA6: 0 | CC6: =BY6+BZ6-CA6-CB6 -> 0 | CD6: =CH5 -> 0 | CE6: 0 | CF6: 0 | CG6: =CPP!P6 -> 0 | CH6: =CD6+CE6-CF6-CG6 -> 0 | CI6: =CM5 -> 0 | CJ6: 0 | CK6: 0 | CL6: =CPP!Q6 -> 0 | CM6: =CI6+CJ6-CK6-CL6 -> 0 | CN6: =CR5 -> 0.05 | CO6: 0 | CP6: 0 | CQ6: =CPP!R6 -> 0 | CR6: =CN6+CO6-CP6-CQ6 -> 0.05 | CS6: =CW5 -> 0 | CT6: 0 | CU6: 0 | CV6: =CPP!S6 -> 0 | CW6: =CS6+CT6-CU6-CV6 -> 0 | CX6: =DB5 -> 0 | CY6: 0 | CZ6: 0 | DA6: =CPP!T6 -> 0 | DB6: =CX6+CY6-CZ6-DA6 -> 0 | DC6: =DG5 -> 0.01 | DD6: 0 | DE6: 0 | DF6: =CPP!U6 -> 0 | DG6: =DC6+DD6-DE6-DF6 -> 0.01 | DH6: =DL5 -> 0 | DI6: 0 | DJ6: 0 | DK6: =CPP!V6 -> 0 | DL6: =DH6+DI6-DJ6-DK6 -> 0 | DM6: =DQ5 -> 272 | DN6: 32 | DO6: 0 | DP6: =CPP!W6 -> 0 | DQ6: =DM6+DN6-DO6-DP6 -> 304 | DR6: =DV5 -> 2110.89 | DS6: 0 | DT6: 316.67 | DU6: =CPP!X6 -> 0 | DV6: =DR6+DS6-DT6-DU6 -> 1794.22 | DW6: =EA5 -> 0 | DX6: 0 | DY6: 0 | DZ6: =CPP!Y6 -> 0 | EA6: =DW6+DX6-DY6-DZ6 -> 0 | EB6: =L6+AP6+AU6+AZ6+BE6+BJ6+BT6+BY6+CD6+CI6+CS6+CX6+DC6+DH6+DM6+DW6+X6+DR6 -> 4358.647 | EC6: =M6+Y6+AM6+AQ6+AV6+BA6+BF6+BK6+BP6+BU6+BZ6+CT6+CY6+DD6+DI6+DN6+DX6+DS6 -> 124.16 | ED6: =O6+AA6+AN6+AR6+AW6+BB6+BG6+BL6+BQ6+BV6+CA6+CU6+CZ6+DE6+DJ6+DO6+DY6+DT6 -> 316.67 | EE6: =EB6+EC6-ED6-N6-Z6-AS6-AX6-BC6-BH6-BM6-BR6-BW6-CV6-DA6-DF6-DK6-DP6-DZ6-DU6 -> 4166.137 | EF6: =R6+AC6+AG6+AL6+CN6 -> 4444.02 | EG6: =S6+AD6+AH6+CE6+CJ6+CO6 -> 120.2 | EH6: =CPP!D6+CPP!E6+CPP!F6+CPP!G6+CPP!H6+CPP!I6+CPP!J6+CPP!K6+CPP!L6+CPP!M6+CPP!N6+CPP!O6+CPP!P6+CPP!Q6+CPP!R6+CPP!S6+DA6+DF6+DK6+CPP!W6+DU6 -> 158 | EI6: =EF6+EG6-CPP!G6-CPP!E6-CPP!F6-CPP!P6-CPP!Q6-CL6-CQ6-DU6 -> 4406.22 | EJ6: =EM5 -> 25270.221 | EK6: 1790 | EL6: ='Daily CEM-1'!AG7+'Daily CEM - 2'!AF7-EQ6 -> 2000.12 | EM6: =EJ6+EK6-EL6-EN6 -> 25060.101 | EN6: 0 | EO6: =ER5 -> 5306.109 | EP6: 0 | EQ6: 0 | ER6: =EO6+EP6-EQ6 -> 5306.109 | ES6: =ET6-EP6 -> 1500.29 | ET6: 1500.29 | EU6: =EL6+EQ6 -> 2000.12 | EV6: =EL6+EQ6 -> 2000.12 | EW6: =(EU6/Production2!CG6)*100 -> 77.344161 | EX6: 79 | EY6: =EX6*100 -> 7900
B7: 5 | C7: =G6 -> 2397.92 | D7: 0 | E7: =F7+'RAW MILL 2'!F7 -> 73 | F7: 68 | G7: =C7+D7-E7 -> 2324.92 | H7: =K6 -> 1013.39 | I7: =Production2!N7+Production2!Q7 -> 2619.39 | J7: =Production2!K7 -> 2619.5 | K7: =H7+I7-J7 -> 1013.28 | L7: =Q6 -> 0 | M7: 0 | N7: =CPP!D7 -> 0 | O7: 0 | P7: =N7+O7 -> 0 | Q7: =L7+M7-O7-N7 -> 0 | R7: =W6 -> 0 | S7: 0 | T7: =CPP!E7 -> 0 | U7: 0 | V7: =T7+U7 -> 0 | W7: =R7+S7-V7 -> 0 | X7: =AB6 -> 1063.04 | Y7: 0 | Z7: =CPP!H7 -> 0 | AA7: 0 | AB7: =X7+Y7-AA7-Z7 -> 1063.04 | AC7: =AF6 -> 0 | AD7: 0 | AE7: 0 | AF7: =AC7+AD7-AE7 -> 0 | AG7: =AK6 -> 4406.17 | AH7: 30 | AI7: 0 | AJ7: =CPP!G7 -> 140 | AK7: =AG7+AH7-AJ7 -> 4296.17 | AL7: =AO6 -> 0 | AM7: 0 | AN7: 0 | AO7: =AL7+AM7-AN7 -> 0 | AP7: =AT6 -> 0 | AQ7: 0 | AR7: 0 | AS7: =CPP!I7 -> 0 | AT7: =AP7+AQ7-AR7-AS7 -> 0 | AU7: =AY6 -> 0 | AV7: 0 | AW7: 0 | AX7: =CPP!J7 -> 0 | AY7: =AU7+AV7-AW7-AX7 -> 0 | AZ7: =BD6 -> 1004.867 | BA7: 0 | BB7: 0 | BC7: =CPP!K7 -> 0 | BD7: =AZ7+BA7-BB7-BC7 -> 1004.867 | BE7: =BI6 -> 0 | BF7: 0 | BG7: 0 | BH7: =CPP!L7 -> 0 | BI7: =BE7+BF7-BG7-BH7 -> 0 | BJ7: =BN6 -> 0 | BK7: 0 | BL7: 0 | BM7: =CPP!M7 -> 0 | BN7: =BJ7+BK7-BL7-BM7 -> 0 | BO7: =BS6 -> 0 | BP7: 0 | BQ7: 0 | BR7: =CPP!N7 -> 0 | BS7: =BO7+BP7-BQ7-BR7 -> 0 | BT7: =BX6 -> 0 | BU7: 0 | BV7: 0 | BW7: =CPP!O7 -> 0 | BX7: =BT7+BU7-BV7-BW7 -> 0 | BY7: =CC6 -> 0 | BZ7: 0 | CA7: 0 | CC7: =BY7+BZ7-CA7-CB7 -> 0 | CD7: =CH6 -> 0 | CE7: 0 | CF7: 0 | CG7: =CPP!P7 -> 0 | CH7: =CD7+CE7-CF7-CG7 -> 0 | CI7: =CM6 -> 0 | CJ7: 0 | CK7: 0 | CL7: =CPP!Q7 -> 0 | CM7: =CI7+CJ7-CK7-CL7 -> 0 | CN7: =CR6 -> 0.05 | CO7: 0 | CP7: 0 | CQ7: =CPP!R7 -> 0 | CR7: =CN7+CO7-CP7-CQ7 -> 0.05 | CS7: =CW6 -> 0 | CT7: 0 | CU7: 0 | CV7: =CPP!S7 -> 0 | CW7: =CS7+CT7-CU7-CV7 -> 0 | CX7: =DB6 -> 0 | CY7: 0 | CZ7: 0 | DA7: =CPP!T7 -> 0 | DB7: =CX7+CY7-CZ7-DA7 -> 0 | DC7: =DG6 -> 0.01 | DD7: 0 | DE7: 0 | DF7: =CPP!U7 -> 0 | DG7: =DC7+DD7-DE7-DF7 -> 0.01 | DH7: =DL6 -> 0 | DI7: 0 | DJ7: 0 | DK7: =CPP!V7 -> 0 | DL7: =DH7+DI7-DJ7-DK7 -> 0 | DM7: =DQ6 -> 304 | DN7: 0 | DO7: 0 | DP7: =CPP!W7 -> 0 | DQ7: =DM7+DN7-DO7-DP7 -> 304 | DR7: =DV6 -> 1794.22 | DS7: 0 | DT7: 292.22 | DU7: =CPP!X7 -> 0 | DV7: =DR7+DS7-DT7-DU7 -> 1502 | DW7: =EA6 -> 0 | DX7: 0 | DY7: 0 | DZ7: =CPP!Y7 -> 0 | EA7: =DW7+DX7-DY7-DZ7 -> 0 | EB7: =L7+AP7+AU7+AZ7+BE7+BJ7+BT7+BY7+CD7+CI7+CS7+CX7+DC7+DH7+DM7+DW7+X7+DR7 -> 4166.137 | EC7: =M7+Y7+AM7+AQ7+AV7+BA7+BF7+BK7+BP7+BU7+BZ7+CT7+CY7+DD7+DI7+DN7+DX7+DS7 -> 0 | ED7: =O7+AA7+AN7+AR7+AW7+BB7+BG7+BL7+BQ7+BV7+CA7+CU7+CZ7+DE7+DJ7+DO7+DY7+DT7 -> 292.22 | EE7: =EB7+EC7-ED7-N7-Z7-AS7-AX7-BC7-BH7-BM7-BR7-BW7-CV7-DA7-DF7-DK7-DP7-DZ7-DU7 -> 3873.917 | EF7: =R7+AC7+AG7+AL7+CN7 -> 4406.22 | EG7: =S7+AD7+AH7+CE7+CJ7+CO7 -> 30 | EH7: =CPP!D7+CPP!E7+CPP!F7+CPP!G7+CPP!H7+CPP!I7+CPP!J7+CPP!K7+CPP!L7+CPP!M7+CPP!N7+CPP!O7+CPP!P7+CPP!Q7+CPP!R7+CPP!S7+DA7+DF7+DK7+CPP!W7+DU7 -> 140 | EI7: =EF7+EG7-CPP!G7-CPP!E7-CPP!F7-CPP!P7-CPP!Q7-CL7-CQ7-DU7 -> 4296.22 | EJ7: =EM6 -> 25060.101 | EK7: 1690 | EL7: ='Daily CEM-1'!AG8+'Daily CEM - 2'!AF8-EQ7 -> 1825.615 | EM7: =EJ7+EK7-EL7-EN7 -> 24924.486 | EN7: 0 | EO7: =ER6 -> 5306.109 | EP7: 0 | EQ7: 0 | ER7: =EO7+EP7-EQ7 -> 5306.109 | ES7: =ET7-EP7 -> 0 | EU7: =EL7+EQ7 -> 1825.615 | EV7: =EL7+EQ7 -> 1825.615 | EW7: =(EU7/Production2!CG7)*100 -> 77.356568 | EX7: 72.4375 | EY7: =EX7*100 -> 7243.75
B8: 6 | C8: =G7 -> 2324.92 | D8: 0 | E8: =F8+'RAW MILL 2'!F8 -> 62 | F8: 59 | G8: =C8+D8-E8 -> 2262.92 | H8: =K7 -> 1013.28 | I8: =Production2!N8+Production2!Q8 -> 2241.96 | J8: =Production2!K8 -> 2332.75 | K8: =H8+I8-J8 -> 922.49002 | L8: =Q7 -> 0 | M8: 0 | N8: =CPP!D8 -> 0 | O8: 0 | P8: =N8+O8 -> 0 | Q8: =L8+M8-O8-N8 -> 0 | R8: =W7 -> 0 | S8: 0 | T8: =CPP!E8 -> 0 | U8: 0 | V8: =T8+U8 -> 0 | W8: =R8+S8-V8 -> 0 | X8: =AB7 -> 1063.04 | Y8: 0 | Z8: =CPP!H8 -> 0 | AA8: 0 | AB8: =X8+Y8-AA8-Z8 -> 1063.04 | AC8: =AF7 -> 0 | AD8: 0 | AE8: 0 | AF8: =AC8+AD8-AE8 -> 0 | AG8: =AK7 -> 4296.17 | AH8: 0 | AI8: 0 | AJ8: =CPP!G8 -> 140 | AK8: =AG8+AH8-AJ8 -> 4156.17 | AL8: =AO7 -> 0 | AM8: 0 | AN8: 0 | AO8: =AL8+AM8-AN8 -> 0 | AP8: =AT7 -> 0 | AQ8: 0 | AR8: 0 | AS8: =CPP!I8 -> 0 | AT8: =AP8+AQ8-AR8-AS8 -> 0 | AU8: =AY7 -> 0 | AV8: 0 | AW8: 0 | AX8: =CPP!J8 -> 0 | AY8: =AU8+AV8-AW8-AX8 -> 0 | AZ8: =BD7 -> 1004.867 | BA8: 0 | BB8: 0 | BC8: =CPP!K8 -> 0 | BD8: =AZ8+BA8-BB8-BC8 -> 1004.867 | BE8: =BI7 -> 0 | BF8: 0 | BG8: 0 | BH8: =CPP!L8 -> 0 | BI8: =BE8+BF8-BG8-BH8 -> 0 | BJ8: =BN7 -> 0 | BK8: 0 | BL8: 0 | BM8: =CPP!M8 -> 0 | BN8: =BJ8+BK8-BL8-BM8 -> 0 | BO8: =BS7 -> 0 | BP8: 0 | BQ8: 0 | BR8: =CPP!N8 -> 0 | BS8: =BO8+BP8-BQ8-BR8 -> 0 | BT8: =BX7 -> 0 | BU8: 0 | BV8: 0 | BW8: =CPP!O8 -> 0 | BX8: =BT8+BU8-BV8-BW8 -> 0 | BY8: =CC7 -> 0 | BZ8: 0 | CA8: 0 | CC8: =BY8+BZ8-CA8-CB8 -> 0 | CD8: =CH7 -> 0 | CE8: 0 | CF8: 0 | CG8: =CPP!P8 -> 0 | CH8: =CD8+CE8-CF8-CG8 -> 0 | CI8: =CM7 -> 0 | CJ8: 0 | CK8: 0 | CL8: =CPP!Q8 -> 0 | CM8: =CI8+CJ8-CK8-CL8 -> 0 | CN8: =CR7 -> 0.05 | CO8: 0 | CP8: 0 | CQ8: =CPP!R8 -> 0 | CR8: =CN8+CO8-CP8-CQ8 -> 0.05 | CS8: =CW7 -> 0 | CT8: 0 | CU8: 0 | CV8: =CPP!S8 -> 0 | CW8: =CS8+CT8-CU8-CV8 -> 0 | CX8: =DB7 -> 0 | CY8: 0 | CZ8: 0 | DA8: =CPP!T8 -> 0 | DB8: =CX8+CY8-CZ8-DA8 -> 0 | DC8: =DG7 -> 0.01 | DD8: 0 | DE8: 0 | DF8: =CPP!U8 -> 0 | DG8: =DC8+DD8-DE8-DF8 -> 0.01 | DH8: =DL7 -> 0 | DI8: 0 | DJ8: 0 | DK8: =CPP!V8 -> 0 | DL8: =DH8+DI8-DJ8-DK8 -> 0 | DM8: =DQ7 -> 304 | DN8: 0 | DO8: 0 | DP8: =CPP!W8 -> 0 | DQ8: =DM8+DN8-DO8-DP8 -> 304 | DR8: =DV7 -> 1502 | DS8: 0 | DT8: 265.56 | DU8: =CPP!X8 -> 0 | DV8: =DR8+DS8-DT8-DU8 -> 1236.44 | DW8: =EA7 -> 0 | DX8: 0 | DY8: 0 | DZ8: =CPP!Y8 -> 0 | EA8: =DW8+DX8-DY8-DZ8 -> 0 | EB8: =L8+AP8+AU8+AZ8+BE8+BJ8+BT8+BY8+CD8+CI8+CS8+CX8+DC8+DH8+DM8+DW8+X8+DR8 -> 3873.917 | EC8: =M8+Y8+AM8+AQ8+AV8+BA8+BF8+BK8+BP8+BU8+BZ8+CT8+CY8+DD8+DI8+DN8+DX8+DS8 -> 0 | ED8: =O8+AA8+AN8+AR8+AW8+BB8+BG8+BL8+BQ8+BV8+CA8+CU8+CZ8+DE8+DJ8+DO8+DY8+DT8 -> 265.56 | EE8: =EB8+EC8-ED8-N8-Z8-AS8-AX8-BC8-BH8-BM8-BR8-BW8-CV8-DA8-DF8-DK8-DP8-DZ8-DU8 -> 3608.357 | EF8: =R8+AC8+AG8+AL8+CN8 -> 4296.22 | EG8: =S8+AD8+AH8+CE8+CJ8+CO8 -> 0 | EH8: =CPP!D8+CPP!E8+CPP!F8+CPP!G8+CPP!H8+CPP!I8+CPP!J8+CPP!K8+CPP!L8+CPP!M8+CPP!N8+CPP!O8+CPP!P8+CPP!Q8+CPP!R8+CPP!S8+DA8+DF8+DK8+CPP!W8+DU8 -> 140 | EI8: =EF8+EG8-CPP!G8-CPP!E8-CPP!F8-CPP!P8-CPP!Q8-CL8-CQ8-DU8 -> 4156.22 | EJ8: =EM7 -> 24924.486 | EK8: 1505 | EL8: ='Daily CEM-1'!AG9+'Daily CEM - 2'!AF9-EQ8 -> 1714.594 | EM8: =EJ8+EK8-EL8-EN8 -> 24714.892 | EN8: 0 | EO8: =ER7 -> 5306.109 | EP8: 0 | EQ8: 0 | ER8: =EO8+EP8-EQ8 -> 5306.109 | ES8: =ET8-EP8 -> 2036.63 | ET8: 2036.63 | EU8: =EL8+EQ8 -> 1714.594 | EV8: =EL8+EQ8 -> 1714.594 | EW8: =(EU8/Production2!CG8)*100 -> 75.267515 | EX8: 76.462454 | EY8: =EX8*100 -> 7646.2454
B9: 7 | C9: =G8 -> 2262.92 | D9: 0 | E9: =F9+'RAW MILL 2'!F9 -> 77 | F9: 73 | G9: =C9+D9-E9 -> 2185.92 | H9: =K8 -> 922.49002 | I9: =Production2!N9+Production2!Q9 -> 2309.91 | J9: =Production2!K9 -> 2294 | K9: =H9+I9-J9 -> 938.40002 | L9: =Q8 -> 0 | M9: 0 | N9: =CPP!D9 -> 0 | O9: 0 | P9: =N9+O9 -> 0 | Q9: =L9+M9-O9-N9 -> 0 | R9: =W8 -> 0 | S9: 0 | T9: =CPP!E9 -> 0 | U9: 0 | V9: =T9+U9 -> 0 | W9: =R9+S9-V9 -> 0 | X9: =AB8 -> 1063.04 | Y9: 0 | Z9: =CPP!H9 -> 0 | AA9: 0 | AB9: =X9+Y9-AA9-Z9 -> 1063.04 | AC9: =AF8 -> 0 | AD9: 0 | AE9: 0 | AF9: =AC9+AD9-AE9 -> 0 | AG9: =AK8 -> 4156.17 | AH9: 0 | AI9: 0 | AJ9: =CPP!G9 -> 138 | AK9: =AG9+AH9-AJ9 -> 4018.17 | AL9: =AO8 -> 0 | AM9: 0 | AN9: 0 | AO9: =AL9+AM9-AN9 -> 0 | AP9: =AT8 -> 0 | AQ9: 0 | AR9: 0 | AS9: =CPP!I9 -> 0 | AT9: =AP9+AQ9-AR9-AS9 -> 0 | AU9: =AY8 -> 0 | AV9: 0 | AW9: 0 | AX9: =CPP!J9 -> 0 | AY9: =AU9+AV9-AW9-AX9 -> 0 | AZ9: =BD8 -> 1004.867 | BA9: 0 | BB9: 0 | BC9: =CPP!K9 -> 0 | BD9: =AZ9+BA9-BB9-BC9 -> 1004.867 | BE9: =BI8 -> 0 | BF9: 0 | BG9: 0 | BH9: =CPP!L9 -> 0 | BI9: =BE9+BF9-BG9-BH9 -> 0 | BJ9: =BN8 -> 0 | BK9: 0 | BL9: 0 | BM9: =CPP!M9 -> 0 | BN9: =BJ9+BK9-BL9-BM9 -> 0 | BO9: =BS8 -> 0 | BP9: 0 | BQ9: 0 | BR9: =CPP!N9 -> 0 | BS9: =BO9+BP9-BQ9-BR9 -> 0 | BT9: =BX8 -> 0 | BU9: 0 | BV9: 0 | BW9: =CPP!O9 -> 0 | BX9: =BT9+BU9-BV9-BW9 -> 0 | BY9: =CC8 -> 0 | BZ9: 0 | CA9: 0 | CC9: =BY9+BZ9-CA9-CB9 -> 0 | CD9: =CH8 -> 0 | CE9: 0 | CF9: 0 | CG9: =CPP!P9 -> 0 | CH9: =CD9+CE9-CF9-CG9 -> 0 | CI9: =CM8 -> 0 | CJ9: 0 | CK9: 0 | CL9: =CPP!Q9 -> 0 | CM9: =CI9+CJ9-CK9-CL9 -> 0 | CN9: =CR8 -> 0.05 | CO9: 0 | CP9: 0 | CQ9: =CPP!R9 -> 0 | CR9: =CN9+CO9-CP9-CQ9 -> 0.05 | CS9: =CW8 -> 0 | CT9: 0 | CU9: 0 | CV9: =CPP!S9 -> 0 | CW9: =CS9+CT9-CU9-CV9 -> 0 | CX9: =DB8 -> 0 | CY9: 0 | CZ9: 0 | DA9: =CPP!T9 -> 0 | DB9: =CX9+CY9-CZ9-DA9 -> 0 | DC9: =DG8 -> 0.01 | DD9: 0 | DE9: 0 | DF9: =CPP!U9 -> 0 | DG9: =DC9+DD9-DE9-DF9 -> 0.01 | DH9: =DL8 -> 0 | DI9: 0 | DJ9: 0 | DK9: =CPP!V9 -> 0 | DL9: =DH9+DI9-DJ9-DK9 -> 0 | DM9: =DQ8 -> 304 | DN9: 0 | DO9: 0 | DP9: =CPP!W9 -> 0 | DQ9: =DM9+DN9-DO9-DP9 -> 304 | DR9: =DV8 -> 1236.44 | DS9: 0 | DT9: 250 | DU9: =CPP!X9 -> 0 | DV9: =DR9+DS9-DT9-DU9 -> 986.44 | DW9: =EA8 -> 0 | DX9: 0 | DY9: 0 | DZ9: =CPP!Y9 -> 0 | EA9: =DW9+DX9-DY9-DZ9 -> 0 | EB9: =L9+AP9+AU9+AZ9+BE9+BJ9+BT9+BY9+CD9+CI9+CS9+CX9+DC9+DH9+DM9+DW9+X9+DR9 -> 3608.357 | EC9: =M9+Y9+AM9+AQ9+AV9+BA9+BF9+BK9+BP9+BU9+BZ9+CT9+CY9+DD9+DI9+DN9+DX9+DS9 -> 0 | ED9: =O9+AA9+AN9+AR9+AW9+BB9+BG9+BL9+BQ9+BV9+CA9+CU9+CZ9+DE9+DJ9+DO9+DY9+DT9 -> 250 | EE9: =EB9+EC9-ED9-N9-Z9-AS9-AX9-BC9-BH9-BM9-BR9-BW9-CV9-DA9-DF9-DK9-DP9-DZ9-DU9 -> 3358.357 | EF9: =R9+AC9+AG9+AL9+CN9 -> 4156.22 | EG9: =S9+AD9+AH9+CE9+CJ9+CO9 -> 0 | EH9: =CPP!D9+CPP!E9+CPP!F9+CPP!G9+CPP!H9+CPP!I9+CPP!J9+CPP!K9+CPP!L9+CPP!M9+CPP!N9+CPP!O9+CPP!P9+CPP!Q9+CPP!R9+CPP!S9+DA9+DF9+DK9+CPP!W9+DU9 -> 138 | EI9: =EF9+EG9-CPP!G9-CPP!E9-CPP!F9-CPP!P9-CPP!Q9-CL9-CQ9-DU9 -> 4018.22 | EJ9: =EM8 -> 24714.892 | EK9: 1480 | EL9: ='Daily CEM-1'!AG10+'Daily CEM - 2'!AF10-EQ9 -> 1090.804 | EM9: =EJ9+EK9-EL9-EN9 -> 25104.088 | EN9: 0 | EO9: =ER8 -> 5306.109 | EP9: 0 | EQ9: 0 | ER9: =EO9+EP9-EQ9 -> 5306.109 | ES9: =ET9-EP9 -> 0 | EU9: =EL9+EQ9 -> 1090.804 | EV9: =EL9+EQ9 -> 1090.804 | EW9: =(EU9/Production2!CG9)*100 -> 76.28 | EX9: 78.511521 | EY9: =EX9*100 -> 7851.1521
B10: 8 | C10: =G9 -> 2185.92 | D10: 0 | E10: =F10+'RAW MILL 2'!F10 -> 64 | F10: 60 | G10: =C10+D10-E10 -> 2121.92 | H10: =K9 -> 938.40002 | I10: =Production2!N10+Production2!Q10 -> 2135.82 | J10: =Production2!K10 -> 2154.5 | K10: =H10+I10-J10 -> 919.72002 | L10: =Q9 -> 0 | M10: 0 | N10: =CPP!D10 -> 0 | O10: 0 | P10: =N10+O10 -> 0 | Q10: =L10+M10-O10-N10 -> 0 | R10: =W9 -> 0 | S10: 0 | T10: =CPP!E10 -> 0 | U10: 0 | V10: =T10+U10 -> 0 | W10: =R10+S10-V10 -> 0 | X10: =AB9 -> 1063.04 | Y10: 0 | Z10: =CPP!H10 -> 0 | AA10: 0 | AB10: =X10+Y10-AA10-Z10 -> 1063.04 | AC10: =AF9 -> 0 | AD10: 0 | AE10: 0 | AF10: =AC10+AD10-AE10 -> 0 | AG10: =AK9 -> 4018.17 | AH10: 0 | AI10: 0 | AJ10: =CPP!G10 -> 137 | AK10: =AG10+AH10-AJ10 -> 3881.17 | AL10: =AO9 -> 0 | AM10: 0 | AN10: 0 | AO10: =AL10+AM10-AN10 -> 0 | AP10: =AT9 -> 0 | AQ10: 0 | AR10: 0 | AS10: =CPP!I10 -> 0 | AT10: =AP10+AQ10-AR10-AS10 -> 0 | AU10: =AY9 -> 0 | AV10: 0 | AW10: 0 | AX10: =CPP!J10 -> 0 | AY10: =AU10+AV10-AW10-AX10 -> 0 | AZ10: =BD9 -> 1004.867 | BA10: 0 | BB10: 0 | BC10: =CPP!K10 -> 0 | BD10: =AZ10+BA10-BB10-BC10 -> 1004.867 | BE10: =BI9 -> 0 | BF10: 0 | BG10: 0 | BH10: =CPP!L10 -> 0 | BI10: =BE10+BF10-BG10-BH10 -> 0 | BJ10: =BN9 -> 0 | BK10: 0 | BL10: 0 | BM10: =CPP!M10 -> 0 | BN10: =BJ10+BK10-BL10-BM10 -> 0 | BO10: =BS9 -> 0 | BP10: 0 | BQ10: 0 | BR10: =CPP!N10 -> 0 | BS10: =BO10+BP10-BQ10-BR10 -> 0 | BT10: =BX9 -> 0 | BU10: 0 | BV10: 0 | BW10: =CPP!O10 -> 0 | BX10: =BT10+BU10-BV10-BW10 -> 0 | BY10: =CC9 -> 0 | BZ10: 0 | CA10: 0 | CC10: =BY10+BZ10-CA10-CB10 -> 0 | CD10: =CH9 -> 0 | CE10: 0 | CF10: 0 | CG10: =CPP!P10 -> 0 | CH10: =CD10+CE10-CF10-CG10 -> 0 | CI10: =CM9 -> 0 | CJ10: 0 | CK10: 0 | CL10: =CPP!Q10 -> 0 | CM10: =CI10+CJ10-CK10-CL10 -> 0 | CN10: =CR9 -> 0.05 | CO10: 0 | CP10: 0 | CQ10: =CPP!R10 -> 0 | CR10: =CN10+CO10-CP10-CQ10 -> 0.05 | CS10: =CW9 -> 0 | CT10: 0 | CU10: 0 | CV10: =CPP!S10 -> 0 | CW10: =CS10+CT10-CU10-CV10 -> 0 | CX10: =DB9 -> 0 | CY10: 0 | CZ10: 0 | DA10: =CPP!T10 -> 0 | DB10: =CX10+CY10-CZ10-DA10 -> 0 | DC10: =DG9 -> 0.01 | DD10: 0 | DE10: 0 | DF10: =CPP!U10 -> 0 | DG10: =DC10+DD10-DE10-DF10 -> 0.01 | DH10: =DL9 -> 0 | DI10: 0 | DJ10: 0 | DK10: =CPP!V10 -> 0 | DL10: =DH10+DI10-DJ10-DK10 -> 0 | DM10: =DQ9 -> 304 | DN10: 0 | DO10: 0 | DP10: =CPP!W10 -> 0 | DQ10: =DM10+DN10-DO10-DP10 -> 304 | DR10: =DV9 -> 986.44 | DS10: 0 | DT10: 233.33 | DU10: =CPP!X10 -> 0 | DV10: =DR10+DS10-DT10-DU10 -> 753.11 | DW10: =EA9 -> 0 | DX10: 0 | DY10: 0 | DZ10: =CPP!Y10 -> 0 | EA10: =DW10+DX10-DY10-DZ10 -> 0 | EB10: =L10+AP10+AU10+AZ10+BE10+BJ10+BT10+BY10+CD10+CI10+CS10+CX10+DC10+DH10+DM10+DW10+X10+DR10 -> 3358.357 | EC10: =M10+Y10+AM10+AQ10+AV10+BA10+BF10+BK10+BP10+BU10+BZ10+CT10+CY10+DD10+DI10+DN10+DX10+DS10 -> 0 | ED10: =O10+AA10+AN10+AR10+AW10+BB10+BG10+BL10+BQ10+BV10+CA10+CU10+CZ10+DE10+DJ10+DO10+DY10+DT10 -> 233.33 | EE10: =EB10+EC10-ED10-N10-Z10-AS10-AX10-BC10-BH10-BM10-BR10-BW10-CV10-DA10-DF10-DK10-DP10-DZ10-DU10 -> 3125.027 | EF10: =R10+AC10+AG10+AL10+CN10 -> 4018.22 | EG10: =S10+AD10+AH10+CE10+CJ10+CO10 -> 0 | EH10: =CPP!D10+CPP!E10+CPP!F10+CPP!G10+CPP!H10+CPP!I10+CPP!J10+CPP!K10+CPP!L10+CPP!M10+CPP!N10+CPP!O10+CPP!P10+CPP!Q10+CPP!R10+CPP!S10+DA10+DF10+DK10+CPP!W10+DU10 -> 137 | EI10: =EF10+EG10-CPP!G10-CPP!E10-CPP!F10-CPP!P10-CPP!Q10-CL10-CQ10-DU10 -> 3881.22 | EJ10: =EM9 -> 25104.088 | EK10: 1390 | EL10: ='Daily CEM-1'!AG11+'Daily CEM - 2'!AF11-EQ10 -> 1204.1415 | EM10: =EJ10+EK10-EL10-EN10 -> 25289.947 | EN10: 0 | EO10: =ER9 -> 5306.109 | EP10: 0 | EQ10: 0 | ER10: =EO10+EP10-EQ10 -> 5306.109 | ES10: =ET10-EP10 -> 2151.69 | ET10: 2151.69 | EU10: =EL10+EQ10 -> 1204.1415 | EV10: =EL10+EQ10 -> 1204.1415 | EW10: =(EU10/Production2!CG10)*100 -> 77.188558 | EX10: 77.000264 | EY10: =EX10*100 -> 7700.0264
B11: 9 | C11: =G10 -> 2121.92 | D11: 0 | E11: =F11+'RAW MILL 2'!F11 -> 73 | F11: 67 | G11: =C11+D11-E11 -> 2048.92 | H11: =K10 -> 919.72002 | I11: =Production2!N11+Production2!Q11 -> 2216.19 | J11: =Production2!K11 -> 2216.5 | K11: =H11+I11-J11 -> 919.41002 | L11: =Q10 -> 0 | M11: 0 | N11: =CPP!D11 -> 0 | O11: 0 | P11: =N11+O11 -> 0 | Q11: =L11+M11-O11-N11 -> 0 | R11: =W10 -> 0 | S11: 0 | T11: =CPP!E11 -> 0 | U11: 0 | V11: =T11+U11 -> 0 | W11: =R11+S11-V11 -> 0 | X11: =AB10 -> 1063.04 | Y11: 0 | Z11: =CPP!H11 -> 0 | AA11: 0 | AB11: =X11+Y11-AA11-Z11 -> 1063.04 | AC11: =AF10 -> 0 | AD11: 0 | AE11: 0 | AF11: =AC11+AD11-AE11 -> 0 | AG11: =AK10 -> 3881.17 | AH11: 344.15 | AI11: 0 | AJ11: =CPP!G11 -> 130 | AK11: =AG11+AH11-AJ11 -> 4095.32 | AL11: =AO10 -> 0 | AM11: 0 | AN11: 0 | AO11: =AL11+AM11-AN11 -> 0 | AP11: =AT10 -> 0 | AQ11: 0 | AR11: 0 | AS11: =CPP!I11 -> 0 | AT11: =AP11+AQ11-AR11-AS11 -> 0 | AU11: =AY10 -> 0 | AV11: 0 | AW11: 0 | AX11: =CPP!J11 -> 0 | AY11: =AU11+AV11-AW11-AX11 -> 0 | AZ11: =BD10 -> 1004.867 | BA11: 942.44 | BB11: 0 | BC11: =CPP!K11 -> 0 | BD11: =AZ11+BA11-BB11-BC11 -> 1947.307 | BE11: =BI10 -> 0 | BF11: 0 | BG11: 0 | BH11: =CPP!L11 -> 0 | BI11: =BE11+BF11-BG11-BH11 -> 0 | BJ11: =BN10 -> 0 | BK11: 0 | BL11: 0 | BM11: =CPP!M11 -> 0 | BN11: =BJ11+BK11-BL11-BM11 -> 0 | BO11: =BS10 -> 0 | BP11: 0 | BQ11: 0 | BR11: =CPP!N11 -> 0 | BS11: =BO11+BP11-BQ11-BR11 -> 0 | BT11: =BX10 -> 0 | BU11: 0 | BV11: 0 | BW11: =CPP!O11 -> 0 | BX11: =BT11+BU11-BV11-BW11 -> 0 | BY11: =CC10 -> 0 | BZ11: 0 | CA11: 0 | CC11: =BY11+BZ11-CA11-CB11 -> 0 | CD11: =CH10 -> 0 | CE11: 0 | CF11: 0 | CG11: =CPP!P11 -> 0 | CH11: =CD11+CE11-CF11-CG11 -> 0 | CI11: =CM10 -> 0 | CJ11: 0 | CK11: 0 | CL11: =CPP!Q11 -> 0 | CM11: =CI11+CJ11-CK11-CL11 -> 0 | CN11: =CR10 -> 0.05 | CO11: 0 | CP11: 0 | CQ11: =CPP!R11 -> 0 | CR11: =CN11+CO11-CP11-CQ11 -> 0.05 | CS11: =CW10 -> 0 | CT11: 0 | CU11: 0 | CV11: =CPP!S11 -> 0 | CW11: =CS11+CT11-CU11-CV11 -> 0 | CX11: =DB10 -> 0 | CY11: 0 | CZ11: 0 | DA11: =CPP!T11 -> 0 | DB11: =CX11+CY11-CZ11-DA11 -> 0 | DC11: =DG10 -> 0.01 | DD11: 0 | DE11: 0 | DF11: =CPP!U11 -> 0 | DG11: =DC11+DD11-DE11-DF11 -> 0.01 | DH11: =DL10 -> 0 | DI11: 0 | DJ11: 0 | DK11: =CPP!V11 -> 0 | DL11: =DH11+DI11-DJ11-DK11 -> 0 | DM11: =DQ10 -> 304 | DN11: 0 | DO11: 0 | DP11: =CPP!W11 -> 0 | DQ11: =DM11+DN11-DO11-DP11 -> 304 | DR11: =DV10 -> 753.11 | DS11: 0 | DT11: 250 | DU11: =CPP!X11 -> 0 | DV11: =DR11+DS11-DT11-DU11 -> 503.11 | DW11: =EA10 -> 0 | DX11: 0 | DY11: 0 | DZ11: =CPP!Y11 -> 0 | EA11: =DW11+DX11-DY11-DZ11 -> 0 | EB11: =L11+AP11+AU11+AZ11+BE11+BJ11+BT11+BY11+CD11+CI11+CS11+CX11+DC11+DH11+DM11+DW11+X11+DR11 -> 3125.027 | EC11: =M11+Y11+AM11+AQ11+AV11+BA11+BF11+BK11+BP11+BU11+BZ11+CT11+CY11+DD11+DI11+DN11+DX11+DS11 -> 942.44 | ED11: =O11+AA11+AN11+AR11+AW11+BB11+BG11+BL11+BQ11+BV11+CA11+CU11+CZ11+DE11+DJ11+DO11+DY11+DT11 -> 250 | EE11: =EB11+EC11-ED11-N11-Z11-AS11-AX11-BC11-BH11-BM11-BR11-BW11-CV11-DA11-DF11-DK11-DP11-DZ11-DU11 -> 3817.467 | EF11: =R11+AC11+AG11+AL11+CN11 -> 3881.22 | EG11: =S11+AD11+AH11+CE11+CJ11+CO11 -> 344.15 | EH11: =CPP!D11+CPP!E11+CPP!F11+CPP!G11+CPP!H11+CPP!I11+CPP!J11+CPP!K11+CPP!L11+CPP!M11+CPP!N11+CPP!O11+CPP!P11+CPP!Q11+CPP!R11+CPP!S11+DA11+DF11+DK11+CPP!W11+DU11 -> 130 | EI11: =EF11+EG11-CPP!G11-CPP!E11-CPP!F11-CPP!P11-CPP!Q11-CL11-CQ11-DU11 -> 4095.37 | EJ11: =EM10 -> 25289.947 | EK11: 1430 | EL11: ='Daily CEM-1'!AG12+'Daily CEM - 2'!AF12-EQ11 -> 1365.683 | EM11: =EJ11+EK11-EL11-EN11 -> 25354.264 | EN11: 0 | EO11: =ER10 -> 5306.109 | EP11: 0 | EQ11: 0 | ER11: =EO11+EP11-EQ11 -> 5306.109 | ES11: =ET11-EP11 -> 688.04 | ET11: 688.04 | EU11: =EL11+EQ11 -> 1365.683 | EV11: =EL11+EQ11 -> 1365.683 | EW11: =(EU11/Production2!CG11)*100 -> 79.538905 | EX11: 76.1 | EY11: =EX11*100 -> 7610
B12: 10 | C12: =G11 -> 2048.92 | D12: 0 | E12: =F12+'RAW MILL 2'!F12 -> 95 | F12: 89 | G12: =C12+D12-E12 -> 1953.92 | H12: =K11 -> 919.41002 | I12: =Production2!N12+Production2!Q12 -> 2849.55 | J12: =Production2!K12 -> 2340.5 | K12: =H12+I12-J12 -> 1428.46 | L12: =Q11 -> 0 | M12: 0 | N12: =CPP!D12 -> 0 | O12: 0 | P12: =N12+O12 -> 0 | Q12: =L12+M12-O12-N12 -> 0 | R12: =W11 -> 0 | S12: 0 | T12: =CPP!E12 -> 0 | U12: 0 | V12: =T12+U12 -> 0 | W12: =R12+S12-V12 -> 0 | X12: =AB11 -> 1063.04 | Y12: 0 | Z12: =CPP!H12 -> 0 | AA12: 0 | AB12: =X12+Y12-AA12-Z12 -> 1063.04 | AC12: =AF11 -> 0 | AD12: 0 | AE12: 0 | AF12: =AC12+AD12-AE12 -> 0 | AG12: =AK11 -> 4095.32 | AH12: 251.7 | AI12: 0 | AJ12: =CPP!G12 -> 131 | AK12: =AG12+AH12-AJ12 -> 4216.02 | AL12: =AO11 -> 0 | AM12: 0 | AN12: 0 | AO12: =AL12+AM12-AN12 -> 0 | AP12: =AT11 -> 0 | AQ12: 0 | AR12: 0 | AS12: =CPP!I12 -> 0 | AT12: =AP12+AQ12-AR12-AS12 -> 0 | AU12: =AY11 -> 0 | AV12: 0 | AW12: 0 | AX12: =CPP!J12 -> 0 | AY12: =AU12+AV12-AW12-AX12 -> 0 | AZ12: =BD11 -> 1947.307 | BA12: 191.78 | BB12: 0 | BC12: =CPP!K12 -> 0 | BD12: =AZ12+BA12-BB12-BC12 -> 2139.087 | BE12: =BI11 -> 0 | BF12: 0 | BG12: 0 | BH12: =CPP!L12 -> 0 | BI12: =BE12+BF12-BG12-BH12 -> 0 | BJ12: =BN11 -> 0 | BK12: 0 | BL12: 0 | BM12: =CPP!M12 -> 0 | BN12: =BJ12+BK12-BL12-BM12 -> 0 | BO12: =BS11 -> 0 | BP12: 0 | BQ12: 0 | BR12: =CPP!N12 -> 0 | BS12: =BO12+BP12-BQ12-BR12 -> 0 | BT12: =BX11 -> 0 | BU12: 0 | BV12: 0 | BW12: =CPP!O12 -> 0 | BX12: =BT12+BU12-BV12-BW12 -> 0 | BY12: =CC11 -> 0 | BZ12: 0 | CA12: 0 | CC12: =BY12+BZ12-CA12-CB12 -> 0 | CD12: =CH11 -> 0 | CE12: 0 | CF12: 0 | CG12: =CPP!P12 -> 0 | CH12: =CD12+CE12-CF12-CG12 -> 0 | CI12: =CM11 -> 0 | CJ12: 0 | CK12: 0 | CL12: =CPP!Q12 -> 0 | CM12: =CI12+CJ12-CK12-CL12 -> 0 | CN12: =CR11 -> 0.05 | CO12: 0 | CP12: 0 | CQ12: =CPP!R12 -> 0 | CR12: =CN12+CO12-CP12-CQ12 -> 0.05 | CS12: =CW11 -> 0 | CT12: 0 | CU12: 0 | CV12: =CPP!S12 -> 0 | CW12: =CS12+CT12-CU12-CV12 -> 0 | CX12: =DB11 -> 0 | CY12: 0 | CZ12: 0 | DA12: =CPP!T12 -> 0 | DB12: =CX12+CY12-CZ12-DA12 -> 0 | DC12: =DG11 -> 0.01 | DD12: 0 | DE12: 0 | DF12: =CPP!U12 -> 0 | DG12: =DC12+DD12-DE12-DF12 -> 0.01 | DH12: =DL11 -> 0 | DI12: 0 | DJ12: 0 | DK12: =CPP!V12 -> 0 | DL12: =DH12+DI12-DJ12-DK12 -> 0 | DM12: =DQ11 -> 304 | DN12: 0 | DO12: 0 | DP12: =CPP!W12 -> 0 | DQ12: =DM12+DN12-DO12-DP12 -> 304 | DR12: =DV11 -> 503.11 | DS12: 0 | DT12: 260 | DU12: =CPP!X12 -> 0 | DV12: =DR12+DS12-DT12-DU12 -> 243.11 | DW12: =EA11 -> 0 | DX12: 0 | DY12: 0 | DZ12: =CPP!Y12 -> 0 | EA12: =DW12+DX12-DY12-DZ12 -> 0 | EB12: =L12+AP12+AU12+AZ12+BE12+BJ12+BT12+BY12+CD12+CI12+CS12+CX12+DC12+DH12+DM12+DW12+X12+DR12 -> 3817.467 | EC12: =M12+Y12+AM12+AQ12+AV12+BA12+BF12+BK12+BP12+BU12+BZ12+CT12+CY12+DD12+DI12+DN12+DX12+DS12 -> 191.78 | ED12: =O12+AA12+AN12+AR12+AW12+BB12+BG12+BL12+BQ12+BV12+CA12+CU12+CZ12+DE12+DJ12+DO12+DY12+DT12 -> 260 | EE12: =EB12+EC12-ED12-N12-Z12-AS12-AX12-BC12-BH12-BM12-BR12-BW12-CV12-DA12-DF12-DK12-DP12-DZ12-DU12 -> 3749.247 | EF12: =R12+AC12+AG12+AL12+CN12 -> 4095.37 | EG12: =S12+AD12+AH12+CE12+CJ12+CO12 -> 251.7 | EH12: =CPP!D12+CPP!E12+CPP!F12+CPP!G12+CPP!H12+CPP!I12+CPP!J12+CPP!K12+CPP!L12+CPP!M12+CPP!N12+CPP!O12+CPP!P12+CPP!Q12+CPP!R12+CPP!S12+DA12+DF12+DK12+CPP!W12+DU12 -> 131 | EI12: =EF12+EG12-CPP!G12-CPP!E12-CPP!F12-CPP!P12-CPP!Q12-CL12-CQ12-DU12 -> 4216.07 | EJ12: =EM11 -> 25354.264 | EK12: 1510 | EL12: ='Daily CEM-1'!AG13+'Daily CEM - 2'!AF13-EQ12 -> 2075.32 | EM12: =EJ12+EK12-EL12-EN12 -> 24788.944 | EN12: 0 | EO12: =ER11 -> 5306.109 | EP12: 0 | EQ12: 0 | ER12: =EO12+EP12-EQ12 -> 5306.109 | ES12: =ET12-EP12 -> 1286.53 | ET12: 1286.53 | EU12: =EL12+EQ12 -> 2075.32 | EV12: =EL12+EQ12 -> 2075.32 | EW12: =(EU12/Production2!CG12)*100 -> 78.10764 | EX12: 77.304373 | EY12: =EX12*100 -> 7730.4373
B13: 11 | C13: =G12 -> 1953.92 | D13: 0 | E13: =F13+'RAW MILL 2'!F13 -> 47 | F13: 43 | G13: =C13+D13-E13 -> 1906.92 | H13: =K12 -> 1428.46 | I13: =Production2!N13+Production2!Q13 -> 2011.11 | J13: =Production2!K13 -> 1999.5 | K13: =H13+I13-J13 -> 1440.07 | L13: =Q12 -> 0 | M13: 0 | N13: =CPP!D13 -> 0 | O13: 0 | P13: =N13+O13 -> 0 | Q13: =L13+M13-O13-N13 -> 0 | R13: =W12 -> 0 | S13: 0 | T13: =CPP!E13 -> 0 | U13: 0 | V13: =T13+U13 -> 0 | W13: =R13+S13-V13 -> 0 | X13: =AB12 -> 1063.04 | Y13: 0 | Z13: =CPP!H13 -> 0 | AA13: 0 | AB13: =X13+Y13-AA13-Z13 -> 1063.04 | AC13: =AF12 -> 0 | AD13: 0 | AE13: 0 | AF13: =AC13+AD13-AE13 -> 0 | AG13: =AK12 -> 4216.02 | AH13: 0 | AI13: 0 | AJ13: =CPP!G13 -> 137 | AK13: =AG13+AH13-AJ13 -> 4079.02 | AL13: =AO12 -> 0 | AM13: 0 | AN13: 0 | AO13: =AL13+AM13-AN13 -> 0 | AP13: =AT12 -> 0 | AQ13: 0 | AR13: 0 | AS13: =CPP!I13 -> 0 | AT13: =AP13+AQ13-AR13-AS13 -> 0 | AU13: =AY12 -> 0 | AV13: 0 | AW13: 0 | AX13: =CPP!J13 -> 0 | AY13: =AU13+AV13-AW13-AX13 -> 0 | AZ13: =BD12 -> 2139.087 | BA13: 157.12 | BB13: 0 | BC13: =CPP!K13 -> 0 | BD13: =AZ13+BA13-BB13-BC13 -> 2296.207 | BE13: =BI12 -> 0 | BF13: 0 | BG13: 0 | BH13: =CPP!L13 -> 0 | BI13: =BE13+BF13-BG13-BH13 -> 0 | BJ13: =BN12 -> 0 | BK13: 0 | BL13: 0 | BM13: =CPP!M13 -> 0 | BN13: =BJ13+BK13-BL13-BM13 -> 0 | BO13: =BS12 -> 0 | BP13: 0 | BQ13: 0 | BR13: =CPP!N13 -> 0 | BS13: =BO13+BP13-BQ13-BR13 -> 0 | BT13: =BX12 -> 0 | BU13: 0 | BV13: 0 | BW13: =CPP!O13 -> 0 | BX13: =BT13+BU13-BV13-BW13 -> 0 | BY13: =CC12 -> 0 | BZ13: 0 | CA13: 0 | CC13: =BY13+BZ13-CA13-CB13 -> 0 | CD13: =CH12 -> 0 | CE13: 0 | CF13: 0 | CG13: =CPP!P13 -> 0 | CH13: =CD13+CE13-CF13-CG13 -> 0 | CI13: =CM12 -> 0 | CJ13: 0 | CK13: 0 | CL13: =CPP!Q13 -> 0 | CM13: =CI13+CJ13-CK13-CL13 -> 0 | CN13: =CR12 -> 0.05 | CO13: 0 | CP13: 0 | CQ13: =CPP!R13 -> 0 | CR13: =CN13+CO13-CP13-CQ13 -> 0.05 | CS13: =CW12 -> 0 | CT13: 0 | CU13: 0 | CV13: =CPP!S13 -> 0 | CW13: =CS13+CT13-CU13-CV13 -> 0 | CX13: =DB12 -> 0 | CY13: 0 | CZ13: 0 | DA13: =CPP!T13 -> 0 | DB13: =CX13+CY13-CZ13-DA13 -> 0 | DC13: =DG12 -> 0.01 | DD13: 0 | DE13: 0 | DF13: =CPP!U13 -> 0 | DG13: =DC13+DD13-DE13-DF13 -> 0.01 | DH13: =DL12 -> 0 | DI13: 0 | DJ13: 0 | DK13: =CPP!V13 -> 0 | DL13: =DH13+DI13-DJ13-DK13 -> 0 | DM13: =DQ12 -> 304 | DN13: 0 | DO13: 0 | DP13: =CPP!W13 -> 0 | DQ13: =DM13+DN13-DO13-DP13 -> 304 | DR13: =DV12 -> 243.11 | DS13: 0 | DT13: 215 | DU13: =CPP!X13 -> 0 | DV13: =DR13+DS13-DT13-DU13 -> 28.11 | DW13: =EA12 -> 0 | DX13: 0 | DY13: 0 | DZ13: =CPP!Y13 -> 0 | EA13: =DW13+DX13-DY13-DZ13 -> 0 | EB13: =L13+AP13+AU13+AZ13+BE13+BJ13+BT13+BY13+CD13+CI13+CS13+CX13+DC13+DH13+DM13+DW13+X13+DR13 -> 3749.247 | EC13: =M13+Y13+AM13+AQ13+AV13+BA13+BF13+BK13+BP13+BU13+BZ13+CT13+CY13+DD13+DI13+DN13+DX13+DS13 -> 157.12 | ED13: =O13+AA13+AN13+AR13+AW13+BB13+BG13+BL13+BQ13+BV13+CA13+CU13+CZ13+DE13+DJ13+DO13+DY13+DT13 -> 215 | EE13: =EB13+EC13-ED13-N13-Z13-AS13-AX13-BC13-BH13-BM13-BR13-BW13-CV13-DA13-DF13-DK13-DP13-DZ13-DU13 -> 3691.367 | EF13: =R13+AC13+AG13+AL13+CN13 -> 4216.07 | EG13: =S13+AD13+AH13+CE13+CJ13+CO13 -> 0 | EH13: =CPP!D13+CPP!E13+CPP!F13+CPP!G13+CPP!H13+CPP!I13+CPP!J13+CPP!K13+CPP!L13+CPP!M13+CPP!N13+CPP!O13+CPP!P13+CPP!Q13+CPP!R13+CPP!S13+DA13+DF13+DK13+CPP!W13+DU13 -> 137 | EI13: =EF13+EG13-CPP!G13-CPP!E13-CPP!F13-CPP!P13-CPP!Q13-CL13-CQ13-DU13 -> 4079.07 | EJ13: =EM12 -> 24788.944 | EK13: 1290 | EL13: ='Daily CEM-1'!AG14+'Daily CEM - 2'!AF14-EQ13 -> 2304 | EM13: =EJ13+EK13-EL13-EN13 -> 23774.944 | EN13: 0 | EO13: =ER12 -> 5306.109 | EP13: 0 | EQ13: 0 | ER13: =EO13+EP13-EQ13 -> 5306.109 | ES13: =ET13-EP13 -> 1675.23 | ET13: 1675.23 | EU13: =EL13+EQ13 -> 2304 | EV13: =EL13+EQ13 -> 2304 | EW13: =(EU13/Production2!CG13)*100 -> 78.90411 | EX13: 76.318126 | EY13: =EX13*100 -> 7631.8126
B14: 12 | C14: =G13 -> 1906.92 | D14: 0 | E14: =F14+'RAW MILL 2'!F14 -> 59 | F14: 55 | G14: =C14+D14-E14 -> 1847.92 | H14: =K13 -> 1440.07 | I14: =Production2!N14+Production2!Q14 -> 2480.37 | J14: =Production2!K14 -> 2650.5 | K14: =H14+I14-J14 -> 1269.94 | L14: =Q13 -> 0 | M14: 0 | N14: =CPP!D14 -> 0 | O14: 0 | P14: =N14+O14 -> 0 | Q14: =L14+M14-O14-N14 -> 0 | R14: =W13 -> 0 | S14: 0 | T14: =CPP!E14 -> 0 | U14: 0 | V14: =T14+U14 -> 0 | W14: =R14+S14-V14 -> 0 | X14: =AB13 -> 1063.04 | Y14: 0 | Z14: =CPP!H14 -> 0 | AA14: 286.67 | AB14: =X14+Y14-AA14-Z14 -> 776.37 | AC14: =AF13 -> 0 | AD14: 0 | AE14: 0 | AF14: =AC14+AD14-AE14 -> 0 | AG14: =AK13 -> 4079.02 | AH14: 95 | AI14: 0 | AJ14: =CPP!G14 -> 137 | AK14: =AG14+AH14-AJ14 -> 4037.02 | AL14: =AO13 -> 0 | AM14: 0 | AN14: 0 | AO14: =AL14+AM14-AN14 -> 0 | AP14: =AT13 -> 0 | AQ14: 0 | AR14: 0 | AS14: =CPP!I14 -> 0 | AT14: =AP14+AQ14-AR14-AS14 -> 0 | AU14: =AY13 -> 0 | AV14: 0 | AW14: 0 | AX14: =CPP!J14 -> 0 | AY14: =AU14+AV14-AW14-AX14 -> 0 | AZ14: =BD13 -> 2296.207 | BA14: 186.68 | BB14: 0 | BC14: =CPP!K14 -> 0 | BD14: =AZ14+BA14-BB14-BC14 -> 2482.887 | BE14: =BI13 -> 0 | BF14: 0 | BG14: 0 | BH14: =CPP!L14 -> 0 | BI14: =BE14+BF14-BG14-BH14 -> 0 | BJ14: =BN13 -> 0 | BK14: 0 | BL14: 0 | BM14: =CPP!M14 -> 0 | BN14: =BJ14+BK14-BL14-BM14 -> 0 | BO14: =BS13 -> 0 | BP14: 0 | BQ14: 0 | BR14: =CPP!N14 -> 0 | BS14: =BO14+BP14-BQ14-BR14 -> 0 | BT14: =BX13 -> 0 | BU14: 0 | BV14: 0 | BW14: =CPP!O14 -> 0 | BX14: =BT14+BU14-BV14-BW14 -> 0 | BY14: =CC13 -> 0 | BZ14: 0 | CA14: 0 | CC14: =BY14+BZ14-CA14-CB14 -> 0 | CD14: =CH13 -> 0 | CE14: 0 | CF14: 0 | CG14: =CPP!P14 -> 0 | CH14: =CD14+CE14-CF14-CG14 -> 0 | CI14: =CM13 -> 0 | CJ14: 0 | CK14: 0 | CL14: =CPP!Q14 -> 0 | CM14: =CI14+CJ14-CK14-CL14 -> 0 | CN14: =CR13 -> 0.05 | CO14: 0 | CP14: 0 | CQ14: =CPP!R14 -> 0 | CR14: =CN14+CO14-CP14-CQ14 -> 0.05 | CS14: =CW13 -> 0 | CT14: 0 | CU14: 0 | CV14: =CPP!S14 -> 0 | CW14: =CS14+CT14-CU14-CV14 -> 0 | CX14: =DB13 -> 0 | CY14: 0 | CZ14: 0 | DA14: =CPP!T14 -> 0 | DB14: =CX14+CY14-CZ14-DA14 -> 0 | DC14: =DG13 -> 0.01 | DD14: 0 | DE14: 0 | DF14: =CPP!U14 -> 0 | DG14: =DC14+DD14-DE14-DF14 -> 0.01 | DH14: =DL13 -> 0 | DI14: 0 | DJ14: 0 | DK14: =CPP!V14 -> 0 | DL14: =DH14+DI14-DJ14-DK14 -> 0 | DM14: =DQ13 -> 304 | DN14: 0 | DO14: 0 | DP14: =CPP!W14 -> 0 | DQ14: =DM14+DN14-DO14-DP14 -> 304 | DR14: =DV13 -> 28.11 | DS14: 0 | DT14: 28.1 | DU14: =CPP!X14 -> 0 | DV14: =DR14+DS14-DT14-DU14 -> 0.01 | DW14: =EA13 -> 0 | DX14: 0 | DY14: 0 | DZ14: =CPP!Y14 -> 0 | EA14: =DW14+DX14-DY14-DZ14 -> 0 | EB14: =L14+AP14+AU14+AZ14+BE14+BJ14+BT14+BY14+CD14+CI14+CS14+CX14+DC14+DH14+DM14+DW14+X14+DR14 -> 3691.367 | EC14: =M14+Y14+AM14+AQ14+AV14+BA14+BF14+BK14+BP14+BU14+BZ14+CT14+CY14+DD14+DI14+DN14+DX14+DS14 -> 186.68 | ED14: =O14+AA14+AN14+AR14+AW14+BB14+BG14+BL14+BQ14+BV14+CA14+CU14+CZ14+DE14+DJ14+DO14+DY14+DT14 -> 314.77 | EE14: =EB14+EC14-ED14-N14-Z14-AS14-AX14-BC14-BH14-BM14-BR14-BW14-CV14-DA14-DF14-DK14-DP14-DZ14-DU14 -> 3563.277 | EF14: =R14+AC14+AG14+AL14+CN14 -> 4079.07 | EG14: =S14+AD14+AH14+CE14+CJ14+CO14 -> 95 | EH14: =CPP!D14+CPP!E14+CPP!F14+CPP!G14+CPP!H14+CPP!I14+CPP!J14+CPP!K14+CPP!L14+CPP!M14+CPP!N14+CPP!O14+CPP!P14+CPP!Q14+CPP!R14+CPP!S14+DA14+DF14+DK14+CPP!W14+DU14 -> 137 | EI14: =EF14+EG14-CPP!G14-CPP!E14-CPP!F14-CPP!P14-CPP!Q14-CL14-CQ14-DU14 -> 4037.07 | EJ14: =EM13 -> 23774.944 | EK14: 1710 | EL14: ='Daily CEM-1'!AG15+'Daily CEM - 2'!AF15-EQ14 -> 2081.504 | EM14: =EJ14+EK14-EL14-EN14 -> 23403.44 | EN14: 0 | EO14: =ER13 -> 5306.109 | EP14: 0 | EQ14: 0 | ER14: =EO14+EP14-EQ14 -> 5306.109 | ES14: =ET14-EP14 -> 483.51 | ET14: 483.51 | EU14: =EL14+EQ14 -> 2081.504 | EV14: =EL14+EQ14 -> 2081.504 | EW14: =(EU14/Production2!CG14)*100 -> 78.547321 | EX14: 74.817808
B15: 13 | C15: =G14 -> 1847.92 | D15: 0 | E15: =F15+'RAW MILL 2'!F15 -> 46 | F15: 42 | G15: =C15+D15-E15 -> 1801.92 | H15: =K14 -> 1269.94 | I15: =Production2!N15+Production2!Q15 -> 1955.28 | J15: =Production2!K15 -> 2021.2 | K15: =H15+I15-J15 -> 1204.02 | L15: =Q14 -> 0 | M15: 0 | N15: =CPP!D15 -> 0 | O15: 0 | P15: =N15+O15 -> 0 | Q15: =L15+M15-O15-N15 -> 0 | R15: =W14 -> 0 | S15: 0 | T15: =CPP!E15 -> 0 | U15: 0 | V15: =T15+U15 -> 0 | W15: =R15+S15-V15 -> 0 | X15: =AB14 -> 776.37 | Y15: 0 | Z15: =CPP!H15 -> 0 | AA15: 242.22 | AB15: =X15+Y15-AA15-Z15 -> 534.15 | AC15: =AF14 -> 0 | AD15: 0 | AE15: 0 | AF15: =AC15+AD15-AE15 -> 0 | AG15: =AK14 -> 4037.02 | AH15: 0 | AI15: 0 | AJ15: =CPP!G15 -> 126 | AK15: =AG15+AH15-AI15-AJ15 -> 3911.02 | AL15: =AO14 -> 0 | AM15: 0 | AN15: 0 | AO15: =AL15+AM15-AN15 -> 0 | AP15: =AT14 -> 0 | AQ15: 0 | AR15: 0 | AS15: =CPP!I15 -> 0 | AT15: =AP15+AQ15-AR15-AS15 -> 0 | AU15: =AY14 -> 0 | AV15: 0 | AW15: 0 | AX15: =CPP!J15 -> 0 | AY15: =AU15+AV15-AW15-AX15 -> 0 | AZ15: =BD14 -> 2482.887 | BA15: 0 | BB15: 0 | BC15: =CPP!K15 -> 0 | BD15: =AZ15+BA15-BB15-BC15 -> 2482.887 | BE15: =BI14 -> 0 | BF15: 0 | BG15: 0 | BH15: =CPP!L15 -> 0 | BI15: =BE15+BF15-BG15-BH15 -> 0 | BJ15: =BN14 -> 0 | BK15: 0 | BL15: 0 | BM15: =CPP!M15 -> 0 | BN15: =BJ15+BK15-BL15-BM15 -> 0 | BO15: =BS14 -> 0 | BP15: 0 | BQ15: 0 | BR15: =CPP!N15 -> 0 | BS15: =BO15+BP15-BQ15-BR15 -> 0 | BT15: =BX14 -> 0 | BU15: 0 | BV15: 0 | BW15: =CPP!O15 -> 0 | BX15: =BT15+BU15-BV15-BW15 -> 0 | BY15: =CC14 -> 0 | BZ15: 0 | CA15: 0 | CC15: =BY15+BZ15-CA15-CB15 -> 0 | CD15: =CH14 -> 0 | CE15: 0 | CF15: 0 | CG15: =CPP!P15 -> 0 | CH15: =CD15+CE15-CF15-CG15 -> 0 | CI15: =CM14 -> 0 | CJ15: 0 | CK15: 0 | CL15: =CPP!Q15 -> 0 | CM15: =CI15+CJ15-CK15-CL15 -> 0 | CN15: =CR14 -> 0.05 | CO15: 0 | CP15: 0 | CQ15: =CPP!R15 -> 0 | CR15: =CN15+CO15-CP15-CQ15 -> 0.05 | CS15: =CW14 -> 0 | CT15: 0 | CU15: 0 | CV15: =CPP!S15 -> 0 | CW15: =CS15+CT15-CU15-CV15 -> 0 | CX15: =DB14 -> 0 | CY15: 0 | CZ15: 0 | DA15: =CPP!T15 -> 0 | DB15: =CX15+CY15-CZ15-DA15 -> 0 | DC15: =DG14 -> 0.01 | DD15: 0 | DE15: 0 | DF15: =CPP!U15 -> 0 | DG15: =DC15+DD15-DE15-DF15 -> 0.01 | DH15: =DL14 -> 0 | DI15: 0 | DJ15: 0 | DK15: =CPP!V15 -> 0 | DL15: =DH15+DI15-DJ15-DK15 -> 0 | DM15: =DQ14 -> 304 | DN15: 0 | DO15: 0 | DP15: =CPP!W15 -> 0 | DQ15: =DM15+DN15-DO15-DP15 -> 304 | DR15: =DV14 -> 0.01 | DS15: 0 | DT15: 0 | DU15: =CPP!X15 -> 0 | DV15: =DR15+DS15-DT15-DU15 -> 0.01 | DW15: =EA14 -> 0 | DX15: 0 | DY15: 0 | DZ15: =CPP!Y15 -> 0 | EA15: =DW15+DX15-DY15-DZ15 -> 0 | EB15: =L15+AP15+AU15+AZ15+BE15+BJ15+BT15+BY15+CD15+CI15+CS15+CX15+DC15+DH15+DM15+DW15+X15+DR15 -> 3563.277 | EC15: =M15+Y15+AM15+AQ15+AV15+BA15+BF15+BK15+BP15+BU15+BZ15+CT15+CY15+DD15+DI15+DN15+DX15+DS15 -> 0 | ED15: =O15+AA15+AN15+AR15+AW15+BB15+BG15+BL15+BQ15+BV15+CA15+CU15+CZ15+DE15+DJ15+DO15+DY15+DT15+AI15 -> 242.22 | EE15: =EB15+EC15-ED15-N15-Z15-AS15-AX15-BC15-BH15-BM15-BR15-BW15-CV15-DA15-DF15-DK15-DP15-DZ15-DU15 -> 3321.057 | EF15: =R15+AC15+AG15+AL15+CN15 -> 4037.07 | EG15: =S15+AD15+AH15+CE15+CJ15+CO15 -> 0 | EH15: =CPP!D15+CPP!E15+CPP!F15+CPP!G15+CPP!H15+CPP!I15+CPP!J15+CPP!K15+CPP!L15+CPP!M15+CPP!N15+CPP!O15+CPP!P15+CPP!Q15+CPP!R15+CPP!S15+DA15+DF15+DK15+CPP!W15+DU15 -> 126 | EI15: =EF15+EG15-CPP!G15-CPP!E15-CPP!F15-CPP!P15-CPP!Q15-CL15-CQ15-DU15 -> 3911.07 | EJ15: =EM14 -> 23403.44 | EK15: 1304 | EL15: ='Daily CEM-1'!AG16+'Daily CEM - 2'!AF16-EQ15 -> 2171.603 | EM15: =EJ15+EK15-EL15-EN15 -> 22535.837 | EN15: 0 | EO15: =ER14 -> 5306.109 | EP15: 0 | EQ15: 0 | ER15: =EO15+EP15-EQ15 -> 5306.109 | ES15: =ET15-EP15 -> 0 | EU15: =EL15+EQ15 -> 2171.603 | EV15: =EL15+EQ15 -> 2171.603 | EW15: =(EU15/Production2!CG15)*100 -> 77.779477 | EX15: 76.586364
B16: 14 | C16: =G15 -> 1801.92 | D16: 0 | E16: =F16+'RAW MILL 2'!F16 -> 61 | F16: 56 | G16: =C16+D16-E16 -> 1740.92 | H16: =K15 -> 1204.02 | I16: =Production2!N16+Production2!Q16 -> 2022.33 | J16: =Production2!K16 -> 2022.75 | K16: =H16+I16-J16 -> 1203.6 | L16: =Q15 -> 0 | M16: 0 | N16: =CPP!D16 -> 0 | O16: 0 | P16: =N16+O16 -> 0 | Q16: =L16+M16-O16-N16 -> 0 | R16: =W15 -> 0 | S16: 0 | T16: =CPP!E16 -> 0 | U16: 0 | V16: =T16+U16 -> 0 | W16: =R16+S16-V16 -> 0 | X16: =AB15 -> 534.15 | Y16: 0 | Z16: =CPP!H16 -> 0 | AA16: 227.78 | AB16: =X16+Y16-AA16-Z16 -> 306.37 | AC16: =AF15 -> 0 | AD16: 0 | AE16: 0 | AF16: =AC16+AD16-AE16 -> 0 | AG16: =AK15 -> 3911.02 | AH16: 0 | AI16: 0 | AJ16: =CPP!G16 -> 130 | AK16: =AG16+AH16-AI16-AJ16 -> 3781.02 | AL16: =AO15 -> 0 | AM16: 0 | AN16: 0 | AO16: =AL16+AM16-AN16 -> 0 | AP16: =AT15 -> 0 | AQ16: 0 | AR16: 0 | AS16: =CPP!I16 -> 0 | AT16: =AP16+AQ16-AR16-AS16 -> 0 | AU16: =AY15 -> 0 | AV16: 0 | AW16: 0 | AX16: =CPP!J16 -> 0 | AY16: =AU16+AV16-AW16-AX16 -> 0 | AZ16: =BD15 -> 2482.887 | BA16: 0 | BB16: 0 | BC16: =CPP!K16 -> 0 | BD16: =AZ16+BA16-BB16-BC16 -> 2482.887 | BE16: =BI15 -> 0 | BF16: 0 | BG16: 0 | BH16: =CPP!L16 -> 0 | BI16: =BE16+BF16-BG16-BH16 -> 0 | BJ16: =BN15 -> 0 | BK16: 0 | BL16: 0 | BM16: =CPP!M16 -> 0 | BN16: =BJ16+BK16-BL16-BM16 -> 0 | BO16: =BS15 -> 0 | BP16: 0 | BQ16: 0 | BR16: =CPP!N16 -> 0 | BS16: =BO16+BP16-BQ16-BR16 -> 0 | BT16: =BX15 -> 0 | BU16: 0 | BV16: 0 | BW16: =CPP!O16 -> 0 | BX16: =BT16+BU16-BV16-BW16 -> 0 | BY16: =CC15 -> 0 | BZ16: 0 | CA16: 0 | CC16: =BY16+BZ16-CA16-CB16 -> 0 | CD16: =CH15 -> 0 | CE16: 0 | CF16: 0 | CG16: =CPP!P16 -> 0 | CH16: =CD16+CE16-CF16-CG16 -> 0 | CI16: =CM15 -> 0 | CJ16: 0 | CK16: 0 | CL16: =CPP!Q16 -> 0 | CM16: =CI16+CJ16-CK16-CL16 -> 0 | CN16: =CR15 -> 0.05 | CO16: 0 | CP16: 0 | CQ16: =CPP!R16 -> 0 | CR16: =CN16+CO16-CP16-CQ16 -> 0.05 | CS16: =CW15 -> 0 | CT16: 0 | CU16: 0 | CV16: =CPP!S16 -> 0 | CW16: =CS16+CT16-CU16-CV16 -> 0 | CX16: =DB15 -> 0 | CY16: 0 | CZ16: 0 | DA16: =CPP!T16 -> 0 | DB16: =CX16+CY16-CZ16-DA16 -> 0 | DC16: =DG15 -> 0.01 | DD16: 0 | DE16: 0 | DF16: =CPP!U16 -> 0 | DG16: =DC16+DD16-DE16-DF16 -> 0.01 | DH16: =DL15 -> 0 | DI16: 0 | DJ16: 0 | DK16: =CPP!V16 -> 0 | DL16: =DH16+DI16-DJ16-DK16 -> 0 | DM16: =DQ15 -> 304 | DN16: 0 | DO16: 0 | DP16: =CPP!W16 -> 0 | DQ16: =DM16+DN16-DO16-DP16 -> 304 | DR16: =DV15 -> 0.01 | DS16: 0 | DT16: 0 | DU16: =CPP!X16 -> 0 | DV16: =DR16+DS16-DT16-DU16 -> 0.01 | DW16: =EA15 -> 0 | DX16: 0 | DY16: 0 | DZ16: =CPP!Y16 -> 0 | EA16: =DW16+DX16-DY16-DZ16 -> 0 | EB16: =L16+AP16+AU16+AZ16+BE16+BJ16+BT16+BY16+CD16+CI16+CS16+CX16+DC16+DH16+DM16+DW16+X16+DR16 -> 3321.057 | EC16: =M16+Y16+AM16+AQ16+AV16+BA16+BF16+BK16+BP16+BU16+BZ16+CT16+CY16+DD16+DI16+DN16+DX16+DS16 -> 0 | ED16: =O16+AA16+AN16+AR16+AW16+BB16+BG16+BL16+BQ16+BV16+CA16+CU16+CZ16+DE16+DJ16+DO16+DY16+DT16+AI16 -> 227.78 | EE16: =EB16+EC16-ED16-N16-Z16-AS16-AX16-BC16-BH16-BM16-BR16-BW16-CV16-DA16-DF16-DK16-DP16-DZ16-DU16 -> 3093.277 | EF16: =R16+AC16+AG16+AL16+CN16 -> 3911.07 | EG16: =S16+AD16+AH16+CE16+CJ16+CO16 -> 0 | EH16: =CPP!D16+CPP!E16+CPP!F16+CPP!G16+CPP!H16+CPP!I16+CPP!J16+CPP!K16+CPP!L16+CPP!M16+CPP!N16+CPP!O16+CPP!P16+CPP!Q16+CPP!R16+CPP!S16+DA16+DF16+DK16+CPP!W16+DU16 -> 130 | EI16: =EF16+EG16-CPP!G16-CPP!E16-CPP!F16-CPP!P16-CPP!Q16-CL16-CQ16-DU16 -> 3781.07 | EJ16: =EM15 -> 22535.837 | EK16: 1305 | EL16: ='Daily CEM-1'!AG17+'Daily CEM - 2'!AF17-EQ16 -> 2083.58 | EM16: =EJ16+EK16-EL16-EN16 -> 21757.257 | EN16: 0 | EO16: =ER15 -> 5306.109 | EP16: 0 | EQ16: 0 | ER16: =EO16+EP16-EQ16 -> 5306.109 | ES16: =ET16-EP16 -> 0 | EU16: =EL16+EQ16 -> 2083.58 | EW16: =(EU16/Production2!CG16)*100 -> 78.477589 | EX16: 75.618219
B17: 15 | C17: =G16 -> 1740.92 | D17: 0 | E17: =F17+'RAW MILL 2'!F17 -> 63 | F17: 61 | G17: =C17+D17-E17 -> 1677.92 | H17: =K16 -> 1203.6 | I17: =Production2!N17+Production2!Q17 -> 2311.29 | J17: =Production2!K17 -> 2092.5 | K17: =H17+I17-J17 -> 1422.39 | L17: =Q16 -> 0 | M17: 0 | N17: =CPP!D17 -> 0 | O17: 0 | P17: =N17+O17 -> 0 | Q17: =L17+M17-O17-N17 -> 0 | R17: =W16 -> 0 | S17: 0 | T17: =CPP!E17 -> 0 | U17: 0 | V17: =T17+U17 -> 0 | W17: =R17+S17-V17 -> 0 | X17: =AB16 -> 306.37 | Y17: 0 | Z17: =CPP!H17 -> 0 | AA17: 205.23 | AB17: =X17+Y17-AA17-Z17 -> 101.14 | AC17: =AF16 -> 0 | AD17: 0 | AE17: 0 | AF17: =AC17+AD17-AE17 -> 0 | AG17: =AK16 -> 3781.02 | AH17: 764.75 | AI17: 0 | AJ17: =CPP!G17 -> 147 | AK17: =AG17+AH17-AI17-AJ17 -> 4398.77 | AL17: =AO16 -> 0 | AM17: 0 | AN17: 0 | AO17: =AL17+AM17-AN17 -> 0 | AP17: =AT16 -> 0 | AQ17: 0 | AR17: 0 | AS17: =CPP!I17 -> 0 | AT17: =AP17+AQ17-AR17-AS17 -> 0 | AU17: =AY16 -> 0 | AV17: 0 | AW17: 0 | AX17: =CPP!J17 -> 0 | AY17: =AU17+AV17-AW17-AX17 -> 0 | AZ17: =BD16 -> 2482.887 | BA17: 155.24 | BB17: 0 | BC17: =CPP!K17 -> 0 | BD17: =AZ17+BA17-BB17-BC17 -> 2638.127 | BE17: =BI16 -> 0 | BF17: 0 | BG17: 0 | BH17: =CPP!L17 -> 0 | BI17: =BE17+BF17-BG17-BH17 -> 0 | BJ17: =BN16 -> 0 | BK17: 0 | BL17: 0 | BM17: =CPP!M17 -> 0 | BN17: =BJ17+BK17-BL17-BM17 -> 0 | BO17: =BS16 -> 0 | BP17: 0 | BQ17: 0 | BR17: =CPP!N17 -> 0 | BS17: =BO17+BP17-BQ17-BR17 -> 0 | BT17: =BX16 -> 0 | BU17: 0 | BV17: 0 | BW17: =CPP!O17 -> 0 | BX17: =BT17+BU17-BV17-BW17 -> 0 | BY17: =CC16 -> 0 | BZ17: 0 | CA17: 0 | CC17: =BY17+BZ17-CA17-CB17 -> 0 | CD17: =CH16 -> 0 | CE17: 0 | CF17: 0 | CG17: =CPP!P17 -> 0 | CH17: =CD17+CE17-CF17-CG17 -> 0 | CI17: =CM16 -> 0 | CJ17: 0 | CK17: 0 | CL17: =CPP!Q17 -> 0 | CM17: =CI17+CJ17-CK17-CL17 -> 0 | CN17: =CR16 -> 0.05 | CO17: 0 | CP17: 0 | CQ17: =CPP!R17 -> 0 | CR17: =CN17+CO17-CP17-CQ17 -> 0.05 | CS17: =CW16 -> 0 | CT17: 0 | CU17: 0 | CV17: =CPP!S17 -> 0 | CW17: =CS17+CT17-CU17-CV17 -> 0 | CX17: =DB16 -> 0 | CY17: 0 | CZ17: 0 | DA17: =CPP!T17 -> 0 | DB17: =CX17+CY17-CZ17-DA17 -> 0 | DC17: =DG16 -> 0.01 | DD17: 0 | DE17: 0 | DF17: =CPP!U17 -> 0 | DG17: =DC17+DD17-DE17-DF17 -> 0.01 | DH17: =DL16 -> 0 | DI17: 0 | DJ17: 0 | DK17: =CPP!V17 -> 0 | DL17: =DH17+DI17-DJ17-DK17 -> 0 | DM17: =DQ16 -> 304 | DN17: 0 | DO17: 0 | DP17: =CPP!W17 -> 0 | DQ17: =DM17+DN17-DO17-DP17 -> 304 | DR17: =DV16 -> 0.01 | DS17: 0 | DT17: 0 | DU17: =CPP!X17 -> 0 | DV17: =DR17+DS17-DT17-DU17 -> 0.01 | DW17: =EA16 -> 0 | DX17: 0 | DY17: 0 | DZ17: =CPP!Y17 -> 0 | EA17: =DW17+DX17-DY17-DZ17 -> 0 | EB17: =L17+AP17+AU17+AZ17+BE17+BJ17+BT17+BY17+CD17+CI17+CS17+CX17+DC17+DH17+DM17+DW17+X17+DR17 -> 3093.277 | EC17: =M17+Y17+AM17+AQ17+AV17+BA17+BF17+BK17+BP17+BU17+BZ17+CT17+CY17+DD17+DI17+DN17+DX17+DS17 -> 155.24 | ED17: =O17+AA17+AN17+AR17+AW17+BB17+BG17+BL17+BQ17+BV17+CA17+CU17+CZ17+DE17+DJ17+DO17+DY17+DT17+AI17 -> 205.23 | EE17: =EB17+EC17-ED17-N17-Z17-AS17-AX17-BC17-BH17-BM17-BR17-BW17-CV17-DA17-DF17-DK17-DP17-DZ17-DU17 -> 3043.287 | EF17: =R17+AC17+AG17+AL17+CN17 -> 3781.07 | EG17: =S17+AD17+AH17+CE17+CJ17+CO17 -> 764.75 | EH17: =CPP!D17+CPP!E17+CPP!F17+CPP!G17+CPP!H17+CPP!I17+CPP!J17+CPP!K17+CPP!L17+CPP!M17+CPP!N17+CPP!O17+CPP!P17+CPP!Q17+CPP!R17+CPP!S17+DA17+DF17+DK17+CPP!W17+DU17 -> 147 | EI17: =EF17+EG17-CPP!G17-CPP!E17-CPP!F17-CPP!P17-CPP!Q17-CL17-CQ17-DU17 -> 4398.82 | EJ17: =EM16 -> 21757.257 | EK17: 1350 | EL17: ='Daily CEM-1'!AG18+'Daily CEM - 2'!AF18-EQ17 -> 1585.133 | EM17: =EJ17+EK17-EL17-EN17 -> 21522.124 | EN17: 0 | EO17: =ER16 -> 5306.109 | EP17: 0 | EQ17: 361.535 | ER17: =EO17+EP17-EQ17 -> 4944.574 | ES17: =ET17-EP17 -> 3202.87 | ET17: 3202.87 | EU17: =EL17+EQ17 -> 1946.668 | EW17: =(EU17/Production2!CG17)*100 -> 79.100691 | EX17: 76.999896
B18: 16 | C18: =G17 -> 1677.92 | D18: 0 | E18: =F18+'RAW MILL 2'!F18 -> 72 | F18: 72 | G18: =C18+D18-E18 -> 1605.92 | H18: =K17 -> 1422.39 | I18: =Production2!N18+Production2!Q18 -> 2409.66 | J18: =Production2!K18 -> 2154.5 | K18: =H18+I18-J18 -> 1677.55 | L18: =Q17 -> 0 | M18: 0 | N18: =CPP!D18 -> 0 | O18: 0 | P18: =N18+O18 -> 0 | Q18: =L18+M18-O18-N18 -> 0 | R18: =W17 -> 0 | S18: 0 | T18: =CPP!E18 -> 0 | U18: 0 | V18: =T18+U18 -> 0 | W18: =R18+S18-V18 -> 0 | X18: =AB17 -> 101.14 | Y18: 0 | Z18: =CPP!H18 -> 0 | AA18: 101.1 | AB18: =X18+Y18-AA18-Z18 -> 0.04 | AC18: =AF17 -> 0 | AD18: 0 | AE18: 0 | AF18: =AC18+AD18-AE18 -> 0 | AG18: =AK17 -> 4398.77 | AH18: 124.25 | AI18: 0 | AJ18: =CPP!G18 -> 172 | AK18: =AG18+AH18-AI18-AJ18 -> 4351.02 | AL18: =AO17 -> 0 | AM18: 0 | AN18: 0 | AO18: =AL18+AM18-AN18 -> 0 | AP18: =AT17 -> 0 | AQ18: 0 | AR18: 0 | AS18: =CPP!I18 -> 0 | AT18: =AP18+AQ18-AR18-AS18 -> 0 | AU18: =AY17 -> 0 | AV18: 0 | AW18: 0 | AX18: =CPP!J18 -> 0 | AY18: =AU18+AV18-AW18-AX18 -> 0 | AZ18: =BD17 -> 2638.127 | BA18: 123.28 | BB18: 143.34 | BC18: =CPP!K18 -> 0 | BD18: =AZ18+BA18-BB18-BC18 -> 2618.067 | BE18: =BI17 -> 0 | BF18: 0 | BG18: 0 | BH18: =CPP!L18 -> 0 | BI18: =BE18+BF18-BG18-BH18 -> 0 | BJ18: =BN17 -> 0 | BK18: 0 | BL18: 0 | BM18: =CPP!M18 -> 0 | BN18: =BJ18+BK18-BL18-BM18 -> 0 | BO18: =BS17 -> 0 | BP18: 0 | BQ18: 0 | BR18: =CPP!N18 -> 0 | BS18: =BO18+BP18-BQ18-BR18 -> 0 | BT18: =BX17 -> 0 | BU18: 0 | BV18: 0 | BW18: =CPP!O18 -> 0 | BX18: =BT18+BU18-BV18-BW18 -> 0 | BY18: =CC17 -> 0 | BZ18: 0 | CA18: 0 | CC18: =BY18+BZ18-CA18-CB18 -> 0 | CD18: =CH17 -> 0 | CE18: 0 | CF18: 0 | CG18: =CPP!P18 -> 0 | CH18: =CD18+CE18-CF18-CG18 -> 0 | CI18: =CM17 -> 0 | CJ18: 0 | CK18: 0 | CL18: =CPP!Q18 -> 0 | CM18: =CI18+CJ18-CK18-CL18 -> 0 | CN18: =CR17 -> 0.05 | CO18: 0 | CP18: 0 | CQ18: =CPP!R18 -> 0 | CR18: =CN18+CO18-CP18-CQ18 -> 0.05 | CS18: =CW17 -> 0 | CT18: 0 | CU18: 0 | CV18: =CPP!S18 -> 0 | CW18: =CS18+CT18-CU18-CV18 -> 0 | CX18: =DB17 -> 0 | CY18: 0 | CZ18: 0 | DA18: =CPP!T18 -> 0 | DB18: =CX18+CY18-CZ18-DA18 -> 0 | DC18: =DG17 -> 0.01 | DD18: 0 | DE18: 0 | DF18: =CPP!U18 -> 0 | DG18: =DC18+DD18-DE18-DF18 -> 0.01 | DH18: =DL17 -> 0 | DI18: 0 | DJ18: 0 | DK18: =CPP!V18 -> 0 | DL18: =DH18+DI18-DJ18-DK18 -> 0 | DM18: =DQ17 -> 304 | DN18: 0 | DO18: 0 | DP18: =CPP!W18 -> 0 | DQ18: =DM18+DN18-DO18-DP18 -> 304 | DR18: =DV17 -> 0.01 | DS18: 0 | DT18: 0 | DU18: =CPP!X18 -> 0 | DV18: =DR18+DS18-DT18-DU18 -> 0.01 | DW18: =EA17 -> 0 | DX18: 0 | DY18: 0 | DZ18: =CPP!Y18 -> 0 | EA18: =DW18+DX18-DY18-DZ18 -> 0 | EB18: =L18+AP18+AU18+AZ18+BE18+BJ18+BT18+BY18+CD18+CI18+CS18+CX18+DC18+DH18+DM18+DW18+X18+DR18 -> 3043.287 | EC18: =M18+Y18+AM18+AQ18+AV18+BA18+BF18+BK18+BP18+BU18+BZ18+CT18+CY18+DD18+DI18+DN18+DX18+DS18 -> 123.28 | ED18: =O18+AA18+AN18+AR18+AW18+BB18+BG18+BL18+BQ18+BV18+CA18+CU18+CZ18+DE18+DJ18+DO18+DY18+DT18+AI18 -> 244.44 | EE18: =EB18+EC18-ED18-N18-Z18-AS18-AX18-BC18-BH18-BM18-BR18-BW18-CV18-DA18-DF18-DK18-DP18-DZ18-DU18 -> 2922.127 | EF18: =R18+AC18+AG18+AL18+CN18 -> 4398.82 | EG18: =S18+AD18+AH18+CE18+CJ18+CO18 -> 124.25 | EH18: =CPP!D18+CPP!E18+CPP!F18+CPP!G18+CPP!H18+CPP!I18+CPP!J18+CPP!K18+CPP!L18+CPP!M18+CPP!N18+CPP!O18+CPP!P18+CPP!Q18+CPP!R18+CPP!S18+DA18+DF18+DK18+CPP!W18+DU18 -> 172 | EI18: =EF18+EG18-CPP!G18-CPP!E18-CPP!F18-CPP!P18-CPP!Q18-CL18-CQ18-DU18 -> 4351.07 | EJ18: =EM17 -> 21522.124 | EK18: 1390 | EL18: ='Daily CEM-1'!AG19+'Daily CEM - 2'!AF19-EQ18 -> 1039.435 | EM18: =EJ18+EK18-EL18-EN18 -> 21872.689 | EN18: 0 | EO18: =ER17 -> 4944.574 | EP18: 0 | EQ18: 1259.094 | ER18: =EO18+EP18-EQ18 -> 3685.48 | ES18: =ET18-EP18 -> 789.98 | ET18: 789.98 | EU18: =EL18+EQ18 -> 2298.529 | EW18: =(EU18/Production2!CG18)*100 -> 79.259621 | EX18: 75.560657
B19: 17 | C19: =G18 -> 1605.92 | D19: 0 | E19: =F19+'RAW MILL 2'!F19 -> 47 | F19: 47 | G19: =C19+D19-E19 -> 1558.92 | H19: =K18 -> 1677.55 | I19: =Production2!N19+Production2!Q19 -> 1619.61 | J19: =Production2!K19 -> 2208.75 | K19: =H19+I19-J19 -> 1088.41 | L19: =Q18 -> 0 | M19: 0 | N19: =CPP!D19 -> 0 | O19: 0 | P19: =N19+O19 -> 0 | Q19: =L19+M19-O19-N19 -> 0 | R19: =W18 -> 0 | S19: 0 | T19: =CPP!E19 -> 0 | U19: 0 | V19: =T19+U19 -> 0 | W19: =R19+S19-V19 -> 0 | X19: =AB18 -> 0.04 | Y19: 0 | Z19: =CPP!H19 -> 0 | AA19: 0 | AB19: =X19+Y19-AA19-Z19 -> 0.04 | AC19: =AF18 -> 0 | AD19: 0 | AE19: 0 | AF19: =AC19+AD19-AE19 -> 0 | AG19: =AK18 -> 4351.02 | AH19: 32 | AI19: 0 | AJ19: =CPP!G19 -> 155 | AK19: =AG19+AH19-AI19-AJ19 -> 4228.02 | AL19: =AO18 -> 0 | AM19: 0 | AN19: 0 | AO19: =AL19+AM19-AN19 -> 0 | AP19: =AT18 -> 0 | AQ19: 0 | AR19: 0 | AS19: =CPP!I19 -> 0 | AT19: =AP19+AQ19-AR19-AS19 -> 0 | AU19: =AY18 -> 0 | AV19: 0 | AW19: 0 | AX19: =CPP!J19 -> 0 | AY19: =AU19+AV19-AW19-AX19 -> 0 | AZ19: =BD18 -> 2618.067 | BA19: 64.14 | BB19: 244.44 | BC19: =CPP!K19 -> 0 | BD19: =AZ19+BA19-BB19-BC19 -> 2437.767 | BE19: =BI18 -> 0 | BF19: 0 | BG19: 0 | BH19: =CPP!L19 -> 0 | BI19: =BE19+BF19-BG19-BH19 -> 0 | BJ19: =BN18 -> 0 | BK19: 0 | BL19: 0 | BM19: =CPP!M19 -> 0 | BN19: =BJ19+BK19-BL19-BM19 -> 0 | BO19: =BS18 -> 0 | BP19: 0 | BQ19: 0 | BR19: =CPP!N19 -> 0 | BS19: =BO19+BP19-BQ19-BR19 -> 0 | BT19: =BX18 -> 0 | BU19: 0 | BV19: 0 | BW19: =CPP!O19 -> 0 | BX19: =BT19+BU19-BV19-BW19 -> 0 | BY19: =CC18 -> 0 | BZ19: 0 | CA19: 0 | CC19: =BY19+BZ19-CA19-CB19 -> 0 | CD19: =CH18 -> 0 | CE19: 0 | CF19: 0 | CG19: =CPP!P19 -> 0 | CH19: =CD19+CE19-CF19-CG19 -> 0 | CI19: =CM18 -> 0 | CJ19: 0 | CK19: 0 | CL19: =CPP!Q19 -> 0 | CM19: =CI19+CJ19-CK19-CL19 -> 0 | CN19: =CR18 -> 0.05 | CO19: 0 | CP19: 0 | CQ19: =CPP!R19 -> 0 | CR19: =CN19+CO19-CP19-CQ19 -> 0.05 | CS19: =CW18 -> 0 | CT19: 0 | CU19: 0 | CV19: =CPP!S19 -> 0 | CW19: =CS19+CT19-CU19-CV19 -> 0 | CX19: =DB18 -> 0 | CY19: 0 | CZ19: 0 | DA19: =CPP!T19 -> 0 | DB19: =CX19+CY19-CZ19-DA19 -> 0 | DC19: =DG18 -> 0.01 | DD19: 0 | DE19: 0 | DF19: =CPP!U19 -> 0 | DG19: =DC19+DD19-DE19-DF19 -> 0.01 | DH19: =DL18 -> 0 | DI19: 0 | DJ19: 0 | DK19: =CPP!V19 -> 0 | DL19: =DH19+DI19-DJ19-DK19 -> 0 | DM19: =DQ18 -> 304 | DN19: 0 | DO19: 0 | DP19: =CPP!W19 -> 0 | DQ19: =DM19+DN19-DO19-DP19 -> 304 | DR19: =DV18 -> 0.01 | DS19: 0 | DT19: 0 | DU19: =CPP!X19 -> 0 | DV19: =DR19+DS19-DT19-DU19 -> 0.01 | DW19: =EA18 -> 0 | DX19: 0 | DY19: 0 | DZ19: =CPP!Y19 -> 0 | EA19: =DW19+DX19-DY19-DZ19 -> 0 | EB19: =L19+AP19+AU19+AZ19+BE19+BJ19+BT19+BY19+CD19+CI19+CS19+CX19+DC19+DH19+DM19+DW19+X19+DR19 -> 2922.127 | EC19: =M19+Y19+AM19+AQ19+AV19+BA19+BF19+BK19+BP19+BU19+BZ19+CT19+CY19+DD19+DI19+DN19+DX19+DS19 -> 64.14 | ED19: =O19+AA19+AN19+AR19+AW19+BB19+BG19+BL19+BQ19+BV19+CA19+CU19+CZ19+DE19+DJ19+DO19+DY19+DT19+AI19 -> 244.44 | EE19: =EB19+EC19-ED19-N19-Z19-AS19-AX19-BC19-BH19-BM19-BR19-BW19-CV19-DA19-DF19-DK19-DP19-DZ19-DU19 -> 2741.827 | EF19: =R19+AC19+AG19+AL19+CN19 -> 4351.07 | EG19: =S19+AD19+AH19+CE19+CJ19+CO19 -> 32 | EH19: =CPP!D19+CPP!E19+CPP!F19+CPP!G19+CPP!H19+CPP!I19+CPP!J19+CPP!K19+CPP!L19+CPP!M19+CPP!N19+CPP!O19+CPP!P19+CPP!Q19+CPP!R19+CPP!S19+DA19+DF19+DK19+CPP!W19+DU19 -> 155 | EI19: =EF19+EG19-CPP!G19-CPP!E19-CPP!F19-CPP!P19-CPP!Q19-CL19-CQ19-DU19 -> 4228.07 | EJ19: =EM18 -> 21872.689 | EK19: 1425 | EL19: ='Daily CEM-1'!AG20+'Daily CEM - 2'!AF20-EQ19 -> 976.728 | EM19: =EJ19+EK19-EL19-EN19 -> 22320.961 | EN19: 0 | EO19: =ER18 -> 3685.48 | EP19: 0 | EQ19: 1192.962 | ER19: =EO19+EP19-EQ19 -> 2492.518 | ES19: =ET19-EP19 -> 1597.29 | ET19: 1597.29 | EU19: =EL19+EQ19 -> 2169.69 | EW19: =(EU19/Production2!CG19)*100 -> 77.076021 | EX19: 71.967949
B20: 18 | C20: =G19 -> 1558.92 | D20: 0 | E20: =F20+'RAW MILL 2'!F20 -> 88 | F20: 88 | G20: =C20+D20-E20 -> 1470.92 | H20: =K19 -> 1088.41 | I20: =Production2!N20+Production2!Q20 -> 2080.74 | J20: =Production2!K20 -> 2092.5 | K20: =H20+I20-J20 -> 1076.65 | L20: =Q19 -> 0 | M20: 0 | N20: =CPP!D20 -> 0 | O20: 0 | P20: =N20+O20 -> 0 | Q20: =L20+M20-O20-N20 -> 0 | R20: =W19 -> 0 | S20: 0 | T20: =CPP!E20 -> 0 | U20: 0 | V20: =T20+U20 -> 0 | W20: =R20+S20-V20 -> 0 | X20: =AB19 -> 0.04 | Y20: 0 | Z20: =CPP!H20 -> 0 | AA20: 0 | AB20: =X20+Y20-AA20-Z20 -> 0.04 | AC20: =AF19 -> 0 | AD20: 0 | AE20: 0 | AF20: =AC20+AD20-AE20 -> 0 | AG20: =AK19 -> 4228.02 | AH20: 251.7 | AI20: 0 | AJ20: =CPP!G20 -> 164 | AK20: =AG20+AH20-AI20-AJ20 -> 4315.72 | AL20: =AO19 -> 0 | AM20: 0 | AN20: 0 | AO20: =AL20+AM20-AN20 -> 0 | AP20: =AT19 -> 0 | AQ20: 0 | AR20: 0 | AS20: =CPP!I20 -> 0 | AT20: =AP20+AQ20-AR20-AS20 -> 0 | AU20: =AY19 -> 0 | AV20: 0 | AW20: 0 | AX20: =CPP!J20 -> 0 | AY20: =AU20+AV20-AW20-AX20 -> 0 | AZ20: =BD19 -> 2437.767 | BA20: 186.46 | BB20: 237.78 | BC20: =CPP!K20 -> 0 | BD20: =AZ20+BA20-BB20-BC20 -> 2386.447 | BE20: =BI19 -> 0 | BF20: 0 | BG20: 0 | BH20: =CPP!L20 -> 0 | BI20: =BE20+BF20-BG20-BH20 -> 0 | BJ20: =BN19 -> 0 | BK20: 0 | BL20: 0 | BM20: =CPP!M20 -> 0 | BN20: =BJ20+BK20-BL20-BM20 -> 0 | BO20: =BS19 -> 0 | BP20: 0 | BQ20: 0 | BR20: =CPP!N20 -> 0 | BS20: =BO20+BP20-BQ20-BR20 -> 0 | BT20: =BX19 -> 0 | BU20: 0 | BV20: 0 | BW20: =CPP!O20 -> 0 | BX20: =BT20+BU20-BV20-BW20 -> 0 | BY20: =CC19 -> 0 | BZ20: 0 | CA20: 0 | CC20: =BY20+BZ20-CA20-CB20 -> 0 | CD20: =CH19 -> 0 | CE20: 0 | CF20: 0 | CG20: =CPP!P20 -> 0 | CH20: =CD20+CE20-CF20-CG20 -> 0 | CI20: =CM19 -> 0 | CJ20: 0 | CK20: 0 | CL20: =CPP!Q20 -> 0 | CM20: =CI20+CJ20-CK20-CL20 -> 0 | CN20: =CR19 -> 0.05 | CO20: 0 | CP20: 0 | CQ20: =CPP!R20 -> 0 | CR20: =CN20+CO20-CP20-CQ20 -> 0.05 | CS20: =CW19 -> 0 | CT20: 0 | CU20: 0 | CV20: =CPP!S20 -> 0 | CW20: =CS20+CT20-CU20-CV20 -> 0 | CX20: =DB19 -> 0 | CY20: 0 | CZ20: 0 | DA20: =CPP!T20 -> 0 | DB20: =CX20+CY20-CZ20-DA20 -> 0 | DC20: =DG19 -> 0.01 | DD20: 0 | DE20: 0 | DF20: =CPP!U20 -> 0 | DG20: =DC20+DD20-DE20-DF20 -> 0.01 | DH20: =DL19 -> 0 | DI20: 0 | DJ20: 0 | DK20: =CPP!V20 -> 0 | DL20: =DH20+DI20-DJ20-DK20 -> 0 | DM20: =DQ19 -> 304 | DN20: 0 | DO20: 0 | DP20: =CPP!W20 -> 0 | DQ20: =DM20+DN20-DO20-DP20 -> 304 | DR20: =DV19 -> 0.01 | DS20: 0 | DT20: 0 | DU20: =CPP!X20 -> 0 | DV20: =DR20+DS20-DT20-DU20 -> 0.01 | DW20: =EA19 -> 0 | DX20: 0 | DY20: 0 | DZ20: =CPP!Y20 -> 0 | EA20: =DW20+DX20-DY20-DZ20 -> 0 | EB20: =L20+AP20+AU20+AZ20+BE20+BJ20+BT20+BY20+CD20+CI20+CS20+CX20+DC20+DH20+DM20+DW20+X20+DR20 -> 2741.827 | EC20: =M20+Y20+AM20+AQ20+AV20+BA20+BF20+BK20+BP20+BU20+BZ20+CT20+CY20+DD20+DI20+DN20+DX20+DS20 -> 186.46 | ED20: =O20+AA20+AN20+AR20+AW20+BB20+BG20+BL20+BQ20+BV20+CA20+CU20+CZ20+DE20+DJ20+DO20+DY20+DT20+AI20 -> 237.78 | EE20: =EB20+EC20-ED20-N20-Z20-AS20-AX20-BC20-BH20-BM20-BR20-BW20-CV20-DA20-DF20-DK20-DP20-DZ20-DU20 -> 2690.507 | EF20: =R20+AC20+AG20+AL20+CN20 -> 4228.07 | EG20: =S20+AD20+AH20+CE20+CJ20+CO20 -> 251.7 | EH20: =CPP!D20+CPP!E20+CPP!F20+CPP!G20+CPP!H20+CPP!I20+CPP!J20+CPP!K20+CPP!L20+CPP!M20+CPP!N20+CPP!O20+CPP!P20+CPP!Q20+CPP!R20+CPP!S20+DA20+DF20+DK20+CPP!W20+DU20 -> 164 | EI20: =EF20+EG20-CPP!G20-CPP!E20-CPP!F20-CPP!P20-CPP!Q20-CL20-CQ20-DU20 -> 4315.77 | EJ20: =EM19 -> 22320.961 | EK20: 1350 | EL20: ='Daily CEM-1'!AG21+'Daily CEM - 2'!AF21-EQ20 -> 1172.358 | EM20: =EJ20+EK20-EL20-EN20 -> 22498.603 | EN20: 0 | EO20: =ER19 -> 2492.518 | EP20: 0 | EQ20: 1060.192 | ER20: =EO20+EP20-EQ20 -> 1432.326 | ES20: =ET20-EP20 -> 1322.99 | ET20: 1322.99 | EU20: =EL20+EQ20 -> 2232.55 | EW20: =(EU20/Production2!CG20)*100 -> 79.450178 | EX20: 73.707298
B21: 19 | C21: =G20 -> 1470.92 | D21: 0 | E21: =F21+'RAW MILL 2'!F21 -> 80 | F21: 80 | G21: =C21+D21-E21 -> 1390.92 | H21: =K20 -> 1076.65 | I21: =Production2!N21+Production2!Q21 -> 1893.3 | J21: =Production2!K21 -> 2069.25 | K21: =H21+I21-J21 -> 900.70002 | L21: =Q20 -> 0 | M21: 0 | N21: =CPP!D21 -> 0 | O21: 0 | P21: =N21+O21 -> 0 | Q21: =L21+M21-O21-N21 -> 0 | R21: =W20 -> 0 | S21: 0 | T21: =CPP!E21 -> 0 | U21: 0 | V21: =T21+U21 -> 0 | W21: =R21+S21-V21 -> 0 | X21: =AB20 -> 0.04 | Y21: 0 | Z21: =CPP!H21 -> 0 | AA21: 0 | AB21: =X21+Y21-AA21-Z21 -> 0.04 | AC21: =AF20 -> 0 | AD21: 0 | AE21: 0 | AF21: =AC21+AD21-AE21 -> 0 | AG21: =AK20 -> 4315.72 | AH21: 59.3 | AI21: 0 | AJ21: =CPP!G21 -> 172 | AK21: =AG21+AH21-AI21-AJ21 -> 4203.02 | AL21: =AO20 -> 0 | AM21: 0 | AN21: 0 | AO21: =AL21+AM21-AN21 -> 0 | AP21: =AT20 -> 0 | AQ21: 0 | AR21: 0 | AS21: =CPP!I21 -> 0 | AT21: =AP21+AQ21-AR21-AS21 -> 0 | AU21: =AY20 -> 0 | AV21: 0 | AW21: 0 | AX21: =CPP!J21 -> 0 | AY21: =AU21+AV21-AW21-AX21 -> 0 | AZ21: =BD20 -> 2386.447 | BA21: 120.74 | BB21: 236.67 | BC21: =CPP!K21 -> 0 | BD21: =AZ21+BA21-BB21-BC21 -> 2270.517 | BE21: =BI20 -> 0 | BF21: 0 | BG21: 0 | BH21: =CPP!L21 -> 0 | BI21: =BE21+BF21-BG21-BH21 -> 0 | BJ21: =BN20 -> 0 | BK21: 0 | BL21: 0 | BM21: =CPP!M21 -> 0 | BN21: =BJ21+BK21-BL21-BM21 -> 0 | BO21: =BS20 -> 0 | BP21: 0 | BQ21: 0 | BR21: =CPP!N21 -> 0 | BS21: =BO21+BP21-BQ21-BR21 -> 0 | BT21: =BX20 -> 0 | BU21: 0 | BV21: 0 | BW21: =CPP!O21 -> 0 | BX21: =BT21+BU21-BV21-BW21 -> 0 | BY21: =CC20 -> 0 | BZ21: 0 | CA21: 0 | CC21: =BY21+BZ21-CA21-CB21 -> 0 | CD21: =CH20 -> 0 | CE21: 0 | CF21: 0 | CG21: =CPP!P21 -> 0 | CH21: =CD21+CE21-CF21-CG21 -> 0 | CI21: =CM20 -> 0 | CJ21: 0 | CK21: 0 | CL21: =CPP!Q21 -> 0 | CM21: =CI21+CJ21-CK21-CL21 -> 0 | CN21: =CR20 -> 0.05 | CO21: 0 | CP21: 0 | CQ21: =CPP!R21 -> 0 | CR21: =CN21+CO21-CP21-CQ21 -> 0.05 | CS21: =CW20 -> 0 | CT21: 0 | CU21: 0 | CV21: =CPP!S21 -> 0 | CW21: =CS21+CT21-CU21-CV21 -> 0 | CX21: =DB20 -> 0 | CY21: 0 | CZ21: 0 | DA21: =CPP!T21 -> 0 | DB21: =CX21+CY21-CZ21-DA21 -> 0 | DC21: =DG20 -> 0.01 | DD21: 0 | DE21: 0 | DF21: =CPP!U21 -> 0 | DG21: =DC21+DD21-DE21-DF21 -> 0.01 | DH21: =DL20 -> 0 | DI21: 0 | DJ21: 0 | DK21: =CPP!V21 -> 0 | DL21: =DH21+DI21-DJ21-DK21 -> 0 | DM21: =DQ20 -> 304 | DN21: 0 | DO21: 0 | DP21: =CPP!W21 -> 0 | DQ21: =DM21+DN21-DO21-DP21 -> 304 | DR21: =DV20 -> 0.01 | DS21: 0 | DT21: 0 | DU21: =CPP!X21 -> 0 | DV21: =DR21+DS21-DT21-DU21 -> 0.01 | DW21: =EA20 -> 0 | DX21: 0 | DY21: 0 | DZ21: =CPP!Y21 -> 0 | EA21: =DW21+DX21-DY21-DZ21 -> 0 | EB21: =L21+AP21+AU21+AZ21+BE21+BJ21+BT21+BY21+CD21+CI21+CS21+CX21+DC21+DH21+DM21+DW21+X21+DR21 -> 2690.507 | EC21: =M21+Y21+AM21+AQ21+AV21+BA21+BF21+BK21+BP21+BU21+BZ21+CT21+CY21+DD21+DI21+DN21+DX21+DS21 -> 120.74 | ED21: =O21+AA21+AN21+AR21+AW21+BB21+BG21+BL21+BQ21+BV21+CA21+CU21+CZ21+DE21+DJ21+DO21+DY21+DT21+AI21 -> 236.67 | EE21: =EB21+EC21-ED21-N21-Z21-AS21-AX21-BC21-BH21-BM21-BR21-BW21-CV21-DA21-DF21-DK21-DP21-DZ21-DU21 -> 2574.577 | EF21: =R21+AC21+AG21+AL21+CN21 -> 4315.77 | EG21: =S21+AD21+AH21+CE21+CJ21+CO21 -> 59.3 | EH21: =CPP!D21+CPP!E21+CPP!F21+CPP!G21+CPP!H21+CPP!I21+CPP!J21+CPP!K21+CPP!L21+CPP!M21+CPP!N21+CPP!O21+CPP!P21+CPP!Q21+CPP!R21+CPP!S21+DA21+DF21+DK21+CPP!W21+DU21 -> 172 | EI21: =EF21+EG21-CPP!G21-CPP!E21-CPP!F21-CPP!P21-CPP!Q21-CL21-CQ21-DU21 -> 4203.07 | EJ21: =EM20 -> 22498.603 | EK21: 1335 | EL21: ='Daily CEM-1'!AG22+'Daily CEM - 2'!AF22-EQ21 -> 1332.003 | EM21: =EJ21+EK21-EL21-EN21 -> 22501.6 | EN21: 0 | EO21: =ER20 -> 1432.326 | EP21: 0 | EQ21: 1050.805 | ER21: =EO21+EP21-EQ21 -> 381.52101 | ES21: =ET21-EP21 -> 1142.58 | ET21: 1142.58 | EU21: =EL21+EQ21 -> 2382.808 | EW21: =(EU21/Production2!CG21)*100 -> 79.96 | EX21: 76.916376
B22: 20 | C22: =G21 -> 1390.92 | D22: 0 | E22: =F22+'RAW MILL 2'!F22 -> 68 | F22: 68 | G22: =C22+D22-E22 -> 1322.92 | H22: =K21 -> 900.70002 | I22: =Production2!N22+Production2!Q22 -> 1612.14 | J22: =Production2!K22 -> 1968.5 | K22: =H22+I22-J22 -> 544.34002 | L22: =Q21 -> 0 | M22: 0 | N22: =CPP!D22 -> 0 | O22: 0 | P22: =N22+O22 -> 0 | Q22: =L22+M22-O22-N22 -> 0 | R22: =W21 -> 0 | S22: 0 | T22: =CPP!E22 -> 0 | U22: 0 | V22: =T22+U22 -> 0 | W22: =R22+S22-V22 -> 0 | X22: =AB21 -> 0.04 | Y22: 0 | Z22: =CPP!H22 -> 0 | AA22: 0 | AB22: =X22+Y22-AA22-Z22 -> 0.04 | AC22: =AF21 -> 0 | AD22: 0 | AE22: 0 | AF22: =AC22+AD22-AE22 -> 0 | AG22: =AK21 -> 4203.02 | AH22: 0 | AI22: 0 | AJ22: =CPP!G22 -> 171 | AK22: =AG22+AH22-AI22-AJ22 -> 4032.02 | AL22: =AO21 -> 0 | AM22: 0 | AN22: 0 | AO22: =AL22+AM22-AN22 -> 0 | AP22: =AT21 -> 0 | AQ22: 0 | AR22: 0 | AS22: =CPP!I22 -> 0 | AT22: =AP22+AQ22-AR22-AS22 -> 0 | AU22: =AY21 -> 0 | AV22: 0 | AW22: 0 | AX22: =CPP!J22 -> 0 | AY22: =AU22+AV22-AW22-AX22 -> 0 | AZ22: =BD21 -> 2270.517 | BA22: 0 | BB22: 227.78 | BC22: =CPP!K22 -> 0 | BD22: =AZ22+BA22-BB22-BC22 -> 2042.737 | BE22: =BI21 -> 0 | BF22: 0 | BG22: 0 | BH22: =CPP!L22 -> 0 | BI22: =BE22+BF22-BG22-BH22 -> 0 | BJ22: =BN21 -> 0 | BK22: 0 | BL22: 0 | BM22: =CPP!M22 -> 0 | BN22: =BJ22+BK22-BL22-BM22 -> 0 | BO22: =BS21 -> 0 | BP22: 0 | BQ22: 0 | BR22: =CPP!N22 -> 0 | BS22: =BO22+BP22-BQ22-BR22 -> 0 | BT22: =BX21 -> 0 | BU22: 0 | BV22: 0 | BW22: =CPP!O22 -> 0 | BX22: =BT22+BU22-BV22-BW22 -> 0 | BY22: =CC21 -> 0 | BZ22: 0 | CA22: 0 | CC22: =BY22+BZ22-CA22-CB22 -> 0 | CD22: =CH21 -> 0 | CE22: 0 | CF22: 0 | CG22: =CPP!P22 -> 0 | CH22: =CD22+CE22-CF22-CG22 -> 0 | CI22: =CM21 -> 0 | CJ22: 0 | CK22: 0 | CL22: =CPP!Q22 -> 0 | CM22: =CI22+CJ22-CK22-CL22 -> 0 | CN22: =CR21 -> 0.05 | CO22: 0 | CP22: 0 | CQ22: =CPP!R22 -> 0 | CR22: =CN22+CO22-CP22-CQ22 -> 0.05 | CS22: =CW21 -> 0 | CT22: 0 | CU22: 0 | CV22: =CPP!S22 -> 0 | CW22: =CS22+CT22-CU22-CV22 -> 0 | CX22: =DB21 -> 0 | CY22: 0 | CZ22: 0 | DA22: =CPP!T22 -> 0 | DB22: =CX22+CY22-CZ22-DA22 -> 0 | DC22: =DG21 -> 0.01 | DD22: 0 | DE22: 0 | DF22: =CPP!U22 -> 0 | DG22: =DC22+DD22-DE22-DF22 -> 0.01 | DH22: =DL21 -> 0 | DI22: 0 | DJ22: 0 | DK22: =CPP!V22 -> 0 | DL22: =DH22+DI22-DJ22-DK22 -> 0 | DM22: =DQ21 -> 304 | DN22: 0 | DO22: 0 | DP22: =CPP!W22 -> 0 | DQ22: =DM22+DN22-DO22-DP22 -> 304 | DR22: =DV21 -> 0.01 | DS22: 0 | DT22: 0 | DU22: =CPP!X22 -> 0 | DV22: =DR22+DS22-DT22-DU22 -> 0.01 | DW22: =EA21 -> 0 | DX22: 0 | DY22: 0 | DZ22: =CPP!Y22 -> 0 | EA22: =DW22+DX22-DY22-DZ22 -> 0 | EB22: =L22+AP22+AU22+AZ22+BE22+BJ22+BT22+BY22+CD22+CI22+CS22+CX22+DC22+DH22+DM22+DW22+X22+DR22 -> 2574.577 | EC22: =M22+Y22+AM22+AQ22+AV22+BA22+BF22+BK22+BP22+BU22+BZ22+CT22+CY22+DD22+DI22+DN22+DX22+DS22 -> 0 | ED22: =O22+AA22+AN22+AR22+AW22+BB22+BG22+BL22+BQ22+BV22+CA22+CU22+CZ22+DE22+DJ22+DO22+DY22+DT22+AI22 -> 227.78 | EE22: =EB22+EC22-ED22-N22-Z22-AS22-AX22-BC22-BH22-BM22-BR22-BW22-CV22-DA22-DF22-DK22-DP22-DZ22-DU22 -> 2346.797 | EF22: =R22+AC22+AG22+AL22+CN22 -> 4203.07 | EG22: =S22+AD22+AH22+CE22+CJ22+CO22 -> 0 | EH22: =CPP!D22+CPP!E22+CPP!F22+CPP!G22+CPP!H22+CPP!I22+CPP!J22+CPP!K22+CPP!L22+CPP!M22+CPP!N22+CPP!O22+CPP!P22+CPP!Q22+CPP!R22+CPP!S22+DA22+DF22+DK22+CPP!W22+DU22 -> 171 | EI22: =EF22+EG22-CPP!G22-CPP!E22-CPP!F22-CPP!P22-CPP!Q22-CL22-CQ22-DU22 -> 4032.07 | EJ22: =EM21 -> 22501.6 | EK22: 1270 | EL22: ='Daily CEM-1'!AG23+'Daily CEM - 2'!AF23-EQ22 -> 2446.567 | EM22: =EJ22+EK22-EL22-EN22 -> 21325.033 | EN22: 0 | EO22: =ER21 -> 381.52101 | EP22: 0 | EQ22: 0 | ER22: =EO22+EP22-EQ22 -> 381.52101 | ES22: =ET22-EP22 -> 1111.95 | ET22: 1111.95 | EU22: =EL22+EQ22 -> 2446.567 | EW22: =(EU22/Production2!CG22)*100 -> 81.389455 | EX22: 77.484194
B23: 21 | C23: =G22 -> 1322.92 | D23: 0 | E23: =F23+'RAW MILL 2'!F23 -> 42 | F23: 42 | G23: =C23+D23-E23 -> 1280.92 | H23: =K22 -> 544.34002 | I23: =Production2!N23+Production2!Q23 -> 1809.96 | J23: =Production2!K23 -> 1798 | K23: =H23+I23-J23 -> 556.30002 | L23: =Q22 -> 0 | M23: 0 | N23: =CPP!D23 -> 0 | O23: 0 | P23: =N23+O23 -> 0 | Q23: =L23+M23-O23-N23 -> 0 | R23: =W22 -> 0 | S23: 0 | T23: =CPP!E23 -> 0 | U23: 0 | V23: =T23+U23 -> 0 | W23: =R23+S23-V23 -> 0 | X23: =AB22 -> 0.04 | Y23: 0 | Z23: =CPP!H23 -> 0 | AA23: 0 | AB23: =X23+Y23-AA23-Z23 -> 0.04 | AC23: =AF22 -> 0 | AD23: 0 | AE23: 0 | AF23: =AC23+AD23-AE23 -> 0 | AG23: =AK22 -> 4032.02 | AH23: 0 | AI23: 0 | AJ23: =CPP!G23 -> 144 | AK23: =AG23+AH23-AI23-AJ23 -> 3888.02 | AL23: =AO22 -> 0 | AM23: 0 | AN23: 0 | AO23: =AL23+AM23-AN23 -> 0 | AP23: =AT22 -> 0 | AQ23: 0 | AR23: 0 | AS23: =CPP!I23 -> 0 | AT23: =AP23+AQ23-AR23-AS23 -> 0 | AU23: =AY22 -> 0 | AV23: 0 | AW23: 0 | AX23: =CPP!J23 -> 0 | AY23: =AU23+AV23-AW23-AX23 -> 0 | AZ23: =BD22 -> 2042.737 | BA23: 0 | BB23: 211.11 | BC23: =CPP!K23 -> 0 | BD23: =AZ23+BA23-BB23-BC23 -> 1831.627 | BE23: =BI22 -> 0 | BF23: 0 | BG23: 0 | BH23: =CPP!L23 -> 0 | BI23: =BE23+BF23-BG23-BH23 -> 0 | BJ23: =BN22 -> 0 | BK23: 0 | BL23: 0 | BM23: =CPP!M23 -> 0 | BN23: =BJ23+BK23-BL23-BM23 -> 0 | BO23: =BS22 -> 0 | BP23: 0 | BQ23: 0 | BR23: =CPP!N23 -> 0 | BS23: =BO23+BP23-BQ23-BR23 -> 0 | BT23: =BX22 -> 0 | BU23: 0 | BV23: 0 | BW23: =CPP!O23 -> 0 | BX23: =BT23+BU23-BV23-BW23 -> 0 | BY23: =CC22 -> 0 | BZ23: 0 | CA23: 0 | CC23: =BY23+BZ23-CA23-CB23 -> 0 | CD23: =CH22 -> 0 | CE23: 0 | CF23: 0 | CG23: =CPP!P23 -> 0 | CH23: =CD23+CE23-CF23-CG23 -> 0 | CI23: =CM22 -> 0 | CJ23: 0 | CK23: 0 | CL23: =CPP!Q23 -> 0 | CM23: =CI23+CJ23-CK23-CL23 -> 0 | CN23: =CR22 -> 0.05 | CO23: 0 | CP23: 0 | CQ23: =CPP!R23 -> 0 | CR23: =CN23+CO23-CP23-CQ23 -> 0.05 | CS23: =CW22 -> 0 | CT23: 0 | CU23: 0 | CV23: =CPP!S23 -> 0 | CW23: =CS23+CT23-CU23-CV23 -> 0 | CX23: =DB22 -> 0 | CY23: 0 | CZ23: 0 | DA23: =CPP!T23 -> 0 | DB23: =CX23+CY23-CZ23-DA23 -> 0 | DC23: =DG22 -> 0.01 | DD23: 0 | DE23: 0 | DF23: =CPP!U23 -> 0 | DG23: =DC23+DD23-DE23-DF23 -> 0.01 | DH23: =DL22 -> 0 | DI23: 0 | DJ23: 0 | DK23: =CPP!V23 -> 0 | DL23: =DH23+DI23-DJ23-DK23 -> 0 | DM23: =DQ22 -> 304 | DN23: 0 | DO23: 0 | DP23: =CPP!W23 -> 0 | DQ23: =DM23+DN23-DO23-DP23 -> 304 | DR23: =DV22 -> 0.01 | DS23: 0 | DT23: 0 | DU23: =CPP!X23 -> 0 | DV23: =DR23+DS23-DT23-DU23 -> 0.01 | DW23: =EA22 -> 0 | DX23: 0 | DY23: 0 | DZ23: =CPP!Y23 -> 0 | EA23: =DW23+DX23-DY23-DZ23 -> 0 | EB23: =L23+AP23+AU23+AZ23+BE23+BJ23+BT23+BY23+CD23+CI23+CS23+CX23+DC23+DH23+DM23+DW23+X23+DR23 -> 2346.797 | EC23: =M23+Y23+AM23+AQ23+AV23+BA23+BF23+BK23+BP23+BU23+BZ23+CT23+CY23+DD23+DI23+DN23+DX23+DS23 -> 0 | ED23: =O23+AA23+AN23+AR23+AW23+BB23+BG23+BL23+BQ23+BV23+CA23+CU23+CZ23+DE23+DJ23+DO23+DY23+DT23+AI23 -> 211.11 | EE23: =EB23+EC23-ED23-N23-Z23-AS23-AX23-BC23-BH23-BM23-BR23-BW23-CV23-DA23-DF23-DK23-DP23-DZ23-DU23 -> 2135.687 | EF23: =R23+AC23+AG23+AL23+CN23 -> 4032.07 | EG23: =S23+AD23+AH23+CE23+CJ23+CO23 -> 0 | EH23: =CPP!D23+CPP!E23+CPP!F23+CPP!G23+CPP!H23+CPP!I23+CPP!J23+CPP!K23+CPP!L23+CPP!M23+CPP!N23+CPP!O23+CPP!P23+CPP!Q23+CPP!R23+CPP!S23+DA23+DF23+DK23+CPP!W23+DU23 -> 144 | EI23: =EF23+EG23-CPP!G23-CPP!E23-CPP!F23-CPP!P23-CPP!Q23-CL23-CQ23-DU23 -> 3888.07 | EJ23: =EM22 -> 21325.033 | EK23: 1160 | EL23: ='Daily CEM-1'!AG24+'Daily CEM - 2'!AF24-EQ23 -> 2192.277 | EM23: =EJ23+EK23-EL23-EN23 -> 20292.756 | EN23: 0 | EO23: =ER22 -> 381.52101 | EP23: 0 | EQ23: 291.763 | ER23: =EO23+EP23-EQ23 -> 89.758008 | ES23: =ET23-EP23 -> 0 | EU23: =EL23+EQ23 -> 2484.04 | EW23: =(EU23/Production2!CG23)*100 -> 82.526246 | EX23: 76.945879
B24: 22 | C24: =G23 -> 1280.92 | D24: 29.72 | E24: =F24+'RAW MILL 2'!F24 -> 55 | F24: 55 | G24: =C24+D24-E24 -> 1255.64 | H24: =K23 -> 556.30002 | I24: =Production2!N24+Production2!Q24 -> 1509.63 | J24: =Production2!K24 -> 1557.75 | K24: =H24+I24-J24 -> 508.18002 | L24: =Q23 -> 0 | M24: 0 | N24: =CPP!D24 -> 0 | O24: 0 | P24: =N24+O24 -> 0 | Q24: =L24+M24-O24-N24 -> 0 | R24: =W23 -> 0 | S24: 0 | T24: =CPP!E24 -> 0 | U24: 0 | V24: =T24+U24 -> 0 | W24: =R24+S24-V24 -> 0 | X24: =AB23 -> 0.04 | Y24: 0 | Z24: =CPP!H24 -> 0 | AA24: 0 | AB24: =X24+Y24-AA24-Z24 -> 0.04 | AC24: =AF23 -> 0 | AD24: 0 | AE24: 0 | AF24: =AC24+AD24-AE24 -> 0 | AG24: =AK23 -> 3888.02 | AH24: 330.25 | AI24: 0 | AJ24: =CPP!G24 -> 161 | AK24: =AG24+AH24-AI24-AJ24 -> 4057.27 | AL24: =AO23 -> 0 | AM24: 0 | AN24: 0 | AO24: =AL24+AM24-AN24 -> 0 | AP24: =AT23 -> 0 | AQ24: 0 | AR24: 0 | AS24: =CPP!I24 -> 0 | AT24: =AP24+AQ24-AR24-AS24 -> 0 | AU24: =AY23 -> 0 | AV24: 0 | AW24: 0 | AX24: =CPP!J24 -> 0 | AY24: =AU24+AV24-AW24-AX24 -> 0 | AZ24: =BD23 -> 1831.627 | BA24: 1009.82 | BB24: 169 | BC24: =CPP!K24 -> 0 | BD24: =AZ24+BA24-BB24-BC24 -> 2672.447 | BE24: =BI23 -> 0 | BF24: 0 | BG24: 0 | BH24: =CPP!L24 -> 0 | BI24: =BE24+BF24-BG24-BH24 -> 0 | BJ24: =BN23 -> 0 | BK24: 0 | BL24: 0 | BM24: =CPP!M24 -> 0 | BN24: =BJ24+BK24-BL24-BM24 -> 0 | BO24: =BS23 -> 0 | BP24: 0 | BQ24: 0 | BR24: =CPP!N24 -> 0 | BS24: =BO24+BP24-BQ24-BR24 -> 0 | BT24: =BX23 -> 0 | BU24: 0 | BV24: 0 | BW24: =CPP!O24 -> 0 | BX24: =BT24+BU24-BV24-BW24 -> 0 | BY24: =CC23 -> 0 | BZ24: 0 | CA24: 0 | CC24: =BY24+BZ24-CA24-CB24 -> 0 | CD24: =CH23 -> 0 | CE24: 0 | CF24: 0 | CG24: =CPP!P24 -> 0 | CH24: =CD24+CE24-CF24-CG24 -> 0 | CI24: =CM23 -> 0 | CJ24: 0 | CK24: 0 | CL24: =CPP!Q24 -> 0 | CM24: =CI24+CJ24-CK24-CL24 -> 0 | CN24: =CR23 -> 0.05 | CO24: 0 | CP24: 0 | CQ24: =CPP!R24 -> 0 | CR24: =CN24+CO24-CP24-CQ24 -> 0.05 | CS24: =CW23 -> 0 | CT24: 0 | CU24: 0 | CV24: =CPP!S24 -> 0 | CW24: =CS24+CT24-CU24-CV24 -> 0 | CX24: =DB23 -> 0 | CY24: 0 | CZ24: 0 | DA24: =CPP!T24 -> 0 | DB24: =CX24+CY24-CZ24-DA24 -> 0 | DC24: =DG23 -> 0.01 | DD24: 0 | DE24: 0 | DF24: =CPP!U24 -> 0 | DG24: =DC24+DD24-DE24-DF24 -> 0.01 | DH24: =DL23 -> 0 | DI24: 0 | DJ24: 0 | DK24: =CPP!V24 -> 0 | DL24: =DH24+DI24-DJ24-DK24 -> 0 | DM24: =DQ23 -> 304 | DN24: 0 | DO24: 0 | DP24: =CPP!W24 -> 0 | DQ24: =DM24+DN24-DO24-DP24 -> 304 | DR24: =DV23 -> 0.01 | DS24: 0 | DT24: 0 | DU24: =CPP!X24 -> 0 | DV24: =DR24+DS24-DT24-DU24 -> 0.01 | DW24: =EA23 -> 0 | DX24: 0 | DY24: 0 | DZ24: =CPP!Y24 -> 0 | EA24: =DW24+DX24-DY24-DZ24 -> 0 | EB24: =L24+AP24+AU24+AZ24+BE24+BJ24+BT24+BY24+CD24+CI24+CS24+CX24+DC24+DH24+DM24+DW24+X24+DR24 -> 2135.687 | EC24: =M24+Y24+AM24+AQ24+AV24+BA24+BF24+BK24+BP24+BU24+BZ24+CT24+CY24+DD24+DI24+DN24+DX24+DS24 -> 1009.82 | ED24: =O24+AA24+AN24+AR24+AW24+BB24+BG24+BL24+BQ24+BV24+CA24+CU24+CZ24+DE24+DJ24+DO24+DY24+DT24+AI24 -> 169 | EE24: =EB24+EC24-ED24-N24-Z24-AS24-AX24-BC24-BH24-BM24-BR24-BW24-CV24-DA24-DF24-DK24-DP24-DZ24-DU24 -> 2976.507 | EF24: =R24+AC24+AG24+AL24+CN24 -> 3888.07 | EG24: =S24+AD24+AH24+CE24+CJ24+CO24 -> 330.25 | EH24: =CPP!D24+CPP!E24+CPP!F24+CPP!G24+CPP!H24+CPP!I24+CPP!J24+CPP!K24+CPP!L24+CPP!M24+CPP!N24+CPP!O24+CPP!P24+CPP!Q24+CPP!R24+CPP!S24+DA24+DF24+DK24+CPP!W24+DU24 -> 161 | EI24: =EF24+EG24-CPP!G24-CPP!E24-CPP!F24-CPP!P24-CPP!Q24-CL24-CQ24-DU24 -> 4057.32 | EJ24: =EM23 -> 20292.756 | EK24: 1005 | EL24: ='Daily CEM-1'!AG25+'Daily CEM - 2'!AF25-EQ24 -> 2456.198 | EM24: =EJ24+EK24-EL24-EN24 -> 18841.558 | EN24: 0 | EO24: =ER23 -> 89.758008 | EP24: 0 | EQ24: 0 | ER24: =EO24+EP24-EQ24 -> 89.758008 | ES24: =ET24-EP24 -> 2278.44 | ET24: 2278.44 | EU24: =EL24+EQ24 -> 2456.198 | EW24: =(EU24/Production2!CG24)*100 -> 82.00995 | EX24: 76.84833
B25: 23 | C25: =G24 -> 1255.64 | D25: 0 | E25: =F25+'RAW MILL 2'!F25 -> 0 | F25: 0 | G25: =C25+D25-E25 -> 1255.64 | H25: =K24 -> 508.18002 | I25: =Production2!N25+Production2!Q25 -> 0 | J25: =Production2!K25 -> 116.25 | K25: =H25+I25-J25 -> 391.93002 | L25: =Q24 -> 0 | M25: 0 | N25: =CPP!D25 -> 0 | O25: 0 | P25: =N25+O25 -> 0 | Q25: =L25+M25-O25-N25 -> 0 | R25: =W24 -> 0 | S25: 0 | T25: =CPP!E25 -> 0 | U25: 0 | V25: =T25+U25 -> 0 | W25: =R25+S25-V25 -> 0 | X25: =AB24 -> 0.04 | Y25: 0 | Z25: =CPP!H25 -> 0 | AA25: 0 | AB25: =X25+Y25-AA25-Z25 -> 0.04 | AC25: =AF24 -> 0 | AD25: 0 | AE25: 0 | AF25: =AC25+AD25-AE25 -> 0 | AG25: =AK24 -> 4057.27 | AH25: 60 | AI25: 0 | AJ25: =CPP!G25 -> 94 | AK25: =AG25+AH25-AI25-AJ25 -> 4023.27 | AL25: =AO24 -> 0 | AM25: 0 | AN25: 0 | AO25: =AL25+AM25-AN25 -> 0 | AP25: =AT24 -> 0 | AQ25: 0 | AR25: 0 | AS25: =CPP!I25 -> 0 | AT25: =AP25+AQ25-AR25-AS25 -> 0 | AU25: =AY24 -> 0 | AV25: 0 | AW25: 0 | AX25: =CPP!J25 -> 0 | AY25: =AU25+AV25-AW25-AX25 -> 0 | AZ25: =BD24 -> 2672.447 | BA25: 155.32 | BB25: 14 | BC25: =CPP!K25 -> 0 | BD25: =AZ25+BA25-BB25-BC25 -> 2813.767 | BE25: =BI24 -> 0 | BF25: 0 | BG25: 0 | BH25: =CPP!L25 -> 0 | BI25: =BE25+BF25-BG25-BH25 -> 0 | BJ25: =BN24 -> 0 | BK25: 0 | BL25: 0 | BM25: =CPP!M25 -> 0 | BN25: =BJ25+BK25-BL25-BM25 -> 0 | BO25: =BS24 -> 0 | BP25: 0 | BQ25: 0 | BR25: =CPP!N25 -> 0 | BS25: =BO25+BP25-BQ25-BR25 -> 0 | BT25: =BX24 -> 0 | BU25: 0 | BV25: 0 | BW25: =CPP!O25 -> 0 | BX25: =BT25+BU25-BV25-BW25 -> 0 | BY25: =CC24 -> 0 | BZ25: 0 | CA25: 0 | CC25: =BY25+BZ25-CA25-CB25 -> 0 | CD25: =CH24 -> 0 | CE25: 0 | CF25: 0 | CG25: =CPP!P25 -> 0 | CH25: =CD25+CE25-CF25-CG25 -> 0 | CI25: =CM24 -> 0 | CJ25: 0 | CK25: 0 | CL25: =CPP!Q25 -> 0 | CM25: =CI25+CJ25-CK25-CL25 -> 0 | CN25: =CR24 -> 0.05 | CO25: 0 | CP25: 0 | CQ25: =CPP!R25 -> 0 | CR25: =CN25+CO25-CP25-CQ25 -> 0.05 | CS25: =CW24 -> 0 | CT25: 0 | CU25: 0 | CV25: =CPP!S25 -> 0 | CW25: =CS25+CT25-CU25-CV25 -> 0 | CX25: =DB24 -> 0 | CY25: 0 | CZ25: 0 | DA25: =CPP!T25 -> 0 | DB25: =CX25+CY25-CZ25-DA25 -> 0 | DC25: =DG24 -> 0.01 | DD25: 0 | DE25: 0 | DF25: =CPP!U25 -> 0 | DG25: =DC25+DD25-DE25-DF25 -> 0.01 | DH25: =DL24 -> 0 | DI25: 0 | DJ25: 0 | DK25: =CPP!V25 -> 0 | DL25: =DH25+DI25-DJ25-DK25 -> 0 | DM25: =DQ24 -> 304 | DN25: 0 | DO25: 0 | DP25: =CPP!W25 -> 0 | DQ25: =DM25+DN25-DO25-DP25 -> 304 | DR25: =DV24 -> 0.01 | DS25: 0 | DT25: 0 | DU25: =CPP!X25 -> 0 | DV25: =DR25+DS25-DT25-DU25 -> 0.01 | DW25: =EA24 -> 0 | DX25: 0 | DY25: 0 | DZ25: =CPP!Y25 -> 0 | EA25: =DW25+DX25-DY25-DZ25 -> 0 | EB25: =L25+AP25+AU25+AZ25+BE25+BJ25+BT25+BY25+CD25+CI25+CS25+CX25+DC25+DH25+DM25+DW25+X25+DR25 -> 2976.507 | EC25: =M25+Y25+AM25+AQ25+AV25+BA25+BF25+BK25+BP25+BU25+BZ25+CT25+CY25+DD25+DI25+DN25+DX25+DS25 -> 155.32 | ED25: =O25+AA25+AN25+AR25+AW25+BB25+BG25+BL25+BQ25+BV25+CA25+CU25+CZ25+DE25+DJ25+DO25+DY25+DT25+AI25 -> 14 | EE25: =EB25+EC25-ED25-N25-Z25-AS25-AX25-BC25-BH25-BM25-BR25-BW25-CV25-DA25-DF25-DK25-DP25-DZ25-DU25 -> 3117.827 | EF25: =R25+AC25+AG25+AL25+CN25 -> 4057.32 | EG25: =S25+AD25+AH25+CE25+CJ25+CO25 -> 60 | EH25: =CPP!D25+CPP!E25+CPP!F25+CPP!G25+CPP!H25+CPP!I25+CPP!J25+CPP!K25+CPP!L25+CPP!M25+CPP!N25+CPP!O25+CPP!P25+CPP!Q25+CPP!R25+CPP!S25+DA25+DF25+DK25+CPP!W25+DU25+DZ25 -> 94 | EI25: =EF25+EG25-CPP!G25-CPP!E25-CPP!F25-CPP!P25-CPP!Q25-CL25-CQ25-DU25 -> 4023.32 | EJ25: =EM24 -> 18841.558 | EK25: 75 | EL25: ='Daily CEM-1'!AG26+'Daily CEM - 2'!AF26-EQ25 -> 2314.179 | EM25: =EJ25+EK25-EL25-EN25 -> 16602.379 | EN25: 0 | EO25: =ER24 -> 89.758008 | EP25: 0 | EQ25: 0.5 | ER25: =EO25+EP25-EQ25 -> 89.258008 | ES25: =ET25-EP25 -> 633.94 | ET25: 633.94 | EU25: =EL25+EQ25 -> 2314.679 | EW25: =(EU25/Production2!CG25)*100 -> 82.197408 | EX25: 76.354101
B26: 24 | C26: =G25 -> 1255.64 | D26: 30.9 | E26: =F26+'RAW MILL 2'!F26 -> 37 | F26: 37 | G26: =C26+D26-E26 -> 1249.54 | H26: =K25 -> 391.93002 | I26: =Production2!N26+Production2!Q26 -> 1519.92 | J26: =Production2!K26 -> 1162.5 | K26: =H26+I26-J26 -> 749.35002 | L26: =Q25 -> 0 | M26: 0 | N26: =CPP!D26 -> 0 | O26: 0 | P26: =N26+O26 -> 0 | Q26: =L26+M26-O26-N26 -> 0 | R26: =W25 -> 0 | S26: 0 | T26: =CPP!E26 -> 0 | U26: 0 | V26: =T26+U26 -> 0 | W26: =R26+S26-V26 -> 0 | X26: =AB25 -> 0.04 | Y26: 0 | Z26: =CPP!H26 -> 0 | AA26: 0 | AB26: =X26+Y26-AA26-Z26 -> 0.04 | AC26: =AF25 -> 0 | AD26: 0 | AE26: 0 | AF26: =AC26+AD26-AE26 -> 0 | AG26: =AK25 -> 4023.27 | AH26: 61 | AI26: 0 | AJ26: =CPP!G26 -> 122 | AK26: =AG26+AH26-AI26-AJ26 -> 3962.27 | AL26: =AO25 -> 0 | AM26: 0 | AN26: 0 | AO26: =AL26+AM26-AN26 -> 0 | AP26: =AT25 -> 0 | AQ26: 0 | AR26: 0 | AS26: =CPP!I26 -> 0 | AT26: =AP26+AQ26-AR26-AS26 -> 0 | AU26: =AY25 -> 0 | AV26: 0 | AW26: 0 | AX26: =CPP!J26 -> 0 | AY26: =AU26+AV26-AW26-AX26 -> 0 | AZ26: =BD25 -> 2813.767 | BA26: 243.06 | BB26: 175 | BC26: =CPP!K26 -> 10 | BD26: =AZ26+BA26-BB26-BC26 -> 2871.827 | BE26: =BI25 -> 0 | BF26: 0 | BG26: 0 | BH26: =CPP!L26 -> 0 | BI26: =BE26+BF26-BG26-BH26 -> 0 | BJ26: =BN25 -> 0 | BK26: 0 | BL26: 0 | BM26: =CPP!M26 -> 0 | BN26: =BJ26+BK26-BL26-BM26 -> 0 | BO26: =BS25 -> 0 | BP26: 0 | BQ26: 0 | BR26: =CPP!N26 -> 0 | BS26: =BO26+BP26-BQ26-BR26 -> 0 | BT26: =BX25 -> 0 | BU26: 0 | BV26: 0 | BW26: =CPP!O26 -> 0 | BX26: =BT26+BU26-BV26-BW26 -> 0 | BY26: =CC25 -> 0 | BZ26: 0 | CA26: 0 | CC26: =BY26+BZ26-CA26-CB26 -> 0 | CD26: =CH25 -> 0 | CE26: 0 | CF26: 0 | CG26: =CPP!P26 -> 0 | CH26: =CD26+CE26-CF26-CG26 -> 0 | CI26: =CM25 -> 0 | CJ26: 0 | CK26: 0 | CL26: =CPP!Q26 -> 0 | CM26: =CI26+CJ26-CK26-CL26 -> 0 | CN26: =CR25 -> 0.05 | CO26: 0 | CP26: 0 | CQ26: =CPP!R26 -> 0 | CR26: =CN26+CO26-CP26-CQ26 -> 0.05 | CS26: =CW25 -> 0 | CT26: 0 | CU26: 0 | CV26: =CPP!S26 -> 0 | CW26: =CS26+CT26-CU26-CV26 -> 0 | CX26: =DB25 -> 0 | CY26: 0 | CZ26: 0 | DA26: =CPP!T26 -> 0 | DB26: =CX26+CY26-CZ26-DA26 -> 0 | DC26: =DG25 -> 0.01 | DD26: 0 | DE26: 0 | DF26: =CPP!U26 -> 0 | DG26: =DC26+DD26-DE26-DF26 -> 0.01 | DH26: =DL25 -> 0 | DI26: 0 | DJ26: 0 | DK26: =CPP!V26 -> 0 | DL26: =DH26+DI26-DJ26-DK26 -> 0 | DM26: =DQ25 -> 304 | DN26: 0 | DO26: 0 | DP26: =CPP!W26 -> 0 | DQ26: =DM26+DN26-DO26-DP26 -> 304 | DR26: =DV25 -> 0.01 | DS26: 0 | DT26: 0 | DU26: =CPP!X26 -> 0 | DV26: =DR26+DS26-DT26-DU26 -> 0.01 | DW26: =EA25 -> 0 | DX26: 0 | DY26: 0 | DZ26: =CPP!Y26 -> 0 | EA26: =DW26+DX26-DY26-DZ26 -> 0 | EB26: =L26+AP26+AU26+AZ26+BE26+BJ26+BT26+BY26+CD26+CI26+CS26+CX26+DC26+DH26+DM26+DW26+X26+DR26 -> 3117.827 | EC26: =M26+Y26+AM26+AQ26+AV26+BA26+BF26+BK26+BP26+BU26+BZ26+CT26+CY26+DD26+DI26+DN26+DX26+DS26 -> 243.06 | ED26: =O26+AA26+AN26+AR26+AW26+BB26+BG26+BL26+BQ26+BV26+CA26+CU26+CZ26+DE26+DJ26+DO26+DY26+DT26+AI26 -> 175 | EE26: =EB26+EC26-ED26-N26-Z26-AS26-AX26-BC26-BH26-BM26-BR26-BW26-CV26-DA26-DF26-DK26-DP26-DZ26-DU26 -> 3175.887 | EF26: =R26+AC26+AG26+AL26+CN26 -> 4023.32 | EG26: =S26+AD26+AH26+CE26+CJ26+CO26 -> 61 | EH26: =CPP!D26+CPP!E26+CPP!F26+CPP!G26+CPP!H26+CPP!I26+CPP!J26+CPP!K26+CPP!L26+CPP!M26+CPP!N26+CPP!O26+CPP!P26+CPP!Q26+CPP!R26+CPP!S26+DA26+DF26+DK26+CPP!W26+DU26 -> 132 | EI26: =EF26+EG26-CPP!G26-CPP!E26-CPP!F26-CPP!P26-CPP!Q26-CL26-CQ26-DU26 -> 3962.32 | EJ26: =EM25 -> 16602.379 | EK26: 750 | EL26: ='Daily CEM-1'!AG27+'Daily CEM - 2'!AF27-EQ26 -> 2352.773 | EM26: =EJ26+EK26-EL26-EN26 -> 14999.606 | EN26: 0 | EO26: =ER25 -> 89.258008 | EP26: 0 | EQ26: 0 | ER26: =EO26+EP26-EQ26 -> 89.258008 | ES26: =ET26-EP26 -> 1236.4 | ET26: 1236.4 | EU26: =EL26+EQ26 -> 2352.773 | EW26: =(EU26/Production2!CG26)*100 -> 82.26479 | EX26: 77.245614
B27: 25 | C27: =G26 -> 1249.54 | D27: 38.2 | E27: =F27+'RAW MILL 2'!F27 -> 51 | F27: 47 | G27: =C27+D27-E27 -> 1236.74 | H27: =K26 -> 749.35002 | I27: =Production2!N27+Production2!Q27 -> 2426.91 | J27: =Production2!K27 -> 2363.75 | K27: =H27+I27-J27 -> 812.51002 | L27: =Q26 -> 0 | M27: 0 | N27: =CPP!D27 -> 0 | O27: 0 | P27: =N27+O27 -> 0 | Q27: =L27+M27-O27-N27 -> 0 | R27: =W26 -> 0 | S27: 0 | T27: =CPP!E27 -> 0 | U27: 0 | V27: =T27+U27 -> 0 | W27: =R27+S27-V27 -> 0 | X27: =AB26 -> 0.04 | Y27: 0 | Z27: =CPP!H27 -> 0 | AA27: 0 | AB27: =X27+Y27-AA27-Z27 -> 0.04 | AC27: =AF26 -> 0 | AD27: 0 | AE27: 0 | AF27: =AC27+AD27-AE27 -> 0 | AG27: =AK26 -> 3962.27 | AH27: 180 | AI27: 0 | AJ27: =CPP!G27 -> 148 | AK27: =AG27+AH27-AI27-AJ27 -> 3994.27 | AL27: =AO26 -> 0 | AM27: 0 | AN27: 0 | AO27: =AL27+AM27-AN27 -> 0 | AP27: =AT26 -> 0 | AQ27: 0 | AR27: 0 | AS27: =CPP!I27 -> 0 | AT27: =AP27+AQ27-AR27-AS27 -> 0 | AU27: =AY26 -> 0 | AV27: 0 | AW27: 0 | AX27: =CPP!J27 -> 0 | AY27: =AU27+AV27-AW27-AX27 -> 0 | AZ27: =BD26 -> 2871.827 | BA27: 254.56 | BB27: 272 | BC27: =CPP!K27 -> 0 | BD27: =AZ27+BA27-BB27-BC27 -> 2854.387 | BE27: =BI26 -> 0 | BF27: 0 | BG27: 0 | BH27: =CPP!L27 -> 0 | BI27: =BE27+BF27-BG27-BH27 -> 0 | BJ27: =BN26 -> 0 | BK27: 0 | BL27: 0 | BM27: =CPP!M27 -> 0 | BN27: =BJ27+BK27-BL27-BM27 -> 0 | BO27: =BS26 -> 0 | BP27: 0 | BQ27: 0 | BR27: =CPP!N27 -> 0 | BS27: =BO27+BP27-BQ27-BR27 -> 0 | BT27: =BX26 -> 0 | BU27: 0 | BV27: 0 | BW27: =CPP!O27 -> 0 | BX27: =BT27+BU27-BV27-BW27 -> 0 | BY27: =CC26 -> 0 | BZ27: 0 | CA27: 0 | CC27: =BY27+BZ27-CA27-CB27 -> 0 | CD27: =CH26 -> 0 | CE27: 0 | CF27: 0 | CG27: =CPP!P27 -> 0 | CH27: =CD27+CE27-CF27-CG27 -> 0 | CI27: =CM26 -> 0 | CJ27: 0 | CK27: 0 | CL27: =CPP!Q27 -> 0 | CM27: =CI27+CJ27-CK27-CL27 -> 0 | CN27: =CR26 -> 0.05 | CO27: 0 | CP27: 0 | CQ27: =CPP!R27 -> 0 | CR27: =CN27+CO27-CP27-CQ27 -> 0.05 | CS27: =CW26 -> 0 | CT27: 0 | CU27: 0 | CV27: =CPP!S27 -> 0 | CW27: =CS27+CT27-CU27-CV27 -> 0 | CX27: =DB26 -> 0 | CY27: 0 | CZ27: 0 | DA27: =CPP!T27 -> 0 | DB27: =CX27+CY27-CZ27-DA27 -> 0 | DC27: =DG26 -> 0.01 | DD27: 0 | DE27: 0 | DF27: =CPP!U27 -> 0 | DG27: =DC27+DD27-DE27-DF27 -> 0.01 | DH27: =DL26 -> 0 | DI27: 0 | DJ27: 0 | DK27: =CPP!V27 -> 0 | DL27: =DH27+DI27-DJ27-DK27 -> 0 | DM27: =DQ26 -> 304 | DN27: 0 | DO27: 0 | DP27: =CPP!W27 -> 0 | DQ27: =DM27+DN27-DO27-DP27 -> 304 | DR27: =DV26 -> 0.01 | DS27: 0 | DT27: 0 | DU27: =CPP!X27 -> 0 | DV27: =DR27+DS27-DT27-DU27 -> 0.01 | DW27: =EA26 -> 0 | DX27: 0 | DY27: 0 | DZ27: =CPP!Y27 -> 0 | EA27: =DW27+DX27-DY27-DZ27 -> 0 | EB27: =L27+AP27+AU27+AZ27+BE27+BJ27+BT27+BY27+CD27+CI27+CS27+CX27+DC27+DH27+DM27+DW27+X27+DR27 -> 3175.887 | EC27: =M27+Y27+AM27+AQ27+AV27+BA27+BF27+BK27+BP27+BU27+BZ27+CT27+CY27+DD27+DI27+DN27+DX27+DS27 -> 254.56 | ED27: =O27+AA27+AN27+AR27+AW27+BB27+BG27+BL27+BQ27+BV27+CA27+CU27+CZ27+DE27+DJ27+DO27+DY27+DT27+AI27 -> 272 | EE27: =EB27+EC27-ED27-N27-Z27-AS27-AX27-BC27-BH27-BM27-BR27-BW27-CV27-DA27-DF27-DK27-DP27-DZ27-DU27 -> 3158.447 | EF27: =R27+AC27+AG27+AL27+CN27 -> 3962.32 | EG27: =S27+AD27+AH27+CE27+CJ27+CO27 -> 180 | EH27: =CPP!D27+CPP!E27+CPP!F27+CPP!G27+CPP!H27+CPP!I27+CPP!J27+CPP!K27+CPP!L27+CPP!M27+CPP!N27+CPP!O27+CPP!P27+CPP!Q27+CPP!R27+CPP!S27+DA27+DF27+DK27+CPP!W27+DU27 -> 148 | EI27: =EF27+EG27-CPP!G27-CPP!E27-CPP!F27-CPP!P27-CPP!Q27-CL27-CQ27-DU27 -> 3994.32 | EJ27: =EM26 -> 14999.606 | EK27: 1525 | EL27: ='Daily CEM-1'!AG28+'Daily CEM - 2'!AF28-EQ27 -> 2398.332 | EM27: =EJ27+EK27-EL27-EN27 -> 14126.274 | EN27: 0 | EO27: =ER26 -> 89.258008 | EP27: 0 | EQ27: 0 | ER27: =EO27+EP27-EQ27 -> 89.258008 | ES27: =ET27-EP27 -> 1370.76 | ET27: 1370.76 | EU27: =EL27+EQ27 -> 2398.332 | EW27: =(EU27/Production2!CG27)*100 -> 81.603675 | EX27: 77.151066
B28: 26 | C28: =G27 -> 1236.74 | D28: 0 | E28: =F28+'RAW MILL 2'!F28 -> 50 | F28: 46 | G28: =C28+D28-E28 -> 1186.74 | H28: =K27 -> 812.51002 | I28: =Production2!N28+Production2!Q28 -> 2496.24 | J28: =Production2!K28 -> 2402.5 | K28: =H28+I28-J28 -> 906.25002 | L28: =Q27 -> 0 | M28: 0 | N28: =CPP!D28 -> 0 | O28: 0 | P28: =N28+O28 -> 0 | Q28: =L28+M28-O28-N28 -> 0 | R28: =W27 -> 0 | S28: 0 | T28: =CPP!E28 -> 0 | U28: 0 | V28: =T28+U28 -> 0 | W28: =R28+S28-V28 -> 0 | X28: =AB27 -> 0.04 | Y28: 0 | Z28: =CPP!H28 -> 0 | AA28: 0 | AB28: =X28+Y28-AA28-Z28 -> 0.04 | AC28: =AF27 -> 0 | AD28: 0 | AE28: 0 | AF28: =AC28+AD28-AE28 -> 0 | AG28: =AK27 -> 3994.27 | AH28: 120.05 | AI28: 0 | AJ28: =CPP!G28 -> 140 | AK28: =AG28+AH28-AI28-AJ28 -> 3974.32 | AL28: =AO27 -> 0 | AM28: 0 | AN28: 0 | AO28: =AL28+AM28-AN28 -> 0 | AP28: =AT27 -> 0 | AQ28: 0 | AR28: 0 | AS28: =CPP!I28 -> 0 | AT28: =AP28+AQ28-AR28-AS28 -> 0 | AU28: =AY27 -> 0 | AV28: 0 | AW28: 0 | AX28: =CPP!J28 -> 0 | AY28: =AU28+AV28-AW28-AX28 -> 0 | AZ28: =BD27 -> 2854.387 | BA28: 187.76 | BB28: 266.67 | BC28: =CPP!K28 -> 0 | BD28: =AZ28+BA28-BB28-BC28 -> 2775.477 | BE28: =BI27 -> 0 | BF28: 0 | BG28: 0 | BH28: =CPP!L28 -> 0 | BI28: =BE28+BF28-BG28-BH28 -> 0 | BJ28: =BN27 -> 0 | BK28: 0 | BL28: 0 | BM28: =CPP!M28 -> 0 | BN28: =BJ28+BK28-BL28-BM28 -> 0 | BO28: =BS27 -> 0 | BP28: 0 | BQ28: 0 | BR28: =CPP!N28 -> 0 | BS28: =BO28+BP28-BQ28-BR28 -> 0 | BT28: =BX27 -> 0 | BU28: 0 | BV28: 0 | BW28: =CPP!O28 -> 0 | BX28: =BT28+BU28-BV28-BW28 -> 0 | BY28: =CC27 -> 0 | BZ28: 0 | CA28: 0 | CC28: =BY28+BZ28-CA28-CB28 -> 0 | CD28: =CH27 -> 0 | CE28: 0 | CF28: 0 | CG28: =CPP!P28 -> 0 | CH28: =CD28+CE28-CF28-CG28 -> 0 | CI28: =CM27 -> 0 | CJ28: 0 | CK28: 0 | CL28: =CPP!Q28 -> 0 | CM28: =CI28+CJ28-CK28-CL28 -> 0 | CN28: =CR27 -> 0.05 | CO28: 0 | CP28: 0 | CQ28: =CPP!R28 -> 0 | CR28: =CN28+CO28-CP28-CQ28 -> 0.05 | CS28: =CW27 -> 0 | CT28: 0 | CU28: 0 | CV28: =CPP!S28 -> 0 | CW28: =CS28+CT28-CU28-CV28 -> 0 | CX28: =DB27 -> 0 | CY28: 0 | CZ28: 0 | DA28: =CPP!T28 -> 0 | DB28: =CX28+CY28-CZ28-DA28 -> 0 | DC28: =DG27 -> 0.01 | DD28: 0 | DE28: 0 | DF28: =CPP!U28 -> 0 | DG28: =DC28+DD28-DE28-DF28 -> 0.01 | DH28: =DL27 -> 0 | DI28: 0 | DJ28: 0 | DK28: =CPP!V28 -> 0 | DL28: =DH28+DI28-DJ28-DK28 -> 0 | DM28: =DQ27 -> 304 | DN28: 32 | DO28: 0 | DP28: =CPP!W28 -> 0 | DQ28: =DM28+DN28-DO28-DP28 -> 336 | DR28: =DV27 -> 0.01 | DS28: 0 | DT28: 0 | DU28: =CPP!X28 -> 0 | DV28: =DR28+DS28-DT28-DU28 -> 0.01 | DW28: =EA27 -> 0 | DX28: 0 | DY28: 0 | DZ28: =CPP!Y28 -> 0 | EA28: =DW28+DX28-DY28-DZ28 -> 0 | EB28: =L28+AP28+AU28+AZ28+BE28+BJ28+BT28+BY28+CD28+CI28+CS28+CX28+DC28+DH28+DM28+DW28+X28+DR28 -> 3158.447 | EC28: =M28+Y28+AM28+AQ28+AV28+BA28+BF28+BK28+BP28+BU28+BZ28+CT28+CY28+DD28+DI28+DN28+DX28+DS28 -> 219.76 | ED28: =O28+AA28+AN28+AR28+AW28+BB28+BG28+BL28+BQ28+BV28+CA28+CU28+CZ28+DE28+DJ28+DO28+DY28+DT28+AI28 -> 266.67 | EE28: =EB28+EC28-ED28-N28-Z28-AS28-AX28-BC28-BH28-BM28-BR28-BW28-CV28-DA28-DF28-DK28-DP28-DZ28-DU28 -> 3111.537 | EF28: =R28+AC28+AG28+AL28+CN28 -> 3994.32 | EG28: =S28+AD28+AH28+CE28+CJ28+CO28 -> 120.05 | EH28: =CPP!D28+CPP!E28+CPP!F28+CPP!G28+CPP!H28+CPP!I28+CPP!J28+CPP!K28+CPP!L28+CPP!M28+CPP!N28+CPP!O28+CPP!P28+CPP!Q28+CPP!R28+CPP!S28+DA28+DF28+DK28+CPP!W28+DU28 -> 140 | EI28: =EF28+EG28-CPP!G28-CPP!E28-CPP!F28-CPP!P28-CPP!Q28-CL28-CQ28-DU28 -> 3974.37 | EJ28: =EM27 -> 14126.274 | EK28: 1550 | EL28: ='Daily CEM-1'!AG29+'Daily CEM - 2'!AF29-EQ28 -> 2372.925 | EM28: =EJ28+EK28-EL28-EN28 -> 13303.349 | EN28: 0 | EO28: =ER27 -> 89.258008 | EP28: 0 | EQ28: 0 | ER28: =EO28+EP28-EQ28 -> 89.258008 | ES28: =ET28-EP28 -> 594.78 | ET28: 594.78 | EU28: =EL28+EQ28 -> 2372.925 | EW28: =EU28/Production2!CG28 -> 0.81459835
B29: 27 | C29: =G28 -> 1186.74 | D29: 29.5 | E29: =F29+'RAW MILL 2'!F29 -> 40 | F29: 37 | G29: =C29+D29-E29 -> 1176.24 | H29: =K28 -> 906.25002 | I29: =Production2!N29+Production2!Q29 -> 2050.29 | J29: =Production2!K29 -> 2334.3 | K29: =H29+I29-J29 -> 622.24002 | L29: =Q28 -> 0 | M29: 0 | N29: =CPP!D29 -> 0 | O29: 0 | P29: =N29+O29 -> 0 | Q29: =L29+M29-O29-N29 -> 0 | R29: =W28 -> 0 | S29: 0 | T29: =CPP!E29 -> 0 | U29: 0 | V29: =T29+U29 -> 0 | W29: =R29+S29-V29 -> 0 | X29: =AB28 -> 0.04 | Y29: 0 | Z29: =CPP!H29 -> 0 | AA29: 0 | AB29: =X29+Y29-AA29-Z29 -> 0.04 | AC29: =AF28 -> 0 | AD29: 0 | AE29: 0 | AF29: =AC29+AD29-AE29 -> 0 | AG29: =AK28 -> 3974.32 | AH29: 30 | AI29: 0 | AJ29: =CPP!G29 -> 143 | AK29: =AG29+AH29-AI29-AJ29 -> 3861.32 | AL29: =AO28 -> 0 | AM29: 0 | AN29: 0 | AO29: =AL29+AM29-AN29 -> 0 | AP29: =AT28 -> 0 | AQ29: 0 | AR29: 0 | AS29: =CPP!I29 -> 0 | AT29: =AP29+AQ29-AR29-AS29 -> 0 | AU29: =AY28 -> 0 | AV29: 0 | AW29: 0 | AX29: =CPP!J29 -> 0 | AY29: =AU29+AV29-AW29-AX29 -> 0 | AZ29: =BD28 -> 2775.477 | BA29: 186.28 | BB29: 244.44 | BC29: =CPP!K29 -> 0 | BD29: =AZ29+BA29-BB29-BC29 -> 2717.317 | BE29: =BI28 -> 0 | BF29: 0 | BG29: 0 | BH29: =CPP!L29 -> 0 | BI29: =BE29+BF29-BG29-BH29 -> 0 | BJ29: =BN28 -> 0 | BK29: 0 | BL29: 0 | BM29: =CPP!M29 -> 0 | BN29: =BJ29+BK29-BL29-BM29 -> 0 | BO29: =BS28 -> 0 | BP29: 0 | BQ29: 0 | BR29: =CPP!N29 -> 0 | BS29: =BO29+BP29-BQ29-BR29 -> 0 | BT29: =BX28 -> 0 | BU29: 0 | BV29: 0 | BW29: =CPP!O29 -> 0 | BX29: =BT29+BU29-BV29-BW29 -> 0 | BY29: =CC28 -> 0 | BZ29: 0 | CA29: 0 | CC29: =BY29+BZ29-CA29-CB29 -> 0 | CD29: =CH28 -> 0 | CE29: 0 | CF29: 0 | CG29: =CPP!P29 -> 0 | CH29: =CD29+CE29-CF29-CG29 -> 0 | CI29: =CM28 -> 0 | CJ29: 0 | CK29: 0 | CL29: =CPP!Q29 -> 0 | CM29: =CI29+CJ29-CK29-CL29 -> 0 | CN29: =CR28 -> 0.05 | CO29: 0 | CP29: 0 | CQ29: =CPP!R29 -> 0 | CR29: =CN29+CO29-CP29-CQ29 -> 0.05 | CS29: =CW28 -> 0 | CT29: 0 | CU29: 0 | CV29: =CPP!S29 -> 0 | CW29: =CS29+CT29-CU29-CV29 -> 0 | CX29: =DB28 -> 0 | CY29: 0 | CZ29: 0 | DA29: =CPP!T29 -> 0 | DB29: =CX29+CY29-CZ29-DA29 -> 0 | DC29: =DG28 -> 0.01 | DD29: 0 | DE29: 0 | DF29: =CPP!U29 -> 0 | DG29: =DC29+DD29-DE29-DF29 -> 0.01 | DH29: =DL28 -> 0 | DI29: 0 | DJ29: 0 | DK29: =CPP!V29 -> 0 | DL29: =DH29+DI29-DJ29-DK29 -> 0 | DM29: =DQ28 -> 336 | DN29: 96 | DO29: 0 | DP29: =CPP!W29 -> 0 | DQ29: =DM29+DN29-DO29-DP29 -> 432 | DR29: =DV28 -> 0.01 | DS29: 0 | DT29: 0 | DU29: =CPP!X29 -> 0 | DV29: =DR29+DS29-DT29-DU29 -> 0.01 | DW29: =EA28 -> 0 | DX29: 0 | DY29: 0 | DZ29: =CPP!Y29 -> 0 | EA29: =DW29+DX29-DY29-DZ29 -> 0 | EB29: =L29+AP29+AU29+AZ29+BE29+BJ29+BT29+BY29+CD29+CI29+CS29+CX29+DC29+DH29+DM29+DW29+X29+DR29 -> 3111.537 | EC29: =M29+Y29+AM29+AQ29+AV29+BA29+BF29+BK29+BP29+BU29+BZ29+CT29+CY29+DD29+DI29+DN29+DX29+DS29 -> 282.28 | ED29: =O29+AA29+AN29+AR29+AW29+BB29+BG29+BL29+BQ29+BV29+CA29+CU29+CZ29+DE29+DJ29+DO29+DY29+DT29+AI29 -> 244.44 | EE29: =EB29+EC29-ED29-N29-Z29-AS29-AX29-BC29-BH29-BM29-BR29-BW29-CV29-DA29-DF29-DK29-DP29-DZ29-DU29 -> 3149.377 | EF29: =R29+AC29+AG29+AL29+CN29 -> 3974.37 | EG29: =S29+AD29+AH29+CE29+CJ29+CO29 -> 30 | EH29: =CPP!D29+CPP!E29+CPP!F29+CPP!G29+CPP!H29+CPP!I29+CPP!J29+CPP!K29+CPP!L29+CPP!M29+CPP!N29+CPP!O29+CPP!P29+CPP!Q29+CPP!R29+CPP!S29+DA29+DF29+DK29+CPP!W29+DU29 -> 143 | EI29: =EF29+EG29-CPP!G29-CPP!E29-CPP!F29-CPP!P29-CPP!Q29-CL29-CQ29-DU29 -> 3861.37 | EJ29: =EM28 -> 13303.349 | EK29: 1506 | EL29: ='Daily CEM-1'!AG30+'Daily CEM - 2'!AF30-EQ29 -> 1955.99 | EM29: =EJ29+EK29-EL29-EN29 -> 12853.359 | EN29: 0 | EO29: =ER28 -> 89.258008 | EP29: 0 | EQ29: 0 | ER29: =EO29+EP29-EQ29 -> 89.258008 | ES29: =ET29-EP29 -> 748.68 | ET29: 748.68 | EU29: =EL29+EQ29 -> 1955.99 | EW29: =EU29/Production2!CG29 -> 0.81397836
B30: 28 | C30: =G29 -> 1176.24 | D30: 0 | E30: =F30+'RAW MILL 2'!F30 -> 34 | F30: 32 | G30: =C30+D30-E30 -> 1142.24 | H30: =K29 -> 622.24002 | I30: =Production2!N30+Production2!Q30 -> 2383.11 | J30: =Production2!K30 -> 2123.5 | K30: =H30+I30-J30 -> 881.85002 | L30: =Q29 -> 0 | M30: 0 | N30: =CPP!D30 -> 0 | O30: 0 | P30: =N30+O30 -> 0 | Q30: =L30+M30-O30-N30 -> 0 | R30: =W29 -> 0 | S30: 0 | T30: =CPP!E30 -> 0 | U30: 0 | V30: =T30+U30 -> 0 | W30: =R30+S30-V30 -> 0 | X30: =AB29 -> 0.04 | Y30: 0 | Z30: =CPP!H30 -> 0 | AA30: 0 | AB30: =X30+Y30-AA30-Z30 -> 0.04 | AC30: =AF29 -> 0 | AD30: 0 | AE30: 0 | AF30: =AC30+AD30-AE30 -> 0 | AG30: =AK29 -> 3861.32 | AH30: 0 | AI30: 0 | AJ30: =CPP!G30 -> 145 | AK30: =AG30+AH30-AI30-AJ30 -> 3716.32 | AL30: =AO29 -> 0 | AM30: 0 | AN30: 0 | AO30: =AL30+AM30-AN30 -> 0 | AP30: =AT29 -> 0 | AQ30: 0 | AR30: 0 | AS30: =CPP!I30 -> 0 | AT30: =AP30+AQ30-AR30-AS30 -> 0 | AU30: =AY29 -> 0 | AV30: 0 | AW30: 0 | AX30: =CPP!J30 -> 0 | AY30: =AU30+AV30-AW30-AX30 -> 0 | AZ30: =BD29 -> 2717.317 | BA30: 0 | BB30: 233.33 | BC30: =CPP!K30 -> 0 | BD30: =AZ30+BA30-BB30-BC30 -> 2483.987 | BE30: =BI29 -> 0 | BF30: 0 | BG30: 0 | BH30: =CPP!L30 -> 0 | BI30: =BE30+BF30-BG30-BH30 -> 0 | BJ30: =BN29 -> 0 | BK30: 0 | BL30: 0 | BM30: =CPP!M30 -> 0 | BN30: =BJ30+BK30-BL30-BM30 -> 0 | BO30: =BS29 -> 0 | BP30: 0 | BQ30: 0 | BR30: =CPP!N30 -> 0 | BS30: =BO30+BP30-BQ30-BR30 -> 0 | BT30: =BX29 -> 0 | BU30: 0 | BV30: 0 | BW30: =CPP!O30 -> 0 | BX30: =BT30+BU30-BV30-BW30 -> 0 | BY30: =CC29 -> 0 | BZ30: 0 | CA30: 0 | CC30: =BY30+BZ30-CA30-CB30 -> 0 | CD30: =CH29 -> 0 | CE30: 0 | CF30: 0 | CG30: =CPP!P30 -> 0 | CH30: =CD30+CE30-CF30-CG30 -> 0 | CI30: =CM29 -> 0 | CJ30: 0 | CK30: 0 | CL30: =CPP!Q30 -> 0 | CM30: =CI30+CJ30-CK30-CL30 -> 0 | CN30: =CR29 -> 0.05 | CO30: 0 | CP30: 0 | CQ30: =CPP!R30 -> 0 | CR30: =CN30+CO30-CP30-CQ30 -> 0.05 | CS30: =CW29 -> 0 | CT30: 0 | CU30: 0 | CV30: =CPP!S30 -> 0 | CW30: =CS30+CT30-CU30-CV30 -> 0 | CX30: =DB29 -> 0 | CY30: 0 | CZ30: 0 | DA30: =CPP!T30 -> 0 | DB30: =CX30+CY30-CZ30-DA30 -> 0 | DC30: =DG29 -> 0.01 | DD30: 0 | DE30: 0 | DF30: =CPP!U30 -> 0 | DG30: =DC30+DD30-DE30-DF30 -> 0.01 | DH30: =DL29 -> 0 | DI30: 0 | DJ30: 0 | DK30: =CPP!V30 -> 0 | DL30: =DH30+DI30-DJ30-DK30 -> 0 | DM30: =DQ29 -> 432 | DN30: 0 | DO30: 0 | DP30: =CPP!W30 -> 0 | DQ30: =DM30+DN30-DO30-DP30 -> 432 | DR30: =DV29 -> 0.01 | DS30: 0 | DT30: 0 | DU30: =CPP!X30 -> 0 | DV30: =DR30+DS30-DT30-DU30 -> 0.01 | DW30: =EA29 -> 0 | DX30: 0 | DY30: 0 | DZ30: =CPP!Y30 -> 0 | EA30: =DW30+DX30-DY30-DZ30 -> 0 | EB30: =L30+AP30+AU30+AZ30+BE30+BJ30+BT30+BY30+CD30+CI30+CS30+CX30+DC30+DH30+DM30+DW30+X30+DR30 -> 3149.377 | EC30: =M30+Y30+AM30+AQ30+AV30+BA30+BF30+BK30+BP30+BU30+BZ30+CT30+CY30+DD30+DI30+DN30+DX30+DS30 -> 0 | ED30: =O30+AA30+AN30+AR30+AW30+BB30+BG30+BL30+BQ30+BV30+CA30+CU30+CZ30+DE30+DJ30+DO30+DY30+DT30+AI30 -> 233.33 | EE30: =EB30+EC30-ED30-N30-Z30-AS30-AX30-BC30-BH30-BM30-BR30-BW30-CV30-DA30-DF30-DK30-DP30-DZ30-DU30 -> 2916.047 | EF30: =R30+AC30+AG30+AL30+CN30 -> 3861.37 | EG30: =S30+AD30+AH30+CE30+CJ30+CO30 -> 0 | EH30: =CPP!D30+CPP!E30+CPP!F30+CPP!G30+CPP!H30+CPP!I30+CPP!J30+CPP!K30+CPP!L30+CPP!M30+CPP!N30+CPP!O30+CPP!P30+CPP!Q30+CPP!R30+CPP!S30+DA30+DF30+DK30+CPP!W30+DU30 -> 145 | EI30: =EF30+EG30-CPP!G30-CPP!E30-CPP!F30-CPP!P30-CPP!Q30-CL30-CQ30-DU30 -> 3716.37 | EJ30: =EM29 -> 12853.359 | EK30: 1370 | EL30: ='Daily CEM-1'!AG31+'Daily CEM - 2'!AF31-EQ30 -> 2303.717 | EM30: =EJ30+EK30-EL30-EN30 -> 11919.642 | EN30: 0 | EO30: =ER29 -> 89.258008 | EP30: 0 | EQ30: 0 | ER30: =EO30+EP30-EQ30 -> 89.258008 | ES30: =ET30-EP30 -> 0 | EU30: =EL30+EQ30 -> 2303.717 | EW30: =EU30/Production2!CG30 -> 0.81692092
B31: 29 | C31: =G30 -> 1142.24 | D31: 62.6 | E31: =F31+'RAW MILL 2'!F31 -> 77 | F31: 72 | G31: =C31+D31-E31 -> 1127.84 | H31: =K30 -> 881.85002 | I31: =Production2!N31+Production2!Q31 -> 2471.79 | J31: =Production2!K31 -> 2309.5 | K31: =H31+I31-J31 -> 1044.14 | L31: =Q30 -> 0 | M31: 0 | N31: =CPP!D31 -> 0 | O31: 0 | P31: =N31+O31 -> 0 | Q31: =L31+M31-O31-N31 -> 0 | R31: =W30 -> 0 | S31: 0 | T31: =CPP!E31 -> 0 | U31: 0 | V31: =T31+U31 -> 0 | W31: =R31+S31-V31 -> 0 | X31: =AB30 -> 0.04 | Y31: 0 | Z31: =CPP!H31 -> 0 | AA31: 0 | AB31: =X31+Y31-AA31-Z31 -> 0.04 | AC31: =AF30 -> 0 | AD31: 0 | AE31: 0 | AF31: =AC31+AD31-AE31 -> 0 | AG31: =AK30 -> 3716.32 | AH31: 89.65 | AI31: 0 | AJ31: =CPP!G31 -> 150 | AK31: =AG31+AH31-AI31-AJ31 -> 3655.97 | AL31: =AO30 -> 0 | AM31: 0 | AN31: 0 | AO31: =AL31+AM31-AN31 -> 0 | AP31: =AT30 -> 0 | AQ31: 0 | AR31: 0 | AS31: =CPP!I31 -> 0 | AT31: =AP31+AQ31-AR31-AS31 -> 0 | AU31: =AY30 -> 0 | AV31: 0 | AW31: 0 | AX31: =CPP!J31 -> 0 | AY31: =AU31+AV31-AW31-AX31 -> 0 | AZ31: =BD30 -> 2483.987 | BA31: 527.94 | BB31: 246 | BC31: =CPP!K31 -> 0 | BD31: =AZ31+BA31-BB31-BC31 -> 2765.927 | BE31: =BI30 -> 0 | BF31: 0 | BG31: 0 | BH31: =CPP!L31 -> 0 | BI31: =BE31+BF31-BG31-BH31 -> 0 | BJ31: =BN30 -> 0 | BK31: 0 | BL31: 0 | BM31: =CPP!M31 -> 0 | BN31: =BJ31+BK31-BL31-BM31 -> 0 | BO31: =BS30 -> 0 | BP31: 0 | BQ31: 0 | BR31: =CPP!N31 -> 0 | BS31: =BO31+BP31-BQ31-BR31 -> 0 | BT31: =BX30 -> 0 | BU31: 0 | BV31: 0 | BW31: =CPP!O31 -> 0 | BX31: =BT31+BU31-BV31-BW31 -> 0 | BY31: =CC30 -> 0 | BZ31: 0 | CA31: 0 | CC31: =BY31+BZ31-CA31-CB31 -> 0 | CD31: =CH30 -> 0 | CE31: 0 | CF31: 0 | CG31: =CPP!P31 -> 0 | CH31: =CD31+CE31-CF31-CG31 -> 0 | CI31: =CM30 -> 0 | CJ31: 0 | CK31: 0 | CL31: =CPP!Q31 -> 0 | CM31: =CI31+CJ31-CK31-CL31 -> 0 | CN31: =CR30 -> 0.05 | CO31: 0 | CP31: 0 | CQ31: =CPP!R31 -> 0 | CR31: =CN31+CO31-CP31-CQ31 -> 0.05 | CS31: =CW30 -> 0 | CT31: 0 | CU31: 0 | CV31: =CPP!S31 -> 0 | CW31: =CS31+CT31-CU31-CV31 -> 0 | CX31: =DB30 -> 0 | CY31: 0 | CZ31: 0 | DA31: =CPP!T31 -> 0 | DB31: =CX31+CY31-CZ31-DA31 -> 0 | DC31: =DG30 -> 0.01 | DD31: 0 | DE31: 0 | DF31: =CPP!U31 -> 0 | DG31: =DC31+DD31-DE31-DF31 -> 0.01 | DH31: =DL30 -> 0 | DI31: 0 | DJ31: 0 | DK31: =CPP!V31 -> 0 | DL31: =DH31+DI31-DJ31-DK31 -> 0 | DM31: =DQ30 -> 432 | DN31: 32 | DO31: 0 | DP31: =CPP!W31 -> 0 | DQ31: =DM31+DN31-DO31-DP31 -> 464 | DR31: =DV30 -> 0.01 | DS31: 0 | DT31: 0 | DU31: =CPP!X31 -> 0 | DV31: =DR31+DS31-DT31-DU31 -> 0.01 | DW31: =EA30 -> 0 | DX31: 0 | DY31: 0 | DZ31: =CPP!Y31 -> 0 | EA31: =DW31+DX31-DY31-DZ31 -> 0 | EB31: =L31+AP31+AU31+AZ31+BE31+BJ31+BT31+BY31+CD31+CI31+CS31+CX31+DC31+DH31+DM31+DW31+X31+DR31 -> 2916.047 | EC31: =M31+Y31+AM31+AQ31+AV31+BA31+BF31+BK31+BP31+BU31+BZ31+CT31+CY31+DD31+DI31+DN31+DX31+DS31 -> 559.94 | ED31: =O31+AA31+AN31+AR31+AW31+BB31+BG31+BL31+BQ31+BV31+CA31+CU31+CZ31+DE31+DJ31+DO31+DY31+DT31+AI31 -> 246 | EE31: =EB31+EC31-ED31-N31-Z31-AS31-AX31-BC31-BH31-BM31-BR31-BW31-CV31-DA31-DF31-DK31-DP31-DZ31-DU31 -> 3229.987 | EF31: =R31+AC31+AG31+AL31+CN31 -> 3716.37 | EG31: =S31+AD31+AH31+CE31+CJ31+CO31 -> 89.65 | EH31: =CPP!D31+CPP!E31+CPP!F31+CPP!G31+CPP!H31+CPP!I31+CPP!J31+CPP!K31+CPP!L31+CPP!M31+CPP!N31+CPP!O31+CPP!P31+CPP!Q31+CPP!R31+CPP!S31+DA31+DF31+DK31+CPP!W31+DU31 -> 150 | EI31: =EF31+EG31-CPP!G31-CPP!E31-CPP!F31-CPP!P31-CPP!Q31-CL31-CQ31-DU31 -> 3656.02 | EJ31: =EM30 -> 11919.642 | EK31: 1490 | EL31: ='Daily CEM-1'!AG32+'Daily CEM - 2'!AF32-EQ31 -> 2058.412 | EM31: =EJ31+EK31-EL31-EN31 -> 11351.23 | EN31: 0 | EO31: =ER30 -> 89.258008 | EP31: 0 | EQ31: 0 | ER31: =EO31+EP31-EQ31 -> 89.258008 | ES31: =ET31-EP31 -> 1198.24 | ET31: 1198.24 | EU31: =EL31+EQ31 -> 2058.412
B32: 30 | C32: =G31 -> 1127.84 | D32: 63.48 | E32: =F32+'RAW MILL 2'!F32 -> 43 | F32: 41 | G32: =C32+D32-E32 -> 1148.32 | H32: =K31 -> 1044.14 | I32: =Production2!N32+Production2!Q32 -> 1564.26 | J32: =Production2!K32 -> 1317.5 | K32: =H32+I32-J32 -> 1290.9 | L32: =Q31 -> 0 | M32: 0 | N32: =CPP!D32 -> 0 | O32: 0 | P32: =N32+O32 -> 0 | Q32: =L32+M32-O32-N32 -> 0 | R32: =W31 -> 0 | S32: 0 | T32: =CPP!E32 -> 0 | U32: 0 | V32: =T32+U32 -> 0 | W32: =R32+S32-V32 -> 0 | X32: =AB31 -> 0.04 | Y32: 0 | Z32: =CPP!H32 -> 0 | AA32: 0 | AB32: =X32+Y32-AA32-Z32 -> 0.04 | AC32: =AF31 -> 0 | AD32: 0 | AE32: 0 | AF32: =AC32+AD32-AE32 -> 0 | AG32: =AK31 -> 3655.97 | AH32: 0 | AI32: 0 | AJ32: =CPP!G32 -> 122 | AK32: =AG32+AH32-AI32-AJ32 -> 3533.97 | AL32: =AO31 -> 0 | AM32: 0 | AN32: 0 | AO32: =AL32+AM32-AN32 -> 0 | AP32: =AT31 -> 0 | AQ32: 0 | AR32: 0 | AS32: =CPP!I32 -> 0 | AT32: =AP32+AQ32-AR32-AS32 -> 0 | AU32: =AY31 -> 0 | AV32: 0 | AW32: 0 | AX32: =CPP!J32 -> 0 | AY32: =AU32+AV32-AW32-AX32 -> 0 | AZ32: =BD31 -> 2765.927 | BA32: 215.22 | BB32: 170 | BC32: =CPP!K32 -> 0 | BD32: =AZ32+BA32-BB32-BC32 -> 2811.147 | BE32: =BI31 -> 0 | BF32: 0 | BG32: 0 | BH32: =CPP!L32 -> 0 | BI32: =BE32+BF32-BG32-BH32 -> 0 | BJ32: =BN31 -> 0 | BK32: 0 | BL32: 0 | BM32: =CPP!M32 -> 0 | BN32: =BJ32+BK32-BL32-BM32 -> 0 | BO32: =BS31 -> 0 | BP32: 0 | BQ32: 0 | BR32: =CPP!N32 -> 0 | BS32: =BO32+BP32-BQ32-BR32 -> 0 | BT32: =BX31 -> 0 | BU32: 0 | BV32: 0 | BW32: =CPP!O32 -> 0 | BX32: =BT32+BU32-BV32-BW32 -> 0 | BY32: =CC31 -> 0 | BZ32: 0 | CA32: 0 | CC32: =BY32+BZ32-CA32-CB32 -> 0 | CD32: =CH31 -> 0 | CE32: 0 | CF32: 0 | CG32: =CPP!P32 -> 0 | CH32: =CD32+CE32-CF32-CG32 -> 0 | CI32: =CM31 -> 0 | CJ32: 0 | CK32: 0 | CL32: =CPP!Q32 -> 0 | CM32: =CI32+CJ32-CK32-CL32 -> 0 | CN32: =CR31 -> 0.05 | CO32: 0 | CP32: 0 | CQ32: =CPP!R32 -> 0 | CR32: =CN32+CO32-CP32-CQ32 -> 0.05 | CS32: =CW31 -> 0 | CT32: 0 | CU32: 0 | CV32: =CPP!S32 -> 0 | CW32: =CS32+CT32-CU32-CV32 -> 0 | CX32: =DB31 -> 0 | CY32: 0 | CZ32: 0 | DA32: =CPP!T32 -> 0 | DB32: =CX32+CY32-CZ32-DA32 -> 0 | DC32: =DG31 -> 0.01 | DD32: 0 | DE32: 0 | DF32: =CPP!U32 -> 0 | DG32: =DC32+DD32-DE32-DF32 -> 0.01 | DH32: =DL31 -> 0 | DI32: 0 | DJ32: 0 | DK32: =CPP!V32 -> 0 | DL32: =DH32+DI32-DJ32-DK32 -> 0 | DM32: =DQ31 -> 464 | DN32: 32 | DO32: 0 | DP32: =CPP!W32 -> 0 | DQ32: =DM32+DN32-DO32-DP32 -> 496 | DR32: =DV31 -> 0.01 | DS32: 0 | DT32: 0 | DU32: =CPP!X32 -> 0 | DV32: =DR32+DS32-DT32-DU32 -> 0.01 | DW32: =EA31 -> 0 | DX32: 0 | DY32: 0 | DZ32: =CPP!Y32 -> 0 | EA32: =DW32+DX32-DY32-DZ32 -> 0 | EB32: =L32+AP32+AU32+AZ32+BE32+BJ32+BT32+BY32+CD32+CI32+CS32+CX32+DC32+DH32+DM32+DW32+X32+DR32 -> 3229.987 | EC32: =M32+Y32+AM32+AQ32+AV32+BA32+BF32+BK32+BP32+BU32+BZ32+CT32+CY32+DD32+DI32+DN32+DX32+DS32 -> 247.22 | ED32: =O32+AA32+AN32+AR32+AW32+BB32+BG32+BL32+BQ32+BV32+CA32+CU32+CZ32+DE32+DJ32+DO32+DY32+DT32+AI32 -> 170 | EE32: =EB32+EC32-ED32-N32-Z32-AS32-AX32-BC32-BH32-BM32-BR32-BW32-CV32-DA32-DF32-DK32-DP32-DZ32-DU32 -> 3307.207 | EF32: =R32+AC32+AG32+AL32+CN32 -> 3656.02 | EG32: =S32+AD32+AH32+CE32+CJ32+CO32 -> 0 | EH32: =CPP!D32+CPP!E32+CPP!F32+CPP!G32+CPP!H32+CPP!I32+CPP!J32+CPP!K32+CPP!L32+CPP!M32+CPP!N32+CPP!O32+CPP!P32+CPP!Q32+CPP!R32+CPP!S32+DA32+DF32+DK32+CPP!W32+DU32 -> 122 | EI32: =EF32+EG32-CPP!G32-CPP!E32-CPP!F32-CPP!P32-CPP!Q32-CL32-CQ32-DU32 -> 3534.02 | EJ32: =EM31 -> 11351.23 | EK32: 850 | EL32: ='Daily CEM-1'!AG33+'Daily CEM - 2'!AF33-EQ32 -> 2254.9525 | EM32: =EJ32+EK32-EL32-EN32 -> 9946.2771 | EN32: 0 | EO32: =ER31 -> 89.258008 | EP32: 0 | EQ32: 0 | ER32: =EO32+EP32-EQ32 -> 89.258008 | ES32: =ET32-EP32 -> 479.81 | ET32: 479.81 | EU32: =EL32+EQ32 -> 2254.9525
B33: 31 | C33: =G32 -> 1148.32 | D33: 0 | E33: =F33+'RAW MILL 2'!F33 -> 0 | F33: 0 | G33: =C33+D33-E33 -> 1148.32 | H33: =K32 -> 1290.9 | I33: =Production2!N33+Production2!Q33 -> 0 | J33: =Production2!K33 -> 0 | K33: =H33+I33-J33 -> 1290.9 | L33: =Q32 -> 0 | M33: 0 | N33: =CPP!D33 -> 0 | O33: 0 | P33: =N33+O33 -> 0 | Q33: =L33+M33-O33-N33 -> 0 | R33: =W32 -> 0 | S33: 0 | T33: =CPP!E33 -> 0 | U33: 0 | V33: =T33+U33 -> 0 | W33: =R33+S33-V33 -> 0 | X33: =AB32 -> 0.04 | Y33: 0 | Z33: =CPP!H33 -> 0 | AA33: 0 | AB33: =X33+Y33-AA33-Z33 -> 0.04 | AC33: =AF32 -> 0 | AD33: 0 | AE33: 0 | AF33: =AC33+AD33-AE33 -> 0 | AG33: =AK32 -> 3533.97 | AH33: 0 | AI33: 0 | AJ33: =CPP!G33 -> 0 | AK33: =AG33+AH33-AI33-AJ33 -> 3533.97 | AL33: =AO32 -> 0 | AM33: 0 | AN33: 0 | AO33: =AL33+AM33-AN33 -> 0 | AP33: =AT32 -> 0 | AQ33: 0 | AR33: 0 | AS33: =CPP!I33 -> 0 | AT33: =AP33+AQ33-AR33-AS33 -> 0 | AU33: =AY32 -> 0 | AV33: 0 | AW33: 0 | AX33: =CPP!J33 -> 0 | AY33: =AU33+AV33-AW33-AX33 -> 0 | AZ33: =BD32 -> 2811.147 | BA33: 0 | BB33: 0 | BC33: =CPP!K33 -> 0 | BD33: =AZ33+BA33-BB33-BC33 -> 2811.147 | BE33: =BI32 -> 0 | BF33: 0 | BG33: 0 | BH33: =CPP!L33 -> 0 | BI33: =BE33+BF33-BG33-BH33 -> 0 | BJ33: =BN32 -> 0 | BK33: 0 | BL33: 0 | BM33: =CPP!M33 -> 0 | BN33: =BJ33+BK33-BL33-BM33 -> 0 | BO33: =BS32 -> 0 | BP33: 0 | BQ33: 0 | BR33: =CPP!N33 -> 0 | BS33: =BO33+BP33-BQ33-BR33 -> 0 | BT33: =BX32 -> 0 | BU33: 0 | BV33: 0 | BW33: =CPP!O33 -> 0 | BX33: =BT33+BU33-BV33-BW33 -> 0 | BY33: =CC32 -> 0 | BZ33: 0 | CA33: 0 | CC33: =BY33+BZ33-CA33-CB33 -> 0 | CD33: =CH32 -> 0 | CE33: 0 | CF33: 0 | CG33: =CPP!P33 -> 0 | CH33: =CD33+CE33-CF33-CG33 -> 0 | CI33: =CM32 -> 0 | CJ33: 0 | CK33: 0 | CL33: =CPP!Q33 -> 0 | CM33: =CI33+CJ33-CK33-CL33 -> 0 | CN33: =CR32 -> 0.05 | CO33: 0 | CP33: 0 | CQ33: =CPP!R33 -> 0 | CR33: =CN33+CO33-CP33-CQ33 -> 0.05 | CS33: =CW32 -> 0 | CT33: 0 | CU33: 0 | CV33: =CPP!S33 -> 0 | CW33: =CS33+CT33-CU33-CV33 -> 0 | CX33: =DB32 -> 0 | CY33: 0 | CZ33: 0 | DA33: =CPP!T33 -> 0 | DB33: =CX33+CY33-CZ33-DA33 -> 0 | DC33: =DG32 -> 0.01 | DD33: 0 | DE33: 0 | DF33: =CPP!U33 -> 0 | DG33: =DC33+DD33-DE33-DF33 -> 0.01 | DH33: =DL32 -> 0 | DI33: 0 | DJ33: 0 | DK33: =CPP!V33 -> 0 | DL33: =DH33+DI33-DJ33-DK33 -> 0 | DM33: =DQ32 -> 496 | DN33: 0 | DO33: 0 | DP33: =CPP!W33 -> 0 | DQ33: =DM33+DN33-DO33-DP33 -> 496 | DR33: =DV32 -> 0.01 | DS33: 0 | DT33: 0 | DU33: =CPP!X33 -> 0 | DV33: =DR33+DS33-DT33-DU33 -> 0.01 | DW33: =EA32 -> 0 | DX33: 0 | DY33: 0 | DZ33: =CPP!Y33 -> 0 | EA33: =DW33+DX33-DY33-DZ33 -> 0 | EB33: =L33+AP33+AU33+AZ33+BE33+BJ33+BT33+BY33+CD33+CI33+CS33+CX33+DC33+DH33+DM33+DW33+X33+DR33 -> 3307.207 | EC33: =M33+Y33+AM33+AQ33+AV33+BA33+BF33+BK33+BP33+BU33+BZ33+CT33+CY33+DD33+DI33+DN33+DX33+DS33 -> 0 | ED33: =O33+AA33+AN33+AR33+AW33+BB33+BG33+BL33+BQ33+BV33+CA33+CU33+CZ33+DE33+DJ33+DO33+DY33+DT33+AI33 -> 0 | EE33: =EB33+EC33-ED33-N33-Z33-AS33-AX33-BC33-BH33-BM33-BR33-BW33-CV33-DA33-DF33-DK33-DP33-DZ33-DU33 -> 3307.207 | EF33: =R33+AC33+AG33+AL33+CN33 -> 3534.02 | EG33: =S33+AD33+AH33+CE33+CJ33+CO33 -> 0 | EH33: =CPP!D33+CPP!E33+CPP!F33+CPP!G33+CPP!H33+CPP!I33+CPP!J33+CPP!K33+CPP!L33+CPP!M33+CPP!N33+CPP!O33+CPP!P33+CPP!Q33+CPP!R33+CPP!S33+DA33+DF33+DK33+CPP!W33+DU33 -> 0 | EI33: =EF33+EG33-CPP!G33-CPP!E33-CPP!F33-CPP!P33-CPP!Q33-CL33-CQ33-DU33 -> 3534.02 | EJ33: =EM32 -> 9946.2771 | EK33: 0 | EL33: ='Daily CEM-1'!AG34+'Daily CEM - 2'!AF34-EQ33 -> 0 | EM33: =EJ33+EK33-EL33-EN33 -> 9946.2771 | EN33: 0 | EO33: =ER32 -> 89.258008 | EP33: 0 | EQ33: 0 | ER33: =EO33+EP33-EQ33 -> 89.258008
B34: MTD | D34: =SUM(D3:D33) -> 254.4 | E34: =SUM(E3:E33) -> 1754 | H34: =SUM(H3:H32) -> 29479.161 | I34: =SUM(I3:I33) -> 63260.16 | J34: =SUM(J3:J33) -> 63236.9 | K34: =SUM(K3:K32) -> 29502.421 | L34: =SUM(L3:L32) -> 0 | M34: =SUM(M3:M33) -> 0 | N34: =SUM(N3:N33) -> 0 | O34: =SUM(O3:O33) -> 0 | P34: =SUM(P3:P33) -> 0 | Q34: =SUM(Q3:Q33) -> 0 | R34: =SUM(R3:R33) -> 0 | S34: =SUM(S3:S33) -> 0 | T34: =SUM(T3:T33) -> 0 | ... AF34: =SUM(AF3:AF33) -> 0 | AH34: =SUM(AH3:AH33) -> 3763.3 | AJ34: =SUM(AJ3:AJ33) -> 4278 | AL34: =SUM(AL3:AL33) -> 0 | AM34: =SUM(AM3:AM33) -> 0 | AN34: =SUM(AN3:AN33) -> 0 | AO34: =SUM(AO3:AO33) -> 0 | AP34: =SUM(AP3:AP33) -> 0 | AQ34: =SUM(AQ3:AQ33) -> 0 | AR34: =SUM(AR3:AR33) -> 0 | AS34: =SUM(AS3:AS33) -> 0 | ... BH34: =SUM(BH3:BH33) -> 0 | BK34: =SUM(BK3:BK33) -> 0 | BL34: =SUM(BL3:BL33) -> 0 | BM34: =SUM(BM3:BM33) -> 0 | BP34: =SUM(BP3:BP33) -> 0 | BQ34: =SUM(BQ3:BQ33) -> 0 | BR34: =SUM(BR3:BR33) -> 0 | BT34: =SUM(BT3:BT33) -> 0 | BU34: =SUM(BU3:BU33) -> 0 | BV34: =SUM(BV3:BV33) -> 0 | BW34: =SUM(BW3:BW33) -> 0 | BZ34: =SUM(BZ3:BZ33) -> 0 | CA34: =SUM(CA3:CA33) -> 0 | CB34: =SUM(CB3:CB33) -> 0 | CC34: =SUM(CC3:CC33) -> 0 | CO34: =SUM(CO3:CO33) -> 0 | CP34: =SUM(CP3:CP33) -> 0 | CQ34: =SUM(CQ3:CQ33) -> 0 | CT34: =SUM(CT3:CT33) -> 0 | CU34: =SUM(CU3:CU33) -> 0 | CV34: =SUM(CV3:CV33) -> 0 | CY34: =SUM(CY3:CY33) -> 0 | CZ34: =SUM(CZ3:CZ33) -> 0 | DA34: =SUM(DA3:DA33) -> 0 | DD34: =SUM(DD3:DD33) -> 0 | DE34: =SUM(DE3:DE33) -> 7.1 | DF34: =SUM(DF3:DF33) -> 0 | DI34: =SUM(DI3:DI33) -> 0 | DJ34: =SUM(DJ3:DJ33) -> 0 | DK34: =SUM(DK3:DK33) -> 0 | DN34: =SUM(DN3:DN33) -> 284 | DO34: =SUM(DO3:DO33) -> 0 | DP34: =SUM(DP3:DP33) -> 0 | DS34: =SUM(DS3:DS33) -> 0 | DT34: =SUM(DT3:DT33) -> 2933.89 | DU34: =SUM(DU3:DU33) -> 0 | DX34: =SUM(DX3:DX33) -> 0 | DY34: =SUM(DY3:DY33) -> 0 | DZ34: =SUM(DZ3:DZ33) -> 0 | EC34: =SUM(EC3:EC33) -> 5784.68 | ED34: =SUM(ED3:ED33) -> 7095.55 | EE34: =SUM(EE3:EE33) -> 102473.2 | EF34: =SUM(EF3:EF33) -> 125916.57 | EG34: =SUM(EG3:EG33) -> 3763.3 | EH34: =SUM(EH3:EH33) -> 4288 | EI34: =SUM(EI3:EI33) -> 125401.87 | EJ34: =SUM(EJ3:EJ33) -> 646642.59 | ... EN34: =SUM(EN3:EN33) -> 0 | EP34: =SUM(EP3:EP33) -> 0 | EQ34: =SUM(EQ3:EQ33) -> 5216.851
B35: YTD | D35: =D36+SUM(D3:D33) -> 671.68 | E35: =E36+SUM(E3:E33) -> 4889 | I35: =I36+SUM(I3:I33) -> 189545.75 | J35: =J36+SUM(J3:J33) -> 195802.2 | M35: =M36+SUM(M3:M33) -> 0 | N35: =N36+SUM(N3:N33) -> 0 | O35: =O36+SUM(O3:O33) -> 0 | P35: =P36+SUM(P3:P33) -> 0 | S35: =S36+SUM(S3:S33) -> 0 | T35: =T36+SUM(T3:T33) -> 0 | V35: =SUM(V3:V33)+V36 -> 0 | Y35: =Y36+SUM(Y3:Y33) -> 0 | AA35: =AA36+SUM(AA3:AA33) -> 8686.84 | AD35: =AD36+SUM(AD3:AD33) -> 0 | AE35: =AE36+SUM(AE3:AE33) -> 0 | AH35: =AH36+SUM(AH3:AH33) -> 5904.25 | AJ35: =AJ36+SUM(AJ3:AJ33) -> 11103 | AL35: =AL36+SUM(AL3:AL33) -> 0 | AM35: =AM36+SUM(AM3:AM33) -> 0 | AN35: =AN36+SUM(AN3:AN33) -> 0 | AO35: =AO36+SUM(AO3:AO33) -> 0 | AP35: =AP36+SUM(AP3:AP33) -> 0 | AQ35: =AQ36+SUM(AQ3:AQ33) -> 0 | AR35: =AR36+SUM(AR3:AR33) -> 0 | AS35: =AS36+SUM(AS3:AS33) -> 0 | AU35: =AU36+SUM(AU3:AU33) -> 0 | AV35: =AV36+SUM(AV3:AV33) -> 0 | AW35: =AW36+SUM(AW3:AW33) -> 0 | AX35: =AX36+SUM(AX3:AX33) -> 0 | AY35: =AY36+SUM(AY3:AY33) -> 0 | BA35: =BA36+SUM(BA3:BA33) -> 5912.42 | BB35: =BB36+SUM(BB3:BB33) -> 3091.56 | BC35: =BC36+SUM(BC3:BC33) -> 10 | BE35: =BE36+SUM(BE3:BE33) -> 0 | BF35: =BF36+SUM(BF3:BF33) -> 0 | BG35: =BG36+SUM(BG3:BG33) -> 0 | BH35: =BH36+SUM(BH3:BH33) -> 0 | BK35: =BK36+SUM(BK3:BK33) -> 0 | BL35: =BL36+SUM(BL3:BL33) -> 0 | BM35: =BM36+SUM(BM3:BM33) -> 0 | BP35: =BP36+SUM(BP3:BP33) -> 0 | BQ35: =BQ36+SUM(BQ3:BQ33) -> 0 | BR35: =BR36+SUM(BR3:BR33) -> 0 | BU35: =BU36+SUM(BU3:BU33) -> 0 | BV35: =BV36+SUM(BV3:BV33) -> 0 | BW35: =BW36+SUM(BW3:BW33) -> 0 | BZ35: =BZ36+SUM(BZ3:BZ33) -> 0 | CA35: =CA36+SUM(CA3:CA33) -> 0 | CB35: =CB36+SUM(CB3:CB33) -> 0 | CE35: =CE36+SUM(CE3:CE33) -> 0 | CF35: =CF36+SUM(CF3:CF33) -> 0 | CG35: =CG36+SUM(CG3:CG33) -> 0 | CJ35: =CJ36+SUM(CJ3:CJ33) -> 0 | CK35: =CK36+SUM(CK3:CK33) -> 0 | CL35: =CL36+SUM(CL3:CL33) -> 0 | CO35: =CO36+SUM(CO3:CO33) -> 0 | CP35: =CP36+SUM(CP3:CP33) -> 0 | CQ35: =CQ36+SUM(CQ3:CQ33) -> 0 | CT35: =CT36+SUM(CT3:CT33) -> 0 | CU35: =CU36+SUM(CU3:CU33) -> 0 | CV35: =CV36+SUM(CV3:CV33) -> 0 | CY35: =CY36+SUM(CY3:CY33) -> 0 | CZ35: =CZ36+SUM(CZ3:CZ33) -> 0 | DA35: =DA36+SUM(DA3:DA33) -> 0 | DD35: =DD36+SUM(DD3:DD33) -> 0 | DE35: =DE36+SUM(DE3:DE33) -> 305.99 | DF35: =DF36+SUM(DF3:DF33) -> 0 | DI35: =DI36+SUM(DI3:DI33) -> 0 | DJ35: =DJ36+SUM(DJ3:DJ33) -> 0 | DK35: =DK36+SUM(DK3:DK33) -> 0 | DN35: =DN36+SUM(DN3:DN33) -> 496 | DO35: =DO36+SUM(DO3:DO33) -> 0 | DP35: =DP36+SUM(DP3:DP33) -> 0 | DS35: =DS36+SUM(DS3:DS33) -> 181.5 | DT35: =DT36+SUM(DT3:DT33) -> 5675.59 | DU35: =DU36+SUM(DU3:DU33) -> 20 | DX35: =DX36+SUM(DX3:DX33) -> 0 | DY35: =DY36+SUM(DY3:DY33) -> 0 | DZ35: =DZ36+SUM(DZ3:DZ33) -> 0 | EC35: =EC36+SUM(EC3:EC33) -> 6589.92 | ED35: =ED36+SUM(ED3:ED33) -> 21812.86 | EG35: =EG36+SUM(EG3:EG33) -> 5904.25 | EH35: =EH36+SUM(EH3:EH33) -> 12460 | EK35: =EK36+SUM(EK3:EK33) -> 126324 | EL35: =EL36+SUM(EL3:EL33) -> 119659.26 | EN35: =EN36+SUM(EN3:EN33) -> 0 | EP35: =EP36+SUM(EP3:EP33) -> 13390.66 | EQ35: =EQ36+SUM(EQ3:EQ33) -> 22150.951
B36: YTD | D36: 417.28 | E36: 3135 | I36: 126285.59 | J36: 132565.3 | M36: 0 | N36: 0 | O36: 0 | P36: 0 | S36: 0 | T36: 0 | V36: 0 | Y36: 0 | AA36: 7623.84 | AD36: 0 | AE36: 0 | AH36: 2140.95 | AJ36: 6825 | AL36: 0 | AM36: 0 | AN36: 0 | AO36: 0 | AP36: 0 | AQ36: 0 | AR36: 0 | AS36: 0 | AU36: 0 | AV36: 0 | AW36: 0 | AX36: 0 | AY36: 0 | BA36: 411.74 | BB36: 0 | BC36: 0 | BE36: 0 | BF36: 0 | BG36: 0 | BH36: 0 | BK36: 0 | BL36: 0 | BM36: 0 | BP36: 0 | BQ36: 0 | BR36: 0 | BU36: 0 | BV36: 0 | BW36: 0 | BZ36: 0 | CA36: 0 | CB36: 0 | CE36: 0 | CF36: 0 | CG36: 0 | CJ36: 0 | CK36: 0 | CL36: 0 | CO36: 0 | CP36: 0 | CQ36: 0 | CT36: 0 | CU36: 0 | CV36: 0 | CY36: 0 | CZ36: 0 | DA36: 0 | DD36: 0 | DE36: 298.89 | DF36: 0 | DI36: 0 | DJ36: 0 | DK36: 0 | DN36: 212 | DO36: 0 | DP36: 0 | DS36: 181.5 | DT36: 2741.7 | DU36: 20 | DX36: 0 | DY36: 0 | DZ36: 0 | EC36: 805.24 | ED36: 14717.31 | EG36: 2140.95 | EH36: 8172 | EK36: 85526 | EL36: 62861.731 | EN36: 0 | EP36: 13390.66 | EQ36: 16934.1

Sheet RAW MILL 2
B1: APRIL | C1: HG | D1: CLAY | E1: SAND | F1: IRON ORE | G1: BAUXITE | H1: TOTAL WET
B2: Date | C2: CONSUMPTION | D2: CONSUMPTION | E2: CONSUMPTION | F2: CONSUMPTION | H2: PRODUCTION
B3: 1 | C3: 256 | D3: 0 | E3: 0 | F3: 4 | H3: =SUM(C3:G3) -> 260
B4: 2 | C4: 192 | D4: 1 | E4: 0 | F4: 5 | H4: =SUM(C4:G4) -> 198
B5: 3 | C5: 194 | D5: 6 | E5: 0 | F5: 5 | H5: =SUM(C5:G5) -> 205
B6: 4 | C6: 219 | D6: 5 | E6: 0 | F6: 6 | H6: =SUM(C6:G6) -> 230
B7: 5 | C7: 190 | D7: 4 | E7: 0 | F7: 5 | H7: =SUM(C7:G7) -> 199
B8: 6 | C8: 119 | D8: 3 | E8: 0 | F8: 3 | H8: =SUM(C8:G8) -> 125
B9: 7 | C9: 134 | D9: 4 | E9: 0 | F9: 4 | H9: =SUM(C9:G9) -> 142
B10: 8 | C10: 159 | D10: 2 | E10: 0 | F10: 4 | H10: =SUM(C10:G10) -> 165
B11: 9 | C11: 206 | D11: 3 | E11: 0 | F11: 6 | H11: =SUM(C11:G11) -> 215
B12: 10 | C12: 176 | D12: 4 | E12: 0 | F12: 6 | H12: =SUM(C12:G12) -> 186
B13: 11 | C13: 188 | D13: 5 | E13: 0 | F13: 4 | H13: =SUM(C13:G13) -> 197
B14: 12 | C14: 170 | D14: 5 | E14: 0 | F14: 4 | H14: =SUM(C14:G14) -> 179
... B26: 24 | C26: 0 | D26: 0 | E26: 0 | F26: 0 | H26: =SUM(C26:G26) -> 0
B27: 25 | C27: 207 | D27: 1 | E27: 0 | F27: 4 | G27: 2 | H27: =SUM(C27:G27) -> 214
B28: 26 | C28: 187 | D28: 1 | E28: 0 | F28: 4 | G28: 2 | H28: =SUM(C28:G28) -> 194
B29: 27 | C29: 148 | D29: 1 | E29: 0 | F29: 3 | G29: 2 | H29: =SUM(C29:G29) -> 154
B30: 28 | C30: 186 | D30: 1 | E30: 0 | F30: 2 | G30: 1 | H30: =SUM(C30:G30) -> 190
B31: 29 | C31: 160 | D31: 1 | E31: 0 | F31: 5 | G31: 1 | H31: =SUM(C31:G31) -> 167
B32: 30 | C32: 90 | D32: 3 | E32: 0 | F32: 2 | G32: 1 | H32: =SUM(C32:G32) -> 96
B33: 31 | C33: 0 | D33: 0 | E33: 0 | F33: 0 | H33: =SUM(C33:G33) -> 0
B34: MTD | C34: =SUM(C3:C33) -> 3557 | D34: =SUM(D3:D33) -> 59 | E34: =SUM(E3:E33) -> 0 | H34: =SUM(H3:H33) -> 3712
B35: YTD | C35: =C36+SUM(C3:C33) -> 9426 | D35: =D36+SUM(D3:D33) -> 151 | E35: =E36+SUM(E3:E33) -> 33 | H35: =H36+SUM(H3:H33) -> 9833
B36: YTD | C36: 5869 | D36: 92 | E36: 33 | H36: 6121
D39: =C36+D36+#REF!+#REF!+Cement!Q36+Cement!V36 -> #REF! | E39: =#REF!+E36+#REF!+#REF!+Cement!R36+Cement!W36 -> #REF!

Sheet Cement
B1: DEC | C1: Gypsum | H1: STAREX | L1: MAPEI | P1: LG1 | U1: TG | Y1: SPG | AC1: LS-2 | AH1: Total
B2: Date | C2: Opening Stock | D2: Production | E2: Cons dry | F2: Cons wet | G2: Closing Stock | H2: Opening Stock | I2: Production | J2: Consumption | K2: Closing Stock | L2: Opening Stock | M2: Production | N2: Consumption | O2: Closing Stock | P2: Opening Stock | Q2: Production | R2: Cons DRY | S2: CONS WET | T2: Closing Stock | U2: Opening Stock | V2: Production | W2: Consumption | X2: Closing Stock | Y2: Opening Stock | Z2: Production | AA2: Consumption | AB2: Closing Stock | AC2: Opening Stock | AD2: Production | AE2: Consumption | AF2: Closing Stock
B3: 1 | C3: 4208.3305 | D3: 0 | E3: ='Daily CEM-1'!AI4+'Daily CEM - 2'!AH4 -> 100.85 | F3: =E3/0.95 -> 106.15789 | G3: =C3+D3-F3 -> 4102.1726 | H3: 0.24 | I3: 0 | J3: 0 | K3: =H3+I3-J3 -> 0.24 | L3: 0 | M3: 0 | N3: 0 | O3: 0 | Q3: 0 | R3: ='Daily CEM-1'!AH4+'Daily CEM - 2'!AG4 -> 304.81 | S3: =R3/0.9 -> 338.67778 | U3: 0 | V3: 0 | W3: 0 | X3: =U3+V3-W3 -> 0 | Y3: 0 | Z3: 0 | AA3: 0 | AB3: =Y3+Z3-AA3 -> 0 | AC3: 0 | AD3: 0 | AE3: 0 | AF3: =AC3+AD3-AE3 -> 0 | AH3: =E3+R3+Clinker!EL3+AE3 -> 2017 | AJ3: =R3+W3 -> 304.81
B4: 2 | C4: =G3 -> 4102.1726 | D4: 0 | E4: ='Daily CEM-1'!AI5+'Daily CEM - 2'!AH5 -> 111.452 | F4: =E4/0.95 -> 117.31789 | G4: =C4+D4-F4 -> 3984.8547 | H4: =K3 -> 0.24 | I4: 0 | J4: 0 | K4: =H4+I4-J4 -> 0.24 | L4: 0 | M4: 0 | N4: 0 | O4: 0 | Q4: 0 | R4: ='Daily CEM-1'!AH5+'Daily CEM - 2'!AG5 -> 378.54 | S4: =R4/0.9 -> 420.6 | U4: =X3 -> 0 | V4: 0 | W4: 0 | X4: =U4+V4-W4 -> 0 | Y4: =AB3 -> 0 | Z4: 0 | AA4: 0 | AB4: =Y4+Z4-AA4 -> 0 | AC4: 0 | AD4: 0 | AE4: 0 | AF4: =AC4+AD4-AE4 -> 0 | AH4: =E4+R4+Clinker!EL4+AE4 -> 2273 | AJ4: =R4+W4 -> 378.54
B5: 3 | C5: =G4 -> 3984.8547 | D5: 0 | E5: ='Daily CEM-1'!AI6+'Daily CEM - 2'!AH6 -> 154.62 | F5: =E5/0.95 -> 162.75789 | G5: =C5+D5-F5 -> 3822.0969 | H5: =K4 -> 0.24 | I5: 0 | J5: 0 | K5: =H5+I5-J5 -> 0.24 | L5: 0 | M5: 0 | N5: 0 | O5: 0 | Q5: 0 | R5: ='Daily CEM-1'!AH6+'Daily CEM - 2'!AG6 -> 508.14 | S5: =R5/0.9 -> 564.6 | U5: =X4 -> 0 | V5: 0 | W5: 0 | X5: =U5+V5-W5 -> 0 | Y5: =AB4 -> 0 | Z5: 0 | AA5: 0 | AB5: =Y5+Z5-AA5 -> 0 | AC5: 0 | AD5: 0 | AE5: 0 | AF5: =AC5+AD5-AE5 -> 0 | AH5: =E5+R5+Clinker!EL5+AE5 -> 2937 | AJ5: =R5+W5 -> 508.14
B6: 4 | C6: =G5 -> 3822.0969 | D6: 0 | E6: ='Daily CEM-1'!AI7+'Daily CEM - 2'!AH7 -> 129.3 | F6: =E6/0.95 -> 136.10526 | G6: =C6+D6-F6 -> 3685.9916 | H6: =K5 -> 0.24 | I6: 0 | J6: 0 | K6: =H6+I6-J6 -> 0.24 | L6: 0 | M6: 0 | N6: 0 | O6: 0 | Q6: 0 | R6: ='Daily CEM-1'!AH7+'Daily CEM - 2'!AG7 -> 456.58 | S6: =R6/0.9 -> 507.31111 | U6: =X5 -> 0 | V6: 0 | W6: 0 | X6: =U6+V6-W6 -> 0 | Y6: =AB5 -> 0 | Z6: 0 | AA6: 0 | AB6: =Y6+Z6-AA6 -> 0 | AC6: 0 | AD6: 0 | AE6: 0 | AF6: =AC6+AD6-AE6 -> 0 | AH6: =E6+R6+Clinker!EL6+AE6 -> 2586 | AJ6: =R6+W6 -> 456.58
B7: 5 | C7: =G6 -> 3685.9916 | D7: 31.2 | E7: ='Daily CEM-1'!AI8+'Daily CEM - 2'!AH8 -> 118.004 | F7: =E7/0.95 -> 124.21474 | G7: =C7+D7-F7 -> 3592.9769 | H7: =K6 -> 0.24 | I7: 0 | J7: 0 | K7: =H7+I7-J7 -> 0.24 | L7: 0 | M7: 0 | N7: 0 | O7: 0 | Q7: 0 | R7: ='Daily CEM-1'!AH8+'Daily CEM - 2'!AG8 -> 416.381 | S7: =R7/0.9 -> 462.64556 | U7: =X6 -> 0 | V7: 0 | W7: 0 | X7: =U7+V7-W7 -> 0 | Y7: =AB6 -> 0 | Z7: 0 | AA7: 0 | AB7: =Y7+Z7-AA7 -> 0 | AC7: 0 | AD7: 0 | AE7: 0 | AF7: =AC7+AD7-AE7 -> 0 | AH7: =E7+R7+Clinker!EL7+AE7 -> 2360 | AJ7: =R7+W7 -> 416.381
B8: 6 | C8: =G7 -> 3592.9769 | D8: 0 | E8: ='Daily CEM-1'!AI9+'Daily CEM - 2'!AH9 -> 114.541 | F8: =E8/0.95 -> 120.56947 | G8: =C8+D8-F8 -> 3472.4074 | H8: =K7 -> 0.24 | I8: 0 | J8: 0 | K8: =H8+I8-J8 -> 0.24 | L8: 0 | M8: 0 | N8: 0 | O8: 0 | Q8: 0 | R8: ='Daily CEM-1'!AH9+'Daily CEM - 2'!AG9 -> 448.865 | S8: =R8/0.9 -> 498.73889 | U8: =X7 -> 0 | V8: 0 | W8: 0 | X8: =U8+V8-W8 -> 0 | Y8: =AB7 -> 0 | Z8: 0 | AA8: 0 | AB8: =Y8+Z8-AA8 -> 0 | AC8: 0 | AD8: 0 | AE8: 0 | AF8: =AC8+AD8-AE8 -> 0 | AH8: =E8+R8+Clinker!EL8+AE8 -> 2278 | AJ8: =R8+W8 -> 448.865
B9: 7 | C9: =G8 -> 3472.4074 | D9: 0 | E9: ='Daily CEM-1'!AI10+'Daily CEM - 2'!AH10 -> 71.996001 | F9: =E9/0.95 -> 75.785264 | G9: =C9+D9-F9 -> 3396.6221 | H9: =K8 -> 0.24 | I9: 0 | J9: 0 | K9: =H9+I9-J9 -> 0.24 | L9: 0 | M9: 0 | N9: 0 | O9: 0 | Q9: 0 | R9: ='Daily CEM-1'!AH10+'Daily CEM - 2'!AG10 -> 267.2 | S9: =R9/0.9 -> 296.88889 | U9: =X8 -> 0 | V9: 0 | W9: 0 | X9: =U9+V9-W9 -> 0 | Y9: =AB8 -> 0 | Z9: 0 | AA9: 0 | AB9: =Y9+Z9-AA9 -> 0 | AC9: 0 | AD9: 0 | AE9: 0 | AF9: =AC9+AD9-AE9 -> 0 | AH9: =E9+R9+Clinker!EL9+AE9 -> 1430 | AJ9: =R9+W9 -> 267.2
B10: 8 | C10: =G9 -> 3396.6221 | D10: 0 | E10: ='Daily CEM-1'!AI11+'Daily CEM - 2'!AH11 -> 78.5 | F10: =E10/0.95 -> 82.631579 | G10: =C10+D10-F10 -> 3313.9905 | H10: =K9 -> 0.24 | I10: 0 | J10: 0 | K10: =H10+I10-J10 -> 0.24 | L10: 0 | M10: 0 | N10: 0 | O10: =L10+M10-N10 -> 0 | Q10: 0 | R10: ='Daily CEM-1'!AH11+'Daily CEM - 2'!AG11 -> 277.3585 | S10: =R10/0.9 -> 308.17611 | U10: =X9 -> 0 | V10: 0 | W10: 0 | X10: =U10+V10-W10 -> 0 | Y10: =AB9 -> 0 | Z10: 0 | AA10: 0 | AB10: =Y10+Z10-AA10 -> 0 | AC10: 0 | AD10: 0 | AE10: 0 | AF10: =AC10+AD10-AE10 -> 0 | AH10: =E10+R10+Clinker!EL10+AE10 -> 1560 | AJ10: =R10+W10 -> 277.3585
B11: 9 | C11: =G10 -> 3313.9905 | D11: 62.16 | E11: ='Daily CEM-1'!AI12+'Daily CEM - 2'!AH12 -> 85.687 | F11: =E11/0.95 -> 90.196842 | G11: =C11+D11-F11 -> 3285.9537 | H11: =K10 -> 0.24 | I11: 0 | J11: 0 | K11: =H11+I11-J11 -> 0.24 | L11: 0 | M11: 0 | N11: 0 | O11: =L11+M11-N11 -> 0 | Q11: 0 | R11: ='Daily CEM-1'!AH12+'Daily CEM - 2'!AG12 -> 265.63 | S11: =R11/0.9 -> 295.14444 | U11: =X10 -> 0 | V11: 0 | W11: 0 | X11: =U11+V11-W11 -> 0 | Y11: =AB10 -> 0 | Z11: 0 | AA11: 0 | AB11: =Y11+Z11-AA11 -> 0 | AC11: 0 | AD11: 0 | AE11: 0 | AF11: =AC11+AD11-AE11 -> 0 | AH11: =E11+R11+Clinker!EL11+AE11 -> 1717 | AJ11: =R11+W11 -> 265.63
B12: 10 | C12: =G11 -> 3285.9537 | D12: 214.88 | E12: ='Daily CEM-1'!AI13+'Daily CEM - 2'!AH13 -> 133.85 | F12: =E12/0.95 -> 140.89474 | G12: =C12+D12-F12 -> 3359.939 | H12: =K11 -> 0.24 | I12: 0 | J12: 0 | K12: =H12+I12-J12 -> 0.24 | L12: 0 | M12: 0 | N12: 0 | O12: =L12+M12-N12 -> 0 | Q12: 0 | R12: ='Daily CEM-1'!AH13+'Daily CEM - 2'!AG13 -> 447.83 | S12: =R12/0.9 -> 497.58889 | U12: =X11 -> 0 | V12: 0 | W12: 0 | X12: =U12+V12-W12 -> 0 | Y12: =AB11 -> 0 | Z12: 0 | AA12: 0 | AB12: =Y12+Z12-AA12 -> 0 | AC12: 0 | AD12: 0 | AE12: 0 | AF12: =AC12+AD12-AE12 -> 0 | AH12: =E12+R12+Clinker!EL12+AE12 -> 2657 | AJ12: =R12+W12 -> 447.83
B13: 11 | C13: =G12 -> 3359.939 | D13: 61.94 | E13: ='Daily CEM-1'!AI14+'Daily CEM - 2'!AH14 -> 146 | F13: =E13/0.95 -> 153.68421 | G13: =C13+D13-F13 -> 3268.1947 | H13: =K12 -> 0.24 | I13: 0 | J13: 0 | K13: =H13+I13-J13 -> 0.24 | L13: 0 | M13: 0 | N13: 0 | O13: =L13+M13-N13 -> 0 | Q13: 0 | R13: ='Daily CEM-1'!AH14+'Daily CEM - 2'!AG14 -> 470 | S13: =R13/0.9 -> 522.22222 | U13: =X12 -> 0 | V13: 0 | W13: 0 | X13: =U13+V13-W13 -> 0 | Y13: =AB12 -> 0 | Z13: 0 | AA13: 0 | AB13: =Y13+Z13-AA13 -> 0 | AC13: 0 | AD13: 0 | AE13: 0 | AF13: =AC13+AD13-AE13 -> 0 | AH13: =E13+R13+Clinker!EL13+AE13 -> 2920 | AJ13: =R13+W13 -> 470
B14: 12 | C14: =G13 -> 3268.1947 | D14: 62.52 | E14: ='Daily CEM-1'!AI15+'Daily CEM - 2'!AH15 -> 132.63 | F14: =E14/0.95 -> 139.61052 | G14: =C14+D14-F14 -> 3191.1042 | H14: =K13 -> 0.24 | I14: 0 | J14: 0 | K14: =H14+I14-J14 -> 0.24 | L14: 0 | M14: 0 | N14: 0 | O14: =L14+M14-N14 -> 0 | Q14: 0 | R14: ='Daily CEM-1'!AH15+'Daily CEM - 2'!AG15 -> 435.866 | S14: =R14/0.9 -> 484.29555 | U14: =X13 -> 0 | V14: 0 | W14: 0 | X14: =U14+V14-W14 -> 0 | Y14: =AB13 -> 0 | Z14: 0 | AA14: 0 | AB14: =Y14+Z14-AA14 -> 0 | AC14: 0 | AD14: 0 | AE14: 0 | AF14: =AC14+AD14-AE14 -> 0 | AH14: =E14+R14+Clinker!EL14+AE14 -> 2650 | AJ14: =R14+W14 -> 435.866
B15: 13 | C15: =G14 -> 3191.1042 | D15: 0 | E15: ='Daily CEM-1'!AI16+'Daily CEM - 2'!AH16 -> 138.997 | F15: =E15/0.95 -> 146.31263 | G15: =C15+D15-F15 -> 3044.7916 | H15: =K14 -> 0.24 | I15: 0 | J15: 0 | K15: =H15+I15-J15 -> 0.24 | L15: 0 | M15: 0 | N15: 0 | O15: =L15+M15-N15 -> 0 | Q15: 0 | R15: ='Daily CEM-1'!AH16+'Daily CEM - 2'!AG16 -> 481.4 | S15: =R15/0.9 -> 534.88889 | U15: =X14 -> 0 | V15: 0 | W15: 0 | X15: =U15+V15-W15 -> 0 | Y15: =AB14 -> 0 | Z15: 0 | AA15: 0 | AB15: =Y15+Z15-AA15 -> 0 | AC15: 0 | AD15: 0 | AE15: 0 | AF15: =AC15+AD15-AE15 -> 0 | AH15: =E15+R15+Clinker!EL15+AE15 -> 2792 | AJ15: =R15+W15 -> 481.4
B16: 14 | C16: =G15 -> 3044.7916 | D16: 0 | E16: ='Daily CEM-1'!AI17+'Daily CEM - 2'!AH17 -> 132.8 | F16: =E16/0.95 -> 139.78947 | G16: =C16+D16-F16 -> 2905.0021 | H16: =K15 -> 0.24 | I16: 0 | J16: 0 | K16: =H16+I16-J16 -> 0.24 | L16: 0 | M16: 0 | N16: 0 | O16: =L16+M16-N16 -> 0 | Q16: 0 | R16: ='Daily CEM-1'!AH17+'Daily CEM - 2'!AG17 -> 438.62 | S16: =R16/0.9 -> 487.35556 | U16: =X15 -> 0 | V16: 0 | W16: 0 | X16: =U16+V16-W16 -> 0 | Y16: =AB15 -> 0 | Z16: 0 | AA16: 0 | AB16: =Y16+Z16-AA16 -> 0 | AC16: 0 | AD16: 0 | AE16: 0 | AF16: =AC16+AD16-AE16 -> 0 | AH16: =E16+R16+Clinker!EL16+AE16 -> 2655 | AJ16: =R16+W16 -> 438.62
B17: 15 | C17: =G16 -> 2905.0021 | D17: 87.28 | E17: ='Daily CEM-1'!AI18+'Daily CEM - 2'!AH18 -> 123.04199 | F17: =E17/0.95 -> 129.51788 | G17: =C17+D17-F17 -> 2862.7642 | H17: =K16 -> 0.24 | I17: 0 | J17: 0 | K17: =H17+I17-J17 -> 0.24 | L17: 0 | M17: 0 | N17: 0 | O17: =L17+M17-N17 -> 0 | Q17: 0 | R17: ='Daily CEM-1'!AH18+'Daily CEM - 2'!AG18 -> 391.29 | S17: =R17/0.9 -> 434.76667 | U17: =X16 -> 0 | V17: 0 | W17: 0 | X17: =U17+V17-W17 -> 0 | Y17: =AB16 -> 0 | Z17: 0 | AA17: 0 | AB17: =Y17+Z17-AA17 -> 0 | AC17: 0 | AD17: 0 | AE17: 0 | AF17: =AC17+AD17-AE17 -> 0 | AH17: =E17+R17+Clinker!EL17+AE17 -> 2099.465 | AJ17: =R17+W17 -> 391.29
B18: 16 | C18: =G17 -> 2862.7642 | D18: 0 | E18: ='Daily CEM-1'!AI19+'Daily CEM - 2'!AH19 -> 144.411 | F18: =E18/0.94615 -> 152.63013 | G18: =C18+D18-F18 -> 2710.1341 | H18: =K17 -> 0.24 | I18: 0 | J18: 0 | K18: =H18+I18-J18 -> 0.24 | L18: 0 | M18: 0 | N18: 0 | O18: =L18+M18-N18 -> 0 | Q18: 0 | R18: ='Daily CEM-1'!AH19+'Daily CEM - 2'!AG19 -> 457.06 | S18: =R18/0.9 -> 507.84444 | U18: =X17 -> 0 | V18: 0 | W18: 0 | X18: =U18+V18-W18 -> 0 | Y18: =AB17 -> 0 | Z18: 0 | AA18: 0 | AB18: =Y18+Z18-AA18 -> 0 | AC18: 0 | AD18: 0 | AE18: 0 | AF18: =AC18+AD18-AE18 -> 0 | AH18: =E18+R18+Clinker!EL18+AE18 -> 1640.906 | AJ18: =R18+W18 -> 457.06
B19: 17 | C19: =G18 -> 2710.1341 | D19: 121.7 | E19: ='Daily CEM-1'!AI20+'Daily CEM - 2'!AH20 -> 140.75 | F19: =E19/0.95 -> 148.15789 | G19: =C19+D19-F19 -> 2683.6762 | H19: =K18 -> 0.24 | I19: 0 | J19: 0 | K19: =H19+I19-J19 -> 0.24 | L19: 0 | M19: 0 | N19: 0 | O19: =L19+M19-N19 -> 0 | Q19: 0 | R19: ='Daily CEM-1'!AH20+'Daily CEM - 2'!AG20 -> 504.56 | S19: =R19/0.9 -> 560.62222 | U19: =X18 -> 0 | V19: 0 | W19: 0 | X19: =U19+V19-W19 -> 0 | Y19: =AB18 -> 0 | Z19: 0 | AA19: 0 | AB19: =Y19+Z19-AA19 -> 0 | AC19: 0 | AD19: 0 | AE19: 0 | AF19: =AC19+AD19-AE19 -> 0 | AH19: =E19+R19+Clinker!EL19+AE19 -> 1622.038 | AJ19: =R19+W19 -> 504.56
B20: 18 | C20: =G19 -> 2683.6762 | D20: 208.08 | E20: ='Daily CEM-1'!AI21+'Daily CEM - 2'!AH21 -> 140.47 | F20: =E20/0.95 -> 147.86316 | G20: =C20+D20-F20 -> 2743.893 | H20: =K19 -> 0.24 | I20: 0 | J20: 0 | K20: =H20+I20-J20 -> 0.24 | L20: 0 | M20: 0 | N20: 0 | O20: =L20+M20-N20 -> 0 | Q20: 0 | R20: ='Daily CEM-1'!AH21+'Daily CEM - 2'!AG21 -> 436.98 | S20: =R20/0.9 -> 485.53333 | U20: =X19 -> 0 | V20: 0 | W20: 0 | X20: =U20+V20-W20 -> 0 | Y20: =AB19 -> 0 | Z20: 0 | AA20: 0 | AB20: =Y20+Z20-AA20 -> 0 | AC20: 0 | AD20: 0 | AE20: 0 | AF20: =AC20+AD20-AE20 -> 0 | AH20: =E20+R20+Clinker!EL20+AE20 -> 1749.808 | AJ20: =R20+W20 -> 436.98
B21: 19 | C21: =G20 -> 2743.893 | D21: 307.26 | E21: ='Daily CEM-1'!AI22+'Daily CEM - 2'!AH22 -> 149.691 | F21: =E21/0.95 -> 157.56947 | G21: =C21+D21-F21 -> 2893.5836 | H21: =K20 -> 0.24 | I21: 0 | J21: 0 | K21: =H21+I21-J21 -> 0.24 | L21: 0 | M21: 0 | N21: 0 | O21: =L21+M21-N21 -> 0 | Q21: 0 | R21: ='Daily CEM-1'!AH22+'Daily CEM - 2'!AG22 -> 447.501 | S21: =R21/0.9 -> 497.22333 | U21: =X20 -> 0 | V21: 0 | W21: 0 | X21: =U21+V21-W21 -> 0 | Y21: =AB20 -> 0 | Z21: 0 | AA21: 0 | AB21: =Y21+Z21-AA21 -> 0 | AC21: 0 | AD21: 0 | AE21: 0 | AF21: =AC21+AD21-AE21 -> 0 | AH21: =E21+R21+Clinker!EL21+AE21 -> 1929.195 | AJ21: =R21+W21 -> 447.501
B22: 20 | C22: =G21 -> 2893.5836 | D22: 0 | E22: ='Daily CEM-1'!AI23+'Daily CEM - 2'!AH23 -> 150.168 | F22: =E22/0.95 -> 158.07158 | G22: =C22+D22-F22 -> 2735.512 | H22: =K21 -> 0.24 | I22: 0 | J22: 0 | K22: =H22+I22-J22 -> 0.24 | L22: 0 | M22: 0 | N22: 0 | O22: =L22+M22-N22 -> 0 | Q22: 0 | R22: ='Daily CEM-1'!AH23+'Daily CEM - 2'!AG23 -> 409.265 | S22: =R22/0.9 -> 454.73889 | U22: =X21 -> 0 | V22: 0 | W22: 0 | X22: =U22+V22-W22 -> 0 | Y22: =AB21 -> 0 | Z22: 0 | AA22: 0 | AB22: =Y22+Z22-AA22 -> 0 | AC22: 0 | AD22: 0 | AE22: 0 | AF22: =AC22+AD22-AE22 -> 0 | AH22: =E22+R22+Clinker!EL22+AE22 -> 3006 | AJ22: =R22+W22 -> 409.265
B23: 21 | C23: =G22 -> 2735.512 | D23: 0 | E23: ='Daily CEM-1'!AI24+'Daily CEM - 2'!AH24 -> 150.5 | F23: =E23/0.95 -> 158.42105 | G23: =C23+D23-F23 -> 2577.0909 | H23: =K22 -> 0.24 | I23: 0 | J23: 0 | K23: =H23+I23-J23 -> 0.24 | L23: 0 | M23: 0 | N23: 0 | O23: =L23+M23-N23 -> 0 | Q23: 0 | R23: ='Daily CEM-1'!AH24+'Daily CEM - 2'!AG24 -> 375.46 | S23: =R23/0.9 -> 417.17778 | U23: =X22 -> 0 | V23: 0 | W23: 0 | X23: =U23+V23-W23 -> 0 | Y23: =AB22 -> 0 | Z23: 0 | AA23: 0 | AB23: =Y23+Z23-AA23 -> 0 | AC23: 0 | AD23: 0 | AE23: 0 | AF23: =AC23+AD23-AE23 -> 0 | AH23: =E23+R23+Clinker!EL23+AE23 -> 2718.237 | AJ23: =R23+W23 -> 375.46
B24: 22 | C24: =G23 -> 2577.0909 | D24: 453.74 | E24: ='Daily CEM-1'!AI25+'Daily CEM - 2'!AH25 -> 149.724 | F24: =E24/0.95 -> 157.60421 | G24: =C24+D24-F24 -> 2873.2267 | H24: =K23 -> 0.24 | I24: 0 | J24: 0 | K24: =H24+I24-J24 -> 0.24 | L24: 0 | M24: 0 | N24: 0 | O24: =L24+M24-N24 -> 0 | Q24: 0 | R24: ='Daily CEM-1'!AH25+'Daily CEM - 2'!AG25 -> 389.078 | S24: =R24/0.9 -> 432.30889 | U24: =X23 -> 0 | V24: 0 | W24: 0 | X24: =U24+V24-W24 -> 0 | Y24: =AB23 -> 0 | Z24: 0 | AA24: 0 | AB24: =Y24+Z24-AA24 -> 0 | AC24: 0 | AD24: 0 | AE24: 0 | AF24: =AC24+AD24-AE24 -> 0 | AH24: =E24+R24+Clinker!EL24+AE24 -> 2995 | AJ24: =R24+W24 -> 389.078
B25: 23 | C25: =G24 -> 2873.2267 | D25: 269 | E25: ='Daily CEM-1'!AI26+'Daily CEM - 2'!AH26 -> 140.77 | F25: =E25/0.95 -> 148.17895 | G25: =C25+D25-F25 -> 2994.0478 | H25: =K24 -> 0.24 | I25: 0 | J25: 0 | K25: =H25+I25-J25 -> 0.24 | L25: 0 | M25: 0 | N25: 0 | O25: =L25+M25-N25 -> 0 | Q25: 0 | R25: ='Daily CEM-1'!AH26+'Daily CEM - 2'!AG26 -> 360.551 | S25: =R25/0.9 -> 400.61222 | U25: =X24 -> 0 | V25: 0 | W25: 0 | X25: =U25+V25-W25 -> 0 | Y25: =AB24 -> 0 | Z25: 0 | AA25: 0 | AB25: =Y25+Z25-AA25 -> 0 | AC25: 0 | AD25: 0 | AE25: 0 | AF25: =AC25+AD25-AE25 -> 0 | AH25: =E25+R25+Clinker!EL25+AE25 -> 2815.5 | AJ25: =R25+W25 -> 360.551
B26: 24 | C26: =G25 -> 2994.0478 | D26: 270.6 | E26: ='Daily CEM-1'!AI27+'Daily CEM - 2'!AH27 -> 142.977 | F26: =E26/0.95 -> 150.50211 | G26: =C26+D26-F26 -> 3114.1457 | H26: =K25 -> 0.24 | I26: 0 | J26: 0 | K26: =H26+I26-J26 -> 0.24 | L26: 0 | M26: 0 | N26: 0 | O26: =L26+M26-N26 -> 0 | Q26: 0 | R26: ='Daily CEM-1'!AH27+'Daily CEM - 2'!AG27 -> 364.25 | S26: =R26/0.9 -> 404.72222 | U26: =X25 -> 0 | V26: 0 | W26: 0 | X26: =U26+V26-W26 -> 0 | Y26: =AB25 -> 0 | Z26: 0 | AA26: 0 | AB26: =Y26+Z26-AA26 -> 0 | AC26: 0 | AD26: 0 | AE26: 0 | AF26: =AC26+AD26-AE26 -> 0 | AH26: =E26+R26+Clinker!EL26+AE26 -> 2860 | AJ26: =R26+W26 -> 364.25
B27: 25 | C27: =G26 -> 3114.1457 | D27: 0 | E27: ='Daily CEM-1'!AI28+'Daily CEM - 2'!AH28 -> 146.95 | F27: =E27/0.95 -> 154.68421 | G27: =C27+D27-F27 -> 2959.4615 | H27: =K26 -> 0.24 | I27: 0 | J27: 0 | K27: =H27+I27-J27 -> 0.24 | L27: 0 | M27: 0 | N27: 0 | O27: =L27+M27-N27 -> 0 | Q27: 0 | R27: ='Daily CEM-1'!AH28+'Daily CEM - 2'!AG28 -> 393.718 | S27: =R27/0.9 -> 437.46444 | U27: =X26 -> 0 | V27: 0 | W27: 0 | X27: =U27+V27-W27 -> 0 | Y27: =AB26 -> 0 | Z27: 0 | AA27: 0 | AB27: =Y27+Z27-AA27 -> 0 | AC27: 0 | AD27: 0 | AE27: 0 | AF27: =AC27+AD27-AE27 -> 0 | AH27: =E27+R27+Clinker!EL27+AE27 -> 2939 | AJ27: =R27+W27 -> 393.718
B28: 26 | C28: =G27 -> 2959.4615 | D28: 512.72 | E28: ='Daily CEM-1'!AI29+'Daily CEM - 2'!AH29 -> 145.493 | F28: =E28/0.95 -> 153.15053 | G28: =C28+D28-F28 -> 3319.0309 | H28: =K27 -> 0.24 | I28: 0 | J28: 0 | K28: =H28+I28-J28 -> 0.24 | L28: 0 | M28: 0 | N28: 0 | O28: =L28+M28-N28 -> 0 | Q28: 0 | R28: ='Daily CEM-1'!AH29+'Daily CEM - 2'!AG29 -> 394.582 | S28: =R28/0.9 -> 438.42444 | U28: =X27 -> 0 | V28: 0 | W28: 0 | X28: =U28+V28-W28 -> 0 | Y28: =AB27 -> 0 | Z28: 0 | AA28: 0 | AB28: =Y28+Z28-AA28 -> 0 | AC28: 0 | AD28: 0 | AE28: 0 | AF28: =AC28+AD28-AE28 -> 0 | AH28: =E28+R28+Clinker!EL28+AE28 -> 2913 | AJ28: =R28+W28 -> 394.582
B29: 27 | C29: =G28 -> 3319.0309 | D29: 120.58 | E29: ='Daily CEM-1'!AI30+'Daily CEM - 2'!AH30 -> 119.997 | F29: =E29/0.95 -> 126.31263 | G29: =C29+D29-F29 -> 3313.2983 | H29: =K28 -> 0.24 | I29: 0 | J29: 0 | K29: =H29+I29-J29 -> 0.24 | L29: 0 | M29: 0 | N29: 0 | O29: =L29+M29-N29 -> 0 | Q29: 0 | R29: ='Daily CEM-1'!AH30+'Daily CEM - 2'!AG30 -> 327.013 | S29: =R29/0.9 -> 363.34778 | U29: =X28 -> 0 | V29: 0 | W29: 0 | X29: =U29+V29-W29 -> 0 | Y29: =AB28 -> 0 | Z29: 0 | AA29: 0 | AB29: =Y29+Z29-AA29 -> 0 | AC29: 0 | AD29: 0 | AE29: 0 | AF29: =AC29+AD29-AE29 -> 0 | AH29: =E29+R29+Clinker!EL29+AE29 -> 2403 | AJ29: =R29+W29 -> 327.013
B30: 28 | C30: =G29 -> 3313.2983 | D30: 0 | E30: ='Daily CEM-1'!AI31+'Daily CEM - 2'!AH31 -> 140.977 | F30: =E30/0.95 -> 148.39684 | G30: =C30+D30-F30 -> 3164.9015 | H30: =K29 -> 0.24 | I30: 0 | J30: 0 | K30: =H30+I30-J30 -> 0.24 | L30: 0 | M30: 0 | N30: 0 | O30: =L30+M30-N30 -> 0 | Q30: 0 | R30: ='Daily CEM-1'!AH31+'Daily CEM - 2'!AG31 -> 375.306 | S30: =R30/0.9 -> 417.00667 | U30: =X29 -> 0 | V30: 0 | W30: 0 | X30: =U30+V30-W30 -> 0 | Y30: =AB29 -> 0 | Z30: 0 | AA30: 0 | AB30: =Y30+Z30-AA30 -> 0 | AC30: 0 | AD30: 0 | AE30: 0 | AF30: =AC30+AD30-AE30 -> 0 | AH30: =E30+R30+Clinker!EL30+AE30 -> 2820 | AJ30: =R30+W30 -> 375.306
... B32: 30 | C32: =G31 -> 3246.8246 | D32: 91.7 | E32: ='Daily CEM-1'!AI33+'Daily CEM - 2'!AH33 -> 137.9805 | F32: =E32/0.95 -> 145.24263 | G32: =C32+D32-F32 -> 3193.282 | H32: =K31 -> 0.24 | I32: 0 | J32: 0 | K32: =H32+I32-J32 -> 0.24 | L32: 0 | M32: 0 | N32: 0 | O32: =L32+M32-N32 -> 0 | Q32: 0 | R32: ='Daily CEM-1'!AH33+'Daily CEM - 2'!AG33 -> 367.067 | S32: =R32/0.9 -> 407.85222 | U32: =X31 -> 0 | V32: 0 | W32: 0 | X32: =U32+V32-W32 -> 0 | Y32: =AB31 -> 0 | Z32: 0 | AA32: 0 | AB32: =Y32+Z32-AA32 -> 0 | AC32: 0 | AD32: 0 | AE32: 0 | AF32: =AC32+AD32-AE32 -> 0 | AH32: =E32+R32+Clinker!EL32+AE32 -> 2760 | AJ32: =R32+W32 -> 367.067
B33: 31 | C33: =G32 -> 3193.282 | D33: 0 | E33: ='Daily CEM-1'!AI34+'Daily CEM - 2'!AH34 -> 0 | F33: =E33/0.95 -> 0 | G33: =C33+D33-F33 -> 3193.282 | H33: =K32 -> 0.24 | I33: 0 | J33: 0 | K33: =H33+I33-J33 -> 0.24 | L33: 0 | M33: 0 | N33: ='Daily CEM-1'!AJ34 -> 0 | O33: =L33+M33-N33 -> 0 | Q33: 0 | R33: ='Daily CEM-1'!AH34+'Daily CEM - 2'!AG34 -> 0 | S33: =R33/0.9 -> 0 | U33: =X32 -> 0 | V33: 0 | W33: 0 | X33: =U33+V33-W33 -> 0 | Y33: =AB32 -> 0 | Z33: 0 | AA33: 0 | AB33: =Y33+Z33-AA33 -> 0 | AC33: 0 | AD33: 0 | AE33: 0 | AF33: =AC33+AD33-AE33 -> 0 | AH33: =E33+R33+Clinker!#REF!+AE33 -> #REF! | AJ33: =R33+W33 -> 0
B34: MTD | C34: =SUM(C3:C33) -> 100019.3 | D34: =SUM(D3:D33) -> 3089.46 | E34: =SUM(E3:E33) -> 3898.6955 | F34: =SUM(F3:F33) -> 4104.5085 | G34: 0 | H34: =SUM(H3:H33) -> 7.44 | I34: =SUM(I3:I33) -> 0 | J34: =SUM(J3:J33) -> 0 | K34: =SUM(K3:K33) -> 7.44 | L34: =SUM(L3:L33) -> 0 | M34: =SUM(M3:M33) -> 0 | N34: =SUM(N3:N33) -> 0 | O34: =SUM(O3:O33) -> 0 | P34: =T33 -> 0 | Q34: =SUM(Q3:Q33) -> 0 | R34: =SUM(R3:R33) -> 11918.921 | S34: =SUM(S3:S33) -> 13243.246 | T34: =SUM(T3:T33) -> 0 | U34: =X33 -> 0 | V34: =SUM(V3:V33) -> 0 | W34: =SUM(W3:W33) -> 0 | X34: =SUM(X3:X33) -> 0 | Y34: =AB33 -> 0 | Z34: =SUM(Z3:Z33) -> 0 | AA34: =SUM(AA3:AA33) -> 0 | AB34: =SUM(AB3:AB33) -> 0 | AC34: 0 | AD34: 0 | AE34: 0 | AF34: =AC34+AD34-AE34 -> 0 | AH34: =E34+R34+Clinker!EL34+AE34 -> 72615.149
B35: YTD | D35: =D36+D34 -> 5216.08 | E35: =E36+E34 -> 9124.9315 | F35: =F36+F34 -> 9468.1781 | G35: 0 | I35: =I36+I34 -> 0 | J35: =J36+J34 -> 0 | L35: =L36+L34 -> 0 | M35: =M36+M34 -> 0 | N35: =N36+N34 -> 0 | Q35: =Q36+Q34 -> 0 | R35: =R36+R34 -> 31311.854 | S35: =S36+S34 -> 33716.598 | V35: =V36+V34 -> 0 | W35: =W36+W34 -> 0 | Z35: =Z36+Z34 -> 0 | AA35: =AA36+AA34 -> 0 | AC35: 0 | AD35: =AD36+AD34 -> #REF! | AE35: =AE36+AE34 -> #REF! | AH35: 164201.04
B36: YTD | D36: 2126.62 | E36: 5226.236 | F36: 5363.6695 | G36: 0 | I36: 0 | J36: 0 | L36: 0 | M36: 0 | N36: 0 | Q36: 0 | R36: 19392.933 | S36: 20473.351 | V36: 0 | W36: 0 | Z36: 0 | AA36: 0 | AC36: 0 | AD36: #REF! | AE36: #REF! | AH36: 164201.04

Sheet Production2
B1: JAN | C1: Crushed limestone | G1: Raw Mill-1 | P1: RAW MILL 2 | S1: Coal Mill | Y1: Kiln | AB1: Cement Mill (42.5) | AE1: Cement Mill (32.5 | AH1: Cement Mill (42.5N) | AK1: Cement Mill (OPC) | AN1: Cement Mill (42.5N BM) | AQ1: Cement Mill- 2 (42.5) | AT1: Cement Mill -2 (32.5 | AW1: Cement Mill -2(42.5N) | AZ1: Cement Mill -2(OPC) | BC1: Cement Mill -2(42.5 N BM) | BF1: Dipatch 42.5 | BJ1: Dispatch32.5 | BN1: Dispatch 42.5N | BR1: Dispatch OPC | BV1: Dispatch 42.5N BM
B2: Date | C2: Rng Hrs | D2: Production | E2: CONSUMPTION | F2: TPH | G2: Rng Hrs | H2: Opening | I2: Closing | J2: Act Silo level | K2: total consumption | L2: Clin. Con | M2: Cement con | N2: Production | O2: TPH | P2: Rng Hrs | Q2: PRODUCTION | R2: TPH | S2: Rng Hrs | T2: Opening | U2: Production | V2: consumption | W2: Closing | X2: TPH | Y2: Rng Hrs | Z2: Production | AA2: TPH | AB2: Rng Hrs | AC2: Production | AD2: TPH | AE2: Rng Hrs | AF2: Production | AG2: TPH | AH2: Rng Hrs | AI2: Production | AJ2: TPH | AK2: Rng Hrs | AL2: Production | AM2: TPH | AN2: Rng Hrs | AO2: Production | AP2: TPH | AQ2: Rng Hrs | AR2: Production | AS2: TPH | AT2: Rng Hrs | AU2: Production | AV2: TPH | AW2: Rng Hrs | AX2: Production | AY2: TPH | AZ2: Rng Hrs | BA2: Production | BB2: TPH | BC2: Rng Hrs | BD2: Production | BE2: TPH | BF2: Opning | BG2: Production | BH2: Dispatch | BI2: Silo Closing | BJ2: Opning | BK2: Production | BL2: Dispatch | BM2: Silo Closing | BN2: Opning | BO2: Production | BP2: Dispatch | BQ2: Silo Closing | BR2: Opning | BS2: Production | BT2: Dispatch | BU2: Silo Closing | BV2: Opning | BW2: Production | BX2: Dispatch | BY2: Silo Closing | BZ2: Actual Silo 1 | CA2: Actual Silo 2 | CB2: Actual silo 3 | CC2: Total | CD2: Total Book | CE2: Diff | CF2: Total dispatch | CG2: Total Grinding | CH2: R/MILL DIFF | CL2: RAW MILL | CM2: COAL | CN2: CEM- 1 | CO2: CEM-2 | CP2: KILN | CS2: CEM-1 | CT2: CEM-2
B3: 1 | C3: 21.5 | D3: ='Mines (2)'!D3+'Mines (2)'!I3+'Mines (2)'!W3+'Mines (2)'!AA3+'Mines (2)'!AE3 -> 5443.72 | E3: ='Mines (2)'!E3+'Mines (2)'!J3+'Mines (2)'!X3+'Mines (2)'!AB3+'Mines (2)'!AF3 -> 3401 | F3: =D3/C3 -> 253.19628 | G3: 22.27 | H3: 1267.64 | I3: =H3+(N3)+(Q3)-K3 -> 1325.2 | J3: 2659 | K3: =L3 -> 3053.5 | L3: =Clinker!EK3*1.55 -> 3053.5 | M3: 0 | N3: 2876 | O3: =N3/G3 -> 129.14234 | P3: 23.5 | Q3: 235.06 | R3: =Q3/P3 -> 10.002553 | S3: 18.7 | T3: 42.11 | U3: 282 | V3: 287 | W3: =T3+U3-V3 -> 37.11 | X3: =U3/S3 -> 15.080214 | Y3: 24 | Z3: =Clinker!EK3 -> 1970 | AA3: =Z3/Y3 -> 82.083333 | AB3: ='Daily CEM-1'!H4 -> 8.38 | AC3: ='Daily CEM-1'!C4 -> 553 | AD3: =AC3/AB3 -> 65.990453 | AE3: ='Daily CEM-1'!I4 -> 0 | AF3: ='Daily CEM-1'!D4 -> 0 | AG3: =AF3/AE3 -> #DIV/0! | AH3: ='Daily CEM-1'!J4 -> 0 | AI3: ='Daily CEM-1'!E4 -> 0 | AK3: ='Daily CEM-1'!K4 -> 0 | AL3: ='Daily CEM-1'!F4 -> 0 | AM3: =AL3/AK3 -> #DIV/0! | AN3: ='Daily CEM-1'!L4 -> 0 | AO3: ='Daily CEM-1'!G4 -> 0 | AP3: =AO3/AN3 -> #DIV/0! | AQ3: ='Daily CEM - 2'!H4 -> 20 | AR3: ='Daily CEM - 2'!C4 -> 1240 | AS3: =AR3/AQ3 -> 62 | AT3: ='Daily CEM - 2'!I4 -> 0 | AU3: ='Daily CEM - 2'!D4 -> 0 | AV3: =AU3/AT3 -> #DIV/0! | AW3: ='Daily CEM - 2'!J4 -> 0 | AX3: ='Daily CEM - 2'!E4 -> 0 | AY3: =AX3/AW3 -> #DIV/0! | AZ3: ='Daily CEM - 2'!K4 -> 4 | BA3: ='Daily CEM - 2'!F4 -> 224 | BB3: =BA3/AZ3 -> 56 | BC3: ='Daily CEM - 2'!L4 -> 0 | BD3: ='Daily CEM - 2'!G4 -> 0 | BE3: =BD3/BC3 -> #DIV/0! | BF3: 1816.728 | BG3: =AC3+AR3 -> 1793 | BH3: 1888 | BI3: =BF3+BG3-BH3-'Internal use cement'!F3 -> 1721.728 | BJ3: 578.3 | BK3: =AF3+AU3 -> 0 | BL3: 31 | BM3: =BJ3+BK3-BL3-'Internal use cement'!AB3 -> 547.3 | BN3: 0.09 | BO3: =AI3+AX3 -> 0 | BP3: 0 | BQ3: =BN3+BO3-BP3-'Internal use cement'!Q3 -> 0.09 | BR3: 127.7 | BS3: =BA3+AL3 -> 224 | BT3: 121 | BU3: =BR3+BS3-BT3-'Internal use cement'!AG3 -> 230.7 | BV3: 1167.4 | BW3: =AO3+BD3 -> 0 | BX3: 120.82 | BY3: =BV3+BW3-BX3-'Internal use cement'!AO3 -> 1046.58 | BZ3: 1932 | CA3: 1926 | CB3: 137 | CC3: =SUM(BZ3:CB3) -> 3995 | CD3: =BI3+BM3+BQ3+BU3+BY3 -> 3546.398 | CE3: =CC3-CD3 -> 448.602 | CF3: =BH3+BL3+BP3+BT3+BX3 -> 2160.82 | CG3: =AC3+AF3+AI3+AR3+AU3+AX3+BA3+AL3+BW3 -> 2017 | CH3: =J3-I3 -> 1333.8 | CI3: =BF3+BJ3 -> 2395.028 | CJ3: =AB3+AH3+AE3 -> 8.38 | CK3: 1 | CL3: =24-G3 -> 1.73 | CM3: =24-S3 -> 5.3 | CN3: =24-CS3 -> 15.62 | CO3: =24-CT3 -> 0 | CP3: =24-Y3 -> 0 | CQ3: 1 | CR3: =AR3+AU3+AX3 -> 1240 | CS3: ='Daily CEM-1'!H4+'Daily CEM-1'!I4+'Daily CEM-1'!J4+'Daily CEM-1'!K4+'Daily CEM-1'!L4 -> 8.38 | CT3: =AQ3+AT3+AW3+'Daily CEM - 2'!K4+'Daily CEM - 2'!L4 -> 24 | CU3: =24-CS3 -> 15.62 | CW3: =N3+Q3 -> 3111.06 | CX3: 1 | CZ3: =N3+Q3 -> 3111.06
B4: 2 | C4: 18.03 | D4: ='Mines (2)'!D4+'Mines (2)'!I4+'Mines (2)'!W4+'Mines (2)'!AA4+'Mines (2)'!AE4 -> 2717.32 | E4: ='Mines (2)'!E4+'Mines (2)'!J4+'Mines (2)'!X4+'Mines (2)'!AB4+'Mines (2)'!AF4 -> 1916 | F4: =D4/C4 -> 150.71104 | G4: 12.3 | H4: =I3 -> 1325.2 | I4: =H4+(N4)+(Q4)-K4 -> 600.92002 | J4: 1400 | K4: =L4 -> 2503.25 | L4: =Clinker!EK4*1.55 -> 2503.25 | M4: 0 | N4: 1599 | O4: =N4/G4 -> 130 | P4: 17.88 | Q4: 179.97 | R4: =Q4/P4 -> 10.065436 | S4: 18.3 | T4: =W3 -> 37.11 | U4: 250 | V4: 247 | W4: =T4+U4-V4 -> 40.11 | X4: =U4/S4 -> 13.661202 | Y4: 23.75 | Z4: =Clinker!EK4 -> 1615 | AA4: =Z4/Y4 -> 68 | AB4: ='Daily CEM-1'!H5 -> 16.92 | AC4: ='Daily CEM-1'!C5 -> 1099 | AD4: =AC4/AB4 -> 64.952719 | AE4: ='Daily CEM-1'!I5 -> 0 | AF4: ='Daily CEM-1'!D5 -> 0 | AG4: =AF4/AE4 -> #DIV/0! | AH4: ='Daily CEM-1'!J5 -> 0 | AI4: ='Daily CEM-1'!E5 -> 0 | AK4: ='Daily CEM-1'!K5 -> 0 | AL4: ='Daily CEM-1'!F5 -> 0 | AM4: =AL4/AK4 -> #DIV/0! | AN4: ='Daily CEM-1'!L5 -> 0 | AO4: ='Daily CEM-1'!G5 -> 0 | AP4: =AO4/AN4 -> #DIV/0! | AQ4: ='Daily CEM - 2'!H5 -> 16.25 | AR4: ='Daily CEM - 2'!C5 -> 1004 | AS4: =AR4/AQ4 -> 61.784615 | AT4: ='Daily CEM - 2'!I5 -> 0 | AU4: ='Daily CEM - 2'!D5 -> 0 | AV4: =AU4/AT4 -> #DIV/0! | AW4: ='Daily CEM - 2'!J5 -> 0 | AX4: ='Daily CEM - 2'!E5 -> 0 | AY4: =AX4/AW4 -> #DIV/0! | AZ4: ='Daily CEM - 2'!K5 -> 3 | BA4: ='Daily CEM - 2'!F5 -> 170 | BB4: =BA4/AZ4 -> 56.666667 | BC4: ='Daily CEM - 2'!L5 -> 0 | BD4: ='Daily CEM - 2'!G5 -> 0 | BE4: =BD4/BC4 -> #DIV/0! | BF4: =BI3 -> 1721.728 | BG4: =AC4+AR4 -> 2103 | BH4: 2227.15 | BI4: =BF4+BG4-BH4-'Internal use cement'!F4 -> 1597.578 | BJ4: =BM3 -> 547.3 | BK4: =AF4+AU4 -> 0 | BL4: 126 | BM4: =BJ4+BK4-BL4-'Internal use cement'!AB4 -> 421.3 | BN4: =BQ3 -> 0.09 | BO4: =AI4+AX4 -> 0 | BP4: 0 | BQ4: =BN4+BO4-BP4-'Internal use cement'!Q4 -> 0.09 | BR4: =BU3 -> 230.7 | BS4: =BA4+AL4 -> 170 | BT4: 150 | BU4: =BR4+BS4-BT4-'Internal use cement'!AG4 -> 250.7 | BV4: =BY3 -> 1046.58 | BW4: =AO4+BD4 -> 0 | BX4: 453.52 | BY4: =BV4+BW4-BX4-'Internal use cement'!AO4 -> 593.06 | BZ4: 1481 | CA4: 1820 | CB4: 148 | CC4: =SUM(BZ4:CB4) -> 3449 | CD4: =BI4+BM4+BQ4+BU4+BY4 -> 2862.728 | CE4: =CC4-CD4 -> 586.272 | CF4: =BH4+BL4+BP4+BT4+BX4 -> 2956.67 | CG4: =AC4+AF4+AI4+AR4+AU4+AX4+BA4+AL4+BW4 -> 2273 | CH4: =J4-I4 -> 799.07998 | CJ4: =AB4+AH4+AE4 -> 16.92 | CK4: 2 | CL4: =24-G4 -> 11.7 | CM4: =24-S4 -> 5.7 | CN4: =24-CS4 -> 7.08 | CO4: =24-CT4 -> 4.75 | CP4: =24-Y4 -> 0.25 | CQ4: 2 | CR4: =AR4+AU4+AX4 -> 1004 | CS4: ='Daily CEM-1'!H5+'Daily CEM-1'!I5+'Daily CEM-1'!J5+'Daily CEM-1'!K5+'Daily CEM-1'!L5 -> 16.92 | CT4: =AQ4+AT4+AW4+'Daily CEM - 2'!K5+'Daily CEM - 2'!L5 -> 19.25 | CU4: =24-CS4 -> 7.08 | CW4: =N4+Q4 -> 1778.97 | CX4: 2 | CZ4: =N4+Q4 -> 1778.97
B5: 3 | C5: 18.78 | D5: ='Mines (2)'!D5+'Mines (2)'!I5+'Mines (2)'!W5+'Mines (2)'!AA5+'Mines (2)'!AE5 -> 3464.66 | E5: ='Mines (2)'!E5+'Mines (2)'!J5+'Mines (2)'!X5+'Mines (2)'!AB5+'Mines (2)'!AF5 -> 2530 | F5: =D5/C5 -> 184.48669 | G5: 17.67 | H5: =I4 -> 600.92002 | I5: =H5+(N5)+(Q5)-K5 -> 829.83002 | J5: 1587 | K5: =L5 -> 2182.4 | L5: =Clinker!EK5*1.55 -> 2182.4 | M5: 0 | N5: 2226 | O5: =N5/G5 -> 125.97623 | P5: 18.5 | Q5: 185.31 | R5: =Q5/P5 -> 10.016757 | S5: 15 | T5: =W4 -> 40.11 | U5: 215.1 | V5: 232 | W5: =T5+U5-V5 -> 23.21 | X5: =U5/S5 -> 14.34 | Y5: 21.62 | Z5: =Clinker!EK5 -> 1408 | AA5: =Z5/Y5 -> 65.124884 | AB5: ='Daily CEM-1'!H6 -> 23.2 | AC5: ='Daily CEM-1'!C6 -> 1554 | AD5: =AC5/AB5 -> 66.982759 | AE5: ='Daily CEM-1'!I6 -> 0 | AF5: ='Daily CEM-1'!D6 -> 0 | AG5: =AF5/AE5 -> #DIV/0! | AH5: ='Daily CEM-1'!J6 -> 0 | AI5: ='Daily CEM-1'!E6 -> 0 | AK5: ='Daily CEM-1'!K6 -> 0 | AL5: ='Daily CEM-1'!F6 -> 0 | AM5: =AL5/AK5 -> #DIV/0! | AN5: ='Daily CEM-1'!L6 -> 0 | AO5: ='Daily CEM-1'!G6 -> 0 | AP5: =AO5/AN5 -> #DIV/0! | AQ5: ='Daily CEM - 2'!H6 -> 21.25 | AR5: ='Daily CEM - 2'!C6 -> 1269 | AS5: =AR5/AQ5 -> 59.717647 | AT5: ='Daily CEM - 2'!I6 -> 0 | AU5: ='Daily CEM - 2'!D6 -> 0 | AV5: =AU5/AT5 -> #DIV/0! | AW5: ='Daily CEM - 2'!J6 -> 0 | AX5: ='Daily CEM - 2'!E6 -> 0 | AY5: =AX5/AW5 -> #DIV/0! | AZ5: ='Daily CEM - 2'!K6 -> 2 | BA5: ='Daily CEM - 2'!F6 -> 114 | BB5: =BA5/AZ5 -> 57 | BC5: ='Daily CEM - 2'!L6 -> 0 | BD5: ='Daily CEM - 2'!G6 -> 0 | BE5: =BD5/BC5 -> #DIV/0! | BF5: =BI4 -> 1597.578 | BG5: =AC5+AR5 -> 2823 | BH5: 1686.91 | BI5: =BF5+BG5-BH5-'Internal use cement'!F5 -> 2733.668 | BJ5: =BM4 -> 421.3 | BK5: =AF5+AU5 -> 0 | BL5: 79 | BM5: =BJ5+BK5-BL5-'Internal use cement'!AB5 -> 342.3 | BN5: =BQ4 -> 0.09 | BO5: =AI5+AX5 -> 0 | BP5: 0 | BQ5: =BN5+BO5-BP5-'Internal use cement'!Q5 -> 0.09 | BR5: =BU4 -> 250.7 | BS5: =BA5+AL5 -> 114 | BT5: 30 | BU5: =BR5+BS5-BT5-'Internal use cement'!AG5 -> 334.7 | BV5: =BY4 -> 593.06 | BW5: =AO5+BD5 -> 0 | BX5: 363.8 | BY5: =BV5+BW5-BX5-'Internal use cement'!AO5 -> 229.26 | BZ5: 1576 | CA5: 2371 | CB5: 254 | CC5: =SUM(BZ5:CB5) -> 4201 | CD5: =BI5+BM5+BQ5+BU5+BY5 -> 3640.018 | CE5: =CC5-CD5 -> 560.982 | CF5: =BH5+BL5+BP5+BT5+BX5 -> 2159.71 | CG5: =AC5+AF5+AI5+AR5+AU5+AX5+BA5+AL5+BW5 -> 2937 | CH5: =J5-I5 -> 757.16998 | CJ5: =AB5+AH5+AE5 -> 23.2 | CK5: 3 | CL5: =24-G5 -> 6.33 | CM5: =24-S5 -> 9 | CN5: =24-CS5 -> 0.8 | CO5: =24-CT5 -> 0.75 | CP5: =24-Y5 -> 2.38 | CQ5: 3 | CR5: =AR5+AU5+AX5 -> 1269 | CS5: ='Daily CEM-1'!H6+'Daily CEM-1'!I6+'Daily CEM-1'!J6+'Daily CEM-1'!K6+'Daily CEM-1'!L6 -> 23.2 | CT5: =AQ5+AT5+AW5+'Daily CEM - 2'!K6+'Daily CEM - 2'!L6 -> 23.25 | CU5: =24-CS5 -> 0.8 | CW5: =N5+Q5 -> 2411.31 | CX5: 3 | CZ5: =N5+Q5 -> 2411.31
B6: 4 | C6: 7.43 | D6: ='Mines (2)'!D6+'Mines (2)'!I6+'Mines (2)'!W6+'Mines (2)'!AA6+'Mines (2)'!AE6 -> 1139.1 | E6: ='Mines (2)'!E6+'Mines (2)'!J6+'Mines (2)'!X6+'Mines (2)'!AB6+'Mines (2)'!AF6 -> 3136 | F6: =D6/C6 -> 153.3109 | G6: 21.33 | H6: =I5 -> 829.83002 | I6: =H6+(N6)+(Q6)-K6 -> 1013.39 | J6: 1480 | K6: =L6 -> 2774.5 | L6: =Clinker!EK6*1.55 -> 2774.5 | M6: 0 | N6: 2751 | O6: =N6/G6 -> 128.97328 | P6: 20.75 | Q6: 207.06 | R6: =Q6/P6 -> 9.9787952 | S6: 19.7 | T6: =W5 -> 23.21 | U6: 285 | V6: 265 | W6: =T6+U6-V6 -> 43.21 | X6: =U6/S6 -> 14.467005 | Y6: 24 | Z6: =Clinker!EK6 -> 1790 | AA6: =Z6/Y6 -> 74.583333 | AB6: ='Daily CEM-1'!H7 -> 18.23 | AC6: ='Daily CEM-1'!C7 -> 1173 | AD6: =AC6/AB6 -> 64.344487 | AE6: ='Daily CEM-1'!I7 -> 0 | AF6: ='Daily CEM-1'!D7 -> 0 | AG6: =AF6/AE6 -> #DIV/0! | AH6: ='Daily CEM-1'!J7 -> 0 | AI6: ='Daily CEM-1'!E7 -> 0 | AK6: ='Daily CEM-1'!K7 -> 0 | AL6: ='Daily CEM-1'!F7 -> 0 | AM6: =AL6/AK6 -> #DIV/0! | AN6: ='Daily CEM-1'!L7 -> 3 | AO6: ='Daily CEM-1'!G7 -> 212 | AP6: =AO6/AN6 -> 70.666667 | AQ6: ='Daily CEM - 2'!H7 -> 20.6 | AR6: ='Daily CEM - 2'!C7 -> 1201 | AS6: =AR6/AQ6 -> 58.300971 | AT6: ='Daily CEM - 2'!I7 -> 0 | AU6: ='Daily CEM - 2'!D7 -> 0 | AV6: =AU6/AT6 -> #DIV/0! | AW6: ='Daily CEM - 2'!J7 -> 0 | AX6: ='Daily CEM - 2'!E7 -> 0 | AY6: =AX6/AW6 -> #DIV/0! | AZ6: ='Daily CEM - 2'!K7 -> 0 | BA6: ='Daily CEM - 2'!F7 -> 0 | BB6: =BA6/AZ6 -> #DIV/0! | BC6: ='Daily CEM - 2'!L7 -> 0 | BD6: ='Daily CEM - 2'!G7 -> 0 | BE6: =BD6/BC6 -> #DIV/0! | BF6: =BI5 -> 2733.668 | BG6: =AC6+AR6 -> 2374 | BH6: 2654.98 | BI6: =BF6+BG6-BH6-'Internal use cement'!F6 -> 2452.688 | BJ6: =BM5 -> 342.3 | BK6: =AF6+AU6 -> 0 | BL6: 124 | BM6: =BJ6+BK6-BL6-'Internal use cement'!AB6 -> 218.3 | BN6: =BQ5 -> 0.09 | BO6: =AI6+AX6 -> 0 | BP6: 0 | BQ6: =BN6+BO6-BP6-'Internal use cement'!Q6 -> 0.09 | BR6: =BU5 -> 334.7 | BS6: =BA6+AL6 -> 0 | BT6: 212 | BU6: =BR6+BS6-BT6-'Internal use cement'!AG6 -> 122.7 | BV6: =BY5 -> 229.26 | BW6: =AO6+BD6 -> 212 | BX6: 119.76 | BY6: =BV6+BW6-BX6-'Internal use cement'!AO6 -> 321.5 | BZ6: 1600 | CA6: 1867 | CB6: 149 | CC6: =SUM(BZ6:CB6) -> 3616 | CD6: =BI6+BM6+BQ6+BU6+BY6 -> 3115.278 | CE6: =CC6-CD6 -> 500.722 | CF6: =BH6+BL6+BP6+BT6+BX6 -> 3110.74 | CG6: =AC6+AF6+AI6+AR6+AU6+AX6+BA6+AL6+BW6 -> 2586 | CH6: =J6-I6 -> 466.60998 | CJ6: =AB6+AH6+AE6 -> 18.23 | CK6: 4 | CL6: =24-G6 -> 2.67 | CM6: =24-S6 -> 4.3 | CN6: =24-CS6 -> 2.77 | CO6: =24-CT6 -> 3.4 | CP6: =24-Y6 -> 0 | CQ6: 4 | CR6: =AR6+AU6+AX6 -> 1201 | CS6: ='Daily CEM-1'!H7+'Daily CEM-1'!I7+'Daily CEM-1'!J7+'Daily CEM-1'!K7+'Daily CEM-1'!L7 -> 21.23 | CT6: =AQ6+AT6+AW6+'Daily CEM - 2'!K7+'Daily CEM - 2'!L7 -> 20.6 | CU6: =24-CS6 -> 2.77 | CW6: =N6+Q6 -> 2958.06 | CX6: 4 | CZ6: =N6+Q6 -> 2958.06
