Workbook

Sheet Sheet5
A1: Crusher | B1: 45414 | C1: MTD | E1: TODATE FIGURE | F1: MTD FIGURE | AL1: 45413 | AM1: =AL1+1 -> 45414 | AN1: =AM1+1 -> 45415 | AO1: =AN1+1 -> 45416 | AP1: =AO1+1 -> 45417 | AQ1: =AP1+1 -> 45418 | AR1: =AQ1+1 -> 45419 | AS1: =AR1+1 -> 45420 | AT1: =AS1+1 -> 45421 | ... BP1: =BO1+1 -> 45443 | BQ1: MTD
A2: 211IC1 | B2: 163 | C2: =BQ2 -> 373 | D2: CRUSHER | E2: 2618.9 | F2: =AJ13 -> 5020.16 | AL2: 210 | AM2: 163 | AN2: 0 | AO2: 0 | AP2: 0 | AQ2: 0 | AR2: 0 | AS2: 0 | AT2: 0 | AU2: 0 | AV2: 0 | AW2: 0 | AX2: 0 | AY2: 0 | AZ2: 0 | BA2: 0 | BB2: 0 | BC2: 0 | BD2: 0 | BE2: 0 | BF2: 0 | BG2: 0 | BH2: 0 | BI2: 0 | BJ2: 0 | BK2: 0 | BL2: 0 | BM2: 0 | BN2: 0 | BO2: 0 | BP2: 0 | BQ2: =SUM(AL2:BP2) -> 373
A3: CRUSHER AUXILIRIES(IPMCC-1)-TR3 | B3: =4660-B4-B6-B7 -> 2099 | C3: =BQ3 -> 3217 | D3: RAW MILL | E3: 1793 | F3: =AJ14 -> 3418 | AL3: =3633-AL4-AL6-AL7 -> 1118 | AM3: =4660-AM4-AM6-AM7 -> 2099 | AN3: =0-AN4-AN6-AN7 -> 0 | AO3: =0-AO4-AO6-AO7 -> 0 | AP3: =0-AP4-AP6-AP7 -> 0 | AQ3: =0-AQ4-AQ6-AQ7 -> 0 | AR3: =0-AR4-AR6-AR7 -> 0 | AS3: =0-AS4-AS6-AS7 -> 0 | AT3: =0-AT4-AT6-AT7 -> 0 | AU3: =0-AU4-AU6-AU7 -> 0 | ... BP3: =0-BP4-BP6-BP7 -> 0 | BQ3: =SUM(AL3:BP3) -> 3217
A4: COLONY (TENESCO from LC-1) | B4: 2229 | C4: =BQ4 -> 4465 | D4: COAL MILL | E4: 179 | F4: =AJ15 -> 334 | AL4: 2236 | AM4: 2229 | AN4: 0 | AO4: 0 | AP4: 0 | AQ4: 0 | AR4: 0 | AS4: 0 | AT4: 0 | AU4: 0 | AV4: 0 | AW4: 0 | AX4: 0 | AY4: 0 | AZ4: 0 | BA4: 0 | BB4: 0 | BC4: 0 | BD4: 0 | BE4: 0 | BF4: 0 | BG4: 0 | BH4: 0 | BI4: 0 | BJ4: 0 | BK4: 0 | BL4: 0 | BM4: 0 | BN4: 0 | BO4: 0 | BP4: 0 | BQ4: =SUM(AL4:BP4) -> 4465
A5: STACKER(IMCC1) | B5: 217 | C5: =BQ5 -> 429 | D5: KILN | E5: 1077 | F5: =AJ16 -> 1913 | AL5: 212 | AM5: 217 | AN5: 0 | AO5: 0 | AP5: 0 | AQ5: 0 | AR5: 0 | AS5: 0 | AT5: 0 | AU5: 0 | AV5: 0 | AW5: 0 | AX5: 0 | AY5: 0 | AZ5: 0 | BA5: 0 | BB5: 0 | BC5: 0 | BD5: 0 | BE5: 0 | BF5: 0 | BG5: 0 | BH5: 0 | BI5: 0 | BJ5: 0 | BK5: 0 | BL5: 0 | BM5: 0 | BN5: 0 | BO5: 0 | BP5: 0 | BQ5: =SUM(AL5:BP5) -> 429
A6: LC-1 LIGHTING | B6: 107 | C6: =BQ6 -> 216 | D6: CEMENT MILL-1 | E6: 0 | F6: =AJ17 -> 0 | AL6: 109 | AM6: 107 | AN6: 0 | AO6: 0 | AP6: 0 | AQ6: 0 | AR6: 0 | AS6: 0 | AT6: 0 | AU6: 0 | AV6: 0 | AW6: 0 | AX6: 0 | AY6: 0 | AZ6: 0 | BA6: 0 | BB6: 0 | BC6: 0 | BD6: 0 | BE6: 0 | BF6: 0 | BG6: 0 | BH6: 0 | BI6: 0 | BJ6: 0 | BK6: 0 | BL6: 0 | BM6: 0 | BN6: 0 | BO6: 0 | BP6: 0 | BQ6: =SUM(AL6:BP6) -> 216
A7: Welding DB + A/C | B7: 225 | C7: =BQ7 -> 395 | D7: CEMENT MILL-2 | E7: 0 | F7: =AJ18 -> 1125 | AL7: 170 | AM7: 225 | AN7: 0 | AO7: 0 | AP7: 0 | AQ7: 0 | AR7: 0 | AS7: 0 | AT7: 0 | AU7: 0 | AV7: 0 | AW7: 0 | AX7: 0 | AY7: 0 | AZ7: 0 | BA7: 0 | BB7: 0 | BC7: 0 | BD7: 0 | BE7: 0 | BF7: 0 | BG7: 0 | BH7: 0 | BI7: 0 | BJ7: 0 | BK7: 0 | BL7: 0 | BM7: 0 | BN7: 0 | BO7: 0 | BP7: 0 | BQ7: =SUM(AL7:BP7) -> 395
A8: Rawmill | C8: =BQ8 -> 0 | D8: PACKING PLANT-1 | E8: 183.96 | F8: =AJ19 -> 446.46 | BQ8: =SUM(AL8:BP8) -> 0
A9: 321RM1 | B9: 15836 | C9: =BQ9 -> 26922 | D9: PACKING PLANT-2 | E9: 0 | F9: =AJ20 -> 0 | AL9: 11086 | AM9: 15836 | AN9: 0 | AO9: 0 | AP9: 0 | AQ9: 0 | AR9: 0 | AS9: 0 | AT9: 0 | AU9: 0 | AV9: 0 | AW9: 0 | AX9: 0 | AY9: 0 | AZ9: 0 | BA9: 0 | BB9: 0 | BC9: 0 | BD9: 0 | BE9: 0 | BF9: 0 | BG9: 0 | BH9: 0 | BI9: 0 | BJ9: 0 | BK9: 0 | BL9: 0 | BM9: 0 | BN9: 0 | BO9: 0 | BP9: 0 | BQ9: =SUM(AL9:BP9) -> 26922
A10: 321FN3-TR1 | B10: 15308 | C10: =BQ10 -> 27064 | AL10: 11756 | AM10: 15308 | AN10: 0 | AO10: 0 | AP10: 0 | AQ10: 0 | AR10: 0 | AS10: 0 | AT10: 0 | AU10: 0 | AV10: 0 | AW10: 0 | AX10: 0 | AY10: 0 | AZ10: 0 | BA10: 0 | BB10: 0 | BC10: 0 | BD10: 0 | BE10: 0 | BF10: 0 | BG10: 0 | BH10: 0 | BI10: 0 | BJ10: 0 | BK10: 0 | BL10: 0 | BM10: 0 | BN10: 0 | BO10: 0 | BP10: 0 | BQ10: =SUM(AL10:BP10) -> 27064
A11: IMCC-3 | B11: =7292-B12 -> 6397 | C11: =BQ11 -> 12336 | E11: 45413 | F11: 45414 | G11: 45415 | H11: 45416 | I11: 45417 | J11: 45418 | K11: 45419 | L11: 45420 | M11: 45421 | N11: 45422 | O11: 45423 | P11: 45424 | Q11: 45425 | R11: 45426 | S11: 45427 | T11: 45428 | U11: 45429 | V11: 45430 | W11: 45431 | X11: 45432 | Y11: 45433 | Z11: 45434 | AA11: 45435 | AB11: 45436 | AC11: 45437 | AD11: 45438 | AE11: 45439 | AF11: 45440 | AG11: 45441 | AH11: 45442 | AI11: 45443 | AL11: =6921-AL12 -> 5939 | AM11: =7292-AM12 -> 6397 | AN11: =0-AN12 -> 0 | AO11: =0-AO12 -> 0 | AP11: =0-AP12 -> 0 | AQ11: =0-AQ12 -> 0 | AR11: =0-AR12 -> 0 | AS11: =0-AS12 -> 0 | AT11: =0-AT12 -> 0 | AU11: =0-AU12 -> 0 | ... BP11: =0-BP12 -> 0 | BQ11: =SUM(AL11:BP11) -> 12336
A12: IMCC-2/RECLAIMER | B12: 895 | C12: =BQ12 -> 1877 | D12: SPECIFICATION | E12: PRODUCTION (MT) | F12: PRODUCTION (MT) | G12: PRODUCTION (MT) | H12: PRODUCTION (MT) | I12: PRODUCTION (MT) | J12: PRODUCTION (MT) | K12: PRODUCTION (MT) | L12: PRODUCTION (MT) | M12: PRODUCTION (MT) | N12: PRODUCTION (MT) | O12: PRODUCTION (MT) | P12: PRODUCTION (MT) | Q12: PRODUCTION (MT) | R12: PRODUCTION (MT) | S12: PRODUCTION (MT) | T12: PRODUCTION (MT) | U12: PRODUCTION (MT) | V12: PRODUCTION (MT) | W12: PRODUCTION (MT) | X12: PRODUCTION (MT) | Y12: PRODUCTION (MT) | Z12: PRODUCTION (MT) | AA12: PRODUCTION (MT) | AB12: PRODUCTION (MT) | AC12: PRODUCTION (MT) | AD12: PRODUCTION (MT) | AE12: PRODUCTION (MT) | AF12: PRODUCTION (MT) | AG12: PRODUCTION (MT) | AH12: PRODUCTION (MT) | AI12: PRODUCTION (MT) | AL12: 982 | AM12: 895 | AN12: 0 | AO12: 0 | AP12: 0 | AQ12: 0 | AR12: 0 | AS12: 0 | AT12: 0 | AU12: 0 | AV12: 0 | AW12: 0 | AX12: 0 | AY12: 0 | AZ12: 0 | BA12: 0 | BB12: 0 | BC12: 0 | BD12: 0 | BE12: 0 | BF12: 0 | BG12: 0 | BH12: 0 | BI12: 0 | BJ12: 0 | BK12: 0 | BL12: 0 | BM12: 0 | BN12: 0 | BO12: 0 | BP12: 0 | BQ12: =SUM(AL12:BP12) -> 1877
A13: TR-5(IPMCC-2 = BAGHOUSE FAN +BAG HOUSE AUX.+COMPRESSOR -3 (321CP3)- WORKSHOP) | B13: =8430-B68 -> 7956 | C13: =BQ13 -> 15730 | D13: CRUSHER | E13: 2401.26 | F13: 2618.9 | AJ13: =SUM(E13:AI13) -> 5020.16 | AL13: =8273-AL68 -> 7774 | AM13: =8430-AM68 -> 7956 | AN13: =0-AN68 -> 0 | AO13: =0-AO68 -> 0 | AP13: =0-AP68 -> 0 | AQ13: =0-AQ68 -> 0 | AR13: =0-AR68 -> 0 | AS13: =0-AS68 -> 0 | AT13: =0-AT68 -> 0 | AU13: =0-AU68 -> 0 | ... BP13: =0-BP68 -> 0 | BQ13: =SUM(AL13:BP13) -> 15730
A14: COMPRESSOR-1(PCC-1@321CP1) | B14: 0 | C14: =BQ14 -> 0 | D14: RAW MILL | E14: 1625 | F14: 1793 | AJ14: =SUM(E14:AI14) -> 3418 | AL14: 0 | AM14: 0 | AN14: 0 | AO14: 0 | AP14: 0 | AQ14: 0 | AR14: 0 | AS14: 0 | AT14: 0 | AU14: 0 | AV14: 0 | AW14: 0 | AX14: 0 | AY14: 0 | AZ14: 0 | BA14: 0 | BB14: 0 | BC14: 0 | BD14: 0 | BE14: 0 | BF14: 0 | BG14: 0 | BH14: 0 | BI14: 0 | BJ14: 0 | BK14: 0 | BL14: 0 | BM14: 0 | BN14: 0 | BO14: 0 | BP14: 0 | BQ14: =SUM(AL14:BP14) -> 0
A15: Welding DB + A/C | B15: 130 | C15: =BQ15 -> 270 | D15: COAL MILL | E15: 155 | F15: 179 | AJ15: =SUM(E15:AI15) -> 334 | AL15: 140 | AM15: 130 | AN15: 0 | AO15: 0 | AP15: 0 | AQ15: 0 | AR15: 0 | AS15: 0 | AT15: 0 | AU15: 0 | AV15: 0 | AW15: 0 | AX15: 0 | AY15: 0 | AZ15: 0 | BA15: 0 | BB15: 0 | BC15: 0 | BD15: 0 | BE15: 0 | BF15: 0 | BG15: 0 | BH15: 0 | BI15: 0 | BJ15: 0 | BK15: 0 | BL15: 0 | BM15: 0 | BN15: 0 | BO15: 0 | BP15: 0 | BQ15: =SUM(AL15:BP15) -> 270
A16: COAL MILL | C16: =BQ16 -> 0 | D16: KILN | E16: 836 | F16: 1077 | AJ16: =SUM(E16:AI16) -> 1913 | BQ16: =SUM(AL16:BP16) -> 0
A17: 521CM1 | B17: 4996 | C17: =BQ17 -> 9664 | D17: CEMENT MILL-1 | E17: 0 | F17: 0 | AJ17: =SUM(E17:AI17) -> 0 | AL17: 4668 | AM17: 4996 | AN17: 0 | AO17: 0 | AP17: 0 | AQ17: 0 | AR17: 0 | AS17: 0 | AT17: 0 | AU17: 0 | AV17: 0 | AW17: 0 | AX17: 0 | AY17: 0 | AZ17: 0 | BA17: 0 | BB17: 0 | BC17: 0 | BD17: 0 | BE17: 0 | BF17: 0 | BG17: 0 | BH17: 0 | BI17: 0 | BJ17: 0 | BK17: 0 | BL17: 0 | BM17: 0 | BN17: 0 | BO17: 0 | BP17: 0 | BQ17: =SUM(AL17:BP17) -> 9664
A18: COAL MILL AUXILIRIES-IPMCC4(TR8) | B18: =7430-B19-B20-B21-B62-B65 -> 5106.4 | C18: =BQ18 -> 9855.3 | D18: CEMENT MILL-2 | E18: 1125 | F18: 0 | AJ18: =SUM(E18:AI18) -> 1125 | AL18: =6943-AL19-AL20-AL21-AL62-AL65 -> 4748.9 | AM18: =7430-AM19-AM20-AM21-AM62-AM65 -> 5106.4 | AN18: =0-AN19-AN20-AN21-AN62-AN65 -> 0 | AO18: =0-AO19-AO20-AO21-AO62-AO65 -> 0 | AP18: =0-AP19-AP20-AP21-AP62-AP65 -> 0 | AQ18: =0-AQ19-AQ20-AQ21-AQ62-AQ65 -> 0 | AR18: =0-AR19-AR20-AR21-AR62-AR65 -> 0 | AS18: =0-AS19-AS20-AS21-AS62-AS65 -> 0 | AT18: =0-AT19-AT20-AT21-AT62-AT65 -> 0 | AU18: =0-AU19-AU20-AU21-AU62-AU65 -> 0 | ... BP18: =0-BP19-BP20-BP21-BP62-BP65 -> 0 | BQ18: =SUM(AL18:BP18) -> 9855.3
A19: WELDING SUPPLY COAL MILL & KILN | B19: 168 | C19: =BQ19 -> 348 | D19: PACKING PLANT-1 | E19: 262.5 | F19: 183.96 | AJ19: =SUM(E19:AI19) -> 446.46 | AL19: 180 | AM19: 168 | AN19: 0 | AO19: 0 | AP19: 0 | AQ19: 0 | AR19: 0 | AS19: 0 | AT19: 0 | AU19: 0 | AV19: 0 | AW19: 0 | AX19: 0 | AY19: 0 | AZ19: 0 | BA19: 0 | BB19: 0 | BC19: 0 | BD19: 0 | BE19: 0 | BF19: 0 | BG19: 0 | BH19: 0 | BI19: 0 | BJ19: 0 | BK19: 0 | BL19: 0 | BM19: 0 | BN19: 0 | BO19: 0 | BP19: 0 | BQ19: =SUM(AL19:BP19) -> 348
A20: A/C Supply LC-3 | B20: 50 | C20: =BQ20 -> 100 | D20: PACKING PLANT-2 | E20: 0 | F20: 0 | AJ20: =SUM(E20:AI20) -> 0 | AL20: 50 | AM20: 50 | AN20: 0 | AO20: 0 | AP20: 0 | AQ20: 0 | AR20: 0 | AS20: 0 | AT20: 0 | AU20: 0 | AV20: 0 | AW20: 0 | AX20: 0 | AY20: 0 | AZ20: 0 | BA20: 0 | BB20: 0 | BC20: 0 | BD20: 0 | BE20: 0 | BF20: 0 | BG20: 0 | BH20: 0 | BI20: 0 | BJ20: 0 | BK20: 0 | BL20: 0 | BM20: 0 | BN20: 0 | BO20: 0 | BP20: 0 | BQ20: =SUM(AL20:BP20) -> 100
A21: Supply for CCR | B21: 1038 | C21: =BQ21 -> 1856 | AL21: 818 | AM21: 1038 | AN21: 0 | AO21: 0 | AP21: 0 | AQ21: 0 | AR21: 0 | AS21: 0 | AT21: 0 | AU21: 0 | AV21: 0 | AW21: 0 | AX21: 0 | AY21: 0 | AZ21: 0 | BA21: 0 | BB21: 0 | BC21: 0 | BD21: 0 | BE21: 0 | BF21: 0 | BG21: 0 | BH21: 0 | BI21: 0 | BJ21: 0 | BK21: 0 | BL21: 0 | BM21: 0 | BN21: 0 | BO21: 0 | BP21: 0 | BQ21: =SUM(AL21:BP21) -> 1856
A22: KILN | C22: =BQ22 -> 0 | BQ22: =SUM(AL22:BP22) -> 0
A23: PRE-HEATER FAN(TR2) | B23: 10706 | C23: =BQ23 -> 18631 | AL23: 7925 | AM23: 10706 | AN23: 0 | AO23: 0 | AP23: 0 | AQ23: 0 | AR23: 0 | AS23: 0 | AT23: 0 | AU23: 0 | AV23: 0 | AW23: 0 | AX23: 0 | AY23: 0 | AZ23: 0 | BA23: 0 | BB23: 0 | BC23: 0 | BD23: 0 | BE23: 0 | BF23: 0 | BG23: 0 | BH23: 0 | BI23: 0 | BJ23: 0 | BK23: 0 | BL23: 0 | BM23: 0 | BN23: 0 | BO23: 0 | BP23: 0 | BQ23: =SUM(AL23:BP23) -> 18631
A24: IMCC-4 | B24: 4857 | C24: =BQ24 -> 9272 | AL24: 4415 | AM24: 4857 | AN24: 0 | AO24: 0 | AP24: 0 | AQ24: 0 | AR24: 0 | AS24: 0 | AT24: 0 | AU24: 0 | AV24: 0 | AW24: 0 | AX24: 0 | AY24: 0 | AZ24: 0 | BA24: 0 | BB24: 0 | BC24: 0 | BD24: 0 | BE24: 0 | BF24: 0 | BG24: 0 | BH24: 0 | BI24: 0 | BJ24: 0 | BK24: 0 | BL24: 0 | BM24: 0 | BN24: 0 | BO24: 0 | BP24: 0 | BQ24: =SUM(AL24:BP24) -> 9272
A25: BOOSTER FAN | B25: 0 | C25: =BQ25 -> 0 | AL25: 0 | AM25: 0 | AN25: 0 | AO25: 0 | AP25: 0 | AQ25: 0 | AR25: 0 | AS25: 0 | AT25: 0 | AU25: 0 | AV25: 0 | AW25: 0 | AX25: 0 | AY25: 0 | AZ25: 0 | BA25: 0 | BB25: 0 | BC25: 0 | BD25: 0 | BE25: 0 | BF25: 0 | BG25: 0 | BH25: 0 | BI25: 0 | BJ25: 0 | BK25: 0 | BL25: 0 | BM25: 0 | BN25: 0 | BO25: 0 | BP25: 0 | BQ25: =SUM(AL25:BP25) -> 0
A26: COOLER DRIVES(IPMCC-3)(TR7) | B26: =5730-B66 -> 5730 | C26: =BQ26 -> 10032 | AL26: =4302-AL66 -> 4302 | AM26: =5730-AM66 -> 5730 | AN26: =0-AN66 -> 0 | AO26: =0-AO66 -> 0 | AP26: =0-AP66 -> 0 | AQ26: =0-AQ66 -> 0 | AR26: =0-AR66 -> 0 | AS26: =0-AS66 -> 0 | AT26: =0-AT66 -> 0 | AU26: =0-AU66 -> 0 | ... BP26: =0-BP66 -> 0 | BQ26: =SUM(AL26:BP26) -> 10032
A27: COMPRESSOR-2(PCC-2 @ 321CP2) | B27: 2674 | C27: =BQ27 -> 5339 | AL27: 2665 | AM27: 2674 | AN27: 0 | AO27: 0 | AP27: 0 | AQ27: 0 | AR27: 0 | AS27: 0 | AT27: 0 | AU27: 0 | AV27: 0 | AW27: 0 | AX27: 0 | AY27: 0 | AZ27: 0 | BA27: 0 | BB27: 0 | BC27: 0 | BD27: 0 | BE27: 0 | BF27: 0 | BG27: 0 | BH27: 0 | BI27: 0 | BJ27: 0 | BK27: 0 | BL27: 0 | BM27: 0 | BN27: 0 | BO27: 0 | BP27: 0 | BQ27: =SUM(AL27:BP27) -> 5339
A28: COMPRESSOR-4(PCC-2 @321CP4) | B28: 2696 | C28: =BQ28 -> 5483 | AL28: 2787 | AM28: 2696 | AN28: 0 | AO28: 0 | AP28: 0 | AQ28: 0 | AR28: 0 | AS28: 0 | AT28: 0 | AU28: 0 | AV28: 0 | AW28: 0 | AX28: 0 | AY28: 0 | AZ28: 0 | BA28: 0 | BB28: 0 | BC28: 0 | BD28: 0 | BE28: 0 | BF28: 0 | BG28: 0 | BH28: 0 | BI28: 0 | BJ28: 0 | BK28: 0 | BL28: 0 | BM28: 0 | BN28: 0 | BO28: 0 | BP28: 0 | BQ28: =SUM(AL28:BP28) -> 5483
A29: KILN MAIN DRIVE(441MU1) | B29: 1291 | C29: =BQ29 -> 2379 | AL29: 1088 | AM29: 1291 | AN29: 0 | AO29: 0 | AP29: 0 | AQ29: 0 | AR29: 0 | AS29: 0 | AT29: 0 | AU29: 0 | AV29: 0 | AW29: 0 | AX29: 0 | AY29: 0 | AZ29: 0 | BA29: 0 | BB29: 0 | BC29: 0 | BD29: 0 | BE29: 0 | BF29: 0 | BG29: 0 | BH29: 0 | BI29: 0 | BJ29: 0 | BK29: 0 | BL29: 0 | BM29: 0 | BN29: 0 | BO29: 0 | BP29: 0 | BQ29: =SUM(AL29:BP29) -> 2379
A30: LC-2 LIGHTING TRAFO | B30: 387 | C30: =BQ30 -> 778 | AL30: 391 | AM30: 387 | AN30: 0 | AO30: 0 | AP30: 0 | AQ30: 0 | AR30: 0 | AS30: 0 | AT30: 0 | AU30: 0 | AV30: 0 | AW30: 0 | AX30: 0 | AY30: 0 | AZ30: 0 | BA30: 0 | BB30: 0 | BC30: 0 | BD30: 0 | BE30: 0 | BF30: 0 | BG30: 0 | BH30: 0 | BI30: 0 | BJ30: 0 | BK30: 0 | BL30: 0 | BM30: 0 | BN30: 0 | BO30: 0 | BP30: 0 | BQ30: =SUM(AL30:BP30) -> 778
A31: A/C Supply LC-2 | B31: 426 | C31: =BQ31 -> 848 | AL31: 422 | AM31: 426 | AN31: 0 | AO31: 0 | AP31: 0 | AQ31: 0 | AR31: 0 | AS31: 0 | AT31: 0 | AU31: 0 | AV31: 0 | AW31: 0 | AX31: 0 | AY31: 0 | AZ31: 0 | BA31: 0 | BB31: 0 | BC31: 0 | BD31: 0 | BE31: 0 | BF31: 0 | BG31: 0 | BH31: 0 | BI31: 0 | BJ31: 0 | BK31: 0 | BL31: 0 | BM31: 0 | BN31: 0 | BO31: 0 | BP31: 0 | BQ31: =SUM(AL31:BP31) -> 848
A32: 471FN2 -Chlorine bypass fan | B32: 0 | C32: =BQ32 -> 0 | AL32: 0 | AM32: 0 | AN32: 0 | AO32: 0 | AP32: 0 | AQ32: 0 | AR32: 0 | AS32: 0 | AT32: 0 | AU32: 0 | AV32: 0 | AW32: 0 | AX32: 0 | AY32: 0 | AZ32: 0 | BA32: 0 | BB32: 0 | BC32: 0 | BD32: 0 | BE32: 0 | BF32: 0 | BG32: 0 | BH32: 0 | BI32: 0 | BJ32: 0 | BK32: 0 | BL32: 0 | BM32: 0 | BN32: 0 | BO32: 0 | BP32: 0 | BQ32: =SUM(AL32:BP32) -> 0
A33: CEMENT MILL-1 | C33: =BQ33 -> 0 | BQ33: =SUM(AL33:BP33) -> 0
A34: 631BM1 | B34: 0 | C34: =BQ34 -> 0 | AL34: 0 | AM34: 0 | AN34: 0 | AO34: 0 | AP34: 0 | AQ34: 0 | AR34: 0 | AS34: 0 | AT34: 0 | AU34: 0 | AV34: 0 | AW34: 0 | AX34: 0 | AY34: 0 | AZ34: 0 | BA34: 0 | BB34: 0 | BC34: 0 | BD34: 0 | BE34: 0 | BF34: 0 | BG34: 0 | BH34: 0 | BI34: 0 | BJ34: 0 | BK34: 0 | BL34: 0 | BM34: 0 | BN34: 0 | BO34: 0 | BP34: 0 | BQ34: =SUM(AL34:BP34) -> 0
A35: 631CF1 (631FN6) | B35: 0 | C35: =BQ35 -> 0 | AL35: 0 | AM35: 0 | AN35: 0 | AO35: 0 | AP35: 0 | AQ35: 0 | AR35: 0 | AS35: 0 | AT35: 0 | AU35: 0 | AV35: 0 | AW35: 0 | AX35: 0 | AY35: 0 | AZ35: 0 | BA35: 0 | BB35: 0 | BC35: 0 | BD35: 0 | BE35: 0 | BF35: 0 | BG35: 0 | BH35: 0 | BI35: 0 | BJ35: 0 | BK35: 0 | BL35: 0 | BM35: 0 | BN35: 0 | BO35: 0 | BP35: 0 | BQ35: =SUM(AL35:BP35) -> 0
A36: IMCC5 + ROLLER CRUSHER | B36: =0+B67 -> 0 | C36: =BQ36 -> 0 | AL36: =0+AL67 -> 0 | AM36: =0+AM67 -> 0 | AN36: =0+AN67 -> 0 | AO36: =0+AO67 -> 0 | AP36: =0+AP67 -> 0 | AQ36: =0+AQ67 -> 0 | AR36: =0+AR67 -> 0 | AS36: =0+AS67 -> 0 | ... BP36: =0+BP67 -> 0 | BQ36: =SUM(AL36:BP36) -> 0
A37: CLASSFIER (631HC1) | B37: 0 | C37: =BQ37 -> 0 | AL37: 0 | AM37: 0 | AN37: 0 | AO37: 0 | AP37: 0 | AQ37: 0 | AR37: 0 | AS37: 0 | AT37: 0 | AU37: 0 | AV37: 0 | AW37: 0 | AX37: 0 | AY37: 0 | AZ37: 0 | BA37: 0 | BB37: 0 | BC37: 0 | BD37: 0 | BE37: 0 | BF37: 0 | BG37: 0 | BH37: 0 | BI37: 0 | BJ37: 0 | BK37: 0 | BL37: 0 | BM37: 0 | BN37: 0 | BO37: 0 | BP37: 0 | BQ37: =SUM(AL37:BP37) -> 0
A38: COMPRESSOR-6-(CP1) | B38: 0 | C38: =BQ38 -> 0 | AL38: 0 | AM38: 0 | AN38: 0 | AO38: 0 | AP38: 0 | AQ38: 0 | AR38: 0 | AS38: 0 | AT38: 0 | AU38: 0 | AV38: 0 | AW38: 0 | AX38: 0 | AY38: 0 | AZ38: 0 | BA38: 0 | BB38: 0 | BC38: 0 | BD38: 0 | BE38: 0 | BF38: 0 | BG38: 0 | BH38: 0 | BI38: 0 | BJ38: 0 | BK38: 0 | BL38: 0 | BM38: 0 | BN38: 0 | BO38: 0 | BP38: 0 | BQ38: =SUM(AL38:BP38) -> 0
A39: COMPRESSOR-7-(CP2) | B39: 0 | C39: =BQ39 -> 0 | AL39: 0 | AM39: 0 | AN39: 0 | AO39: 0 | AP39: 0 | AQ39: 0 | AR39: 0 | AS39: 0 | AT39: 0 | AU39: 0 | AV39: 0 | AW39: 0 | AX39: 0 | AY39: 0 | AZ39: 0 | BA39: 0 | BB39: 0 | BC39: 0 | BD39: 0 | BE39: 0 | BF39: 0 | BG39: 0 | BH39: 0 | BI39: 0 | BJ39: 0 | BK39: 0 | BL39: 0 | BM39: 0 | BN39: 0 | BO39: 0 | BP39: 0 | BQ39: =SUM(AL39:BP39) -> 0
A40: COMPRESSOR-8-(CP3) | B40: 0 | C40: =BQ40 -> 0 | AL40: 0 | AM40: 0 | AN40: 0 | AO40: 0 | AP40: 0 | AQ40: 0 | AR40: 0 | AS40: 0 | AT40: 0 | AU40: 0 | AV40: 0 | AW40: 0 | AX40: 0 | AY40: 0 | AZ40: 0 | BA40: 0 | BB40: 0 | BC40: 0 | BD40: 0 | BE40: 0 | BF40: 0 | BG40: 0 | BH40: 0 | BI40: 0 | BJ40: 0 | BK40: 0 | BL40: 0 | BM40: 0 | BN40: 0 | BO40: 0 | BP40: 0 | BQ40: =SUM(AL40:BP40) -> 0
A41: LC-4 LIGHTING | B41: 0 | C41: =BQ41 -> 0 | AL41: 0 | AM41: 0 | AN41: 0 | AO41: 0 | AP41: 0 | AQ41: 0 | AR41: 0 | AS41: 0 | AT41: 0 | AU41: 0 | AV41: 0 | AW41: 0 | AX41: 0 | AY41: 0 | AZ41: 0 | BA41: 0 | BB41: 0 | BC41: 0 | BD41: 0 | BE41: 0 | BF41: 0 | BG41: 0 | BH41: 0 | BI41: 0 | BJ41: 0 | BK41: 0 | BL41: 0 | BM41: 0 | BN41: 0 | BO41: 0 | BP41: 0 | BQ41: =SUM(AL41:BP41) -> 0
A42: HOTDUST BLOWER & FK PUMP(461BL11) | B42: 0 | C42: =BQ42 -> 0 | AL42: 0 | AM42: 0 | AN42: 0 | AO42: 0 | AP42: 0 | AQ42: 0 | AR42: 0 | AS42: 0 | AT42: 0 | AU42: 0 | AV42: 0 | AW42: 0 | AX42: 0 | AY42: 0 | AZ42: 0 | BA42: 0 | BB42: 0 | BC42: 0 | BD42: 0 | BE42: 0 | BF42: 0 | BG42: 0 | BH42: 0 | BI42: 0 | BJ42: 0 | BK42: 0 | BL42: 0 | BM42: 0 | BN42: 0 | BO42: 0 | BP42: 0 | BQ42: =SUM(AL42:BP42) -> 0
A43: COLONY (TENESCO from LC-4)250KVA | B43: 0 | C43: =BQ43 -> 0 | AL43: 0 | AM43: 0 | AN43: 0 | AO43: 0 | AP43: 0 | AQ43: 0 | AR43: 0 | AS43: 0 | AT43: 0 | AU43: 0 | AV43: 0 | AW43: 0 | AX43: 0 | AY43: 0 | AZ43: 0 | BA43: 0 | BB43: 0 | BC43: 0 | BD43: 0 | BE43: 0 | BF43: 0 | BG43: 0 | BH43: 0 | BI43: 0 | BJ43: 0 | BK43: 0 | BL43: 0 | BM43: 0 | BN43: 0 | BO43: 0 | BP43: 0 | BQ43: =SUM(AL43:BP43) -> 0
A44: Welding DB + A/C | B44: 0 | C44: =BQ44 -> 0 | AL44: 0 | AM44: 0 | AN44: 0 | AO44: 0 | AP44: 0 | AQ44: 0 | AR44: 0 | AS44: 0 | AT44: 0 | AU44: 0 | AV44: 0 | AW44: 0 | AX44: 0 | AY44: 0 | AZ44: 0 | BA44: 0 | BB44: 0 | BC44: 0 | BD44: 0 | BE44: 0 | BF44: 0 | BG44: 0 | BH44: 0 | BI44: 0 | BJ44: 0 | BK44: 0 | BL44: 0 | BM44: 0 | BN44: 0 | BO44: 0 | BP44: 0 | BQ44: =SUM(AL44:BP44) -> 0
A45: CEMENT MILL-2 | BQ45: =SUM(AL45:BP45) -> 0
A46: BM2 | B46: 0 | C46: =BQ46 -> 41294 | AL46: 41294 | AM46: 0 | AN46: 0 | AO46: 0 | AP46: 0 | AQ46: 0 | AR46: 0 | AS46: 0 | AT46: 0 | AU46: 0 | AV46: 0 | AW46: 0 | AX46: 0 | AY46: 0 | AZ46: 0 | BA46: 0 | BB46: 0 | BC46: 0 | BD46: 0 | BE46: 0 | BF46: 0 | BG46: 0 | BH46: 0 | BI46: 0 | BJ46: 0 | BK46: 0 | BL46: 0 | BM46: 0 | BN46: 0 | BO46: 0 | BP46: 0 | BQ46: =SUM(AL46:BP46) -> 41294
A47: CEMENT BAG HOUSE FAN | B47: 0 | C47: =BQ47 -> 7514 | AL47: 7514 | AM47: 0 | AN47: 0 | AO47: 0 | AP47: 0 | AQ47: 0 | AR47: 0 | AS47: 0 | AT47: 0 | AU47: 0 | AV47: 0 | AW47: 0 | AX47: 0 | AY47: 0 | AZ47: 0 | BA47: 0 | BB47: 0 | BC47: 0 | BD47: 0 | BE47: 0 | BF47: 0 | BG47: 0 | BH47: 0 | BI47: 0 | BJ47: 0 | BK47: 0 | BL47: 0 | BM47: 0 | BN47: 0 | BO47: 0 | BP47: 0 | BQ47: =SUM(AL47:BP47) -> 7514
A48: IMCC + ROLLER CRUSHER | B48: =2331+B71 -> 2331 | C48: =BQ48 -> 6415 | AL48: =4084+AL71 -> 4084 | AM48: =2331+AM71 -> 2331 | AN48: =0+AN71 -> 0 | AO48: =0+AO71 -> 0 | AP48: =0+AP71 -> 0 | AQ48: =0+AQ71 -> 0 | AR48: =0+AR71 -> 0 | AS48: =0+AS71 -> 0 | AT48: =0+AT71 -> 0 | AU48: =0+AU71 -> 0 | ... BP48: =0+BP71 -> 0 | BQ48: =SUM(AL48:BP48) -> 6415
A49: CLASSFIER (HC1) | B49: 0 | C49: =BQ49 -> 309 | AL49: 309 | AM49: 0 | AN49: 0 | AO49: 0 | AP49: 0 | AQ49: 0 | AR49: 0 | AS49: 0 | AT49: 0 | AU49: 0 | AV49: 0 | AW49: 0 | AX49: 0 | AY49: 0 | AZ49: 0 | BA49: 0 | BB49: 0 | BC49: 0 | BD49: 0 | BE49: 0 | BF49: 0 | BG49: 0 | BH49: 0 | BI49: 0 | BJ49: 0 | BK49: 0 | BL49: 0 | BM49: 0 | BN49: 0 | BO49: 0 | BP49: 0 | BQ49: =SUM(AL49:BP49) -> 309
A50: COMPRESSOR(CP) | B50: 5877 | C50: =BQ50 -> 11051 | AL50: 5174 | AM50: 5877 | AN50: 0 | AO50: 0 | AP50: 0 | AQ50: 0 | AR50: 0 | AS50: 0 | AT50: 0 | AU50: 0 | AV50: 0 | AW50: 0 | AX50: 0 | AY50: 0 | AZ50: 0 | BA50: 0 | BB50: 0 | BC50: 0 | BD50: 0 | BE50: 0 | BF50: 0 | BG50: 0 | BH50: 0 | BI50: 0 | BJ50: 0 | BK50: 0 | BL50: 0 | BM50: 0 | BN50: 0 | BO50: 0 | BP50: 0 | BQ50: =SUM(AL50:BP50) -> 11051
A51: LC-4 LIGHTING | B51: 243 | C51: =BQ51 -> 488 | AL51: 245 | AM51: 243 | AN51: 0 | AO51: 0 | AP51: 0 | AQ51: 0 | AR51: 0 | AS51: 0 | AT51: 0 | AU51: 0 | AV51: 0 | AW51: 0 | AX51: 0 | AY51: 0 | AZ51: 0 | BA51: 0 | BB51: 0 | BC51: 0 | BD51: 0 | BE51: 0 | BF51: 0 | BG51: 0 | BH51: 0 | BI51: 0 | BJ51: 0 | BK51: 0 | BL51: 0 | BM51: 0 | BN51: 0 | BO51: 0 | BP51: 0 | BQ51: =SUM(AL51:BP51) -> 488
A52: HOTDUST BLOWER & FK PUMP(461BL11) | B52: 0 | C52: =BQ52 -> 867 | AL52: 867 | AM52: 0 | AN52: 0 | AO52: 0 | AP52: 0 | AQ52: 0 | AR52: 0 | AS52: 0 | AT52: 0 | AU52: 0 | AV52: 0 | AW52: 0 | AX52: 0 | AY52: 0 | AZ52: 0 | BA52: 0 | BB52: 0 | BC52: 0 | BD52: 0 | BE52: 0 | BF52: 0 | BG52: 0 | BH52: 0 | BI52: 0 | BJ52: 0 | BK52: 0 | BL52: 0 | BM52: 0 | BN52: 0 | BO52: 0 | BP52: 0 | BQ52: =SUM(AL52:BP52) -> 867
A53: COLONY (TENESCO from LC-4)250KVA | B53: 0 | C53: =BQ53 -> 0 | AL53: 0 | AM53: 0 | AN53: 0 | AO53: 0 | AP53: 0 | AQ53: 0 | AR53: 0 | AS53: 0 | AT53: 0 | AU53: 0 | AV53: 0 | AW53: 0 | AX53: 0 | AY53: 0 | AZ53: 0 | BA53: 0 | BB53: 0 | BC53: 0 | BD53: 0 | BE53: 0 | BF53: 0 | BG53: 0 | BH53: 0 | BI53: 0 | BJ53: 0 | BK53: 0 | BL53: 0 | BM53: 0 | BN53: 0 | BO53: 0 | BP53: 0 | BQ53: =SUM(AL53:BP53) -> 0
A54: Welding DB + A/C | B54: 34 | C54: =BQ54 -> 66 | AL54: 32 | AM54: 34 | AN54: 0 | AO54: 0 | AP54: 0 | AQ54: 0 | AR54: 0 | AS54: 0 | AT54: 0 | AU54: 0 | AV54: 0 | AW54: 0 | AX54: 0 | AY54: 0 | AZ54: 0 | BA54: 0 | BB54: 0 | BC54: 0 | BD54: 0 | BE54: 0 | BF54: 0 | BG54: 0 | BH54: 0 | BI54: 0 | BJ54: 0 | BK54: 0 | BL54: 0 | BM54: 0 | BN54: 0 | BO54: 0 | BP54: 0 | BQ54: =SUM(AL54:BP54) -> 66
A55: PACKING PLANT -1 | C55: =BQ55 -> 0 | BQ55: =SUM(AL55:BP55) -> 0
A56: IMCC-6 | B56: 2343 | C56: =BQ56 -> 4614 | AL56: 2271 | AM56: 2343 | AN56: 0 | AO56: 0 | AP56: 0 | AQ56: 0 | AR56: 0 | AS56: 0 | AT56: 0 | AU56: 0 | AV56: 0 | AW56: 0 | AX56: 0 | AY56: 0 | AZ56: 0 | BA56: 0 | BB56: 0 | BC56: 0 | BD56: 0 | BE56: 0 | BF56: 0 | BG56: 0 | BH56: 0 | BI56: 0 | BJ56: 0 | BK56: 0 | BL56: 0 | BM56: 0 | BN56: 0 | BO56: 0 | BP56: 0 | BQ56: =SUM(AL56:BP56) -> 4614
A57: WELDING DB(PACKING & CEMENTMILL) | B57: 84 | C57: =BQ57 -> 153 | AL57: 69 | AM57: 84 | AN57: 0 | AO57: 0 | AP57: 0 | AQ57: 0 | AR57: 0 | AS57: 0 | AT57: 0 | AU57: 0 | AV57: 0 | AW57: 0 | AX57: 0 | AY57: 0 | AZ57: 0 | BA57: 0 | BB57: 0 | BC57: 0 | BD57: 0 | BE57: 0 | BF57: 0 | BG57: 0 | BH57: 0 | BI57: 0 | BJ57: 0 | BK57: 0 | BL57: 0 | BM57: 0 | BN57: 0 | BO57: 0 | BP57: 0 | BQ57: =SUM(AL57:BP57) -> 153
A58: PACKING PLANT -2 | C58: =BQ58 -> 0 | BQ58: =SUM(AL58:BP58) -> 0
A59: IMCC- | B59: 0 | C59: =BQ59 -> 0 | AL59: 0 | AM59: 0 | AN59: 0 | AO59: 0 | AP59: 0 | AQ59: 0 | AR59: 0 | AS59: 0 | AT59: 0 | AU59: 0 | AV59: 0 | AW59: 0 | AX59: 0 | AY59: 0 | AZ59: 0 | BA59: 0 | BB59: 0 | BC59: 0 | BD59: 0 | BE59: 0 | BF59: 0 | BG59: 0 | BH59: 0 | BI59: 0 | BJ59: 0 | BK59: 0 | BL59: 0 | BM59: 0 | BN59: 0 | BO59: 0 | BP59: 0 | BQ59: =SUM(AL59:BP59) -> 0
A60: WELDING DB(PACKING & CEMENTMILL) | B60: 0 | C60: =BQ60 -> 0 | AL60: 0 | AM60: 0 | AN60: 0 | AO60: 0 | AP60: 0 | AQ60: 0 | AR60: 0 | AS60: 0 | AT60: 0 | AU60: 0 | AV60: 0 | AW60: 0 | AX60: 0 | AY60: 0 | AZ60: 0 | BA60: 0 | BB60: 0 | BC60: 0 | BD60: 0 | BE60: 0 | BF60: 0 | BG60: 0 | BH60: 0 | BI60: 0 | BJ60: 0 | BK60: 0 | BL60: 0 | BM60: 0 | BN60: 0 | BO60: 0 | BP60: 0 | BQ60: =SUM(AL60:BP60) -> 0
A61: POWER IMPORT TO CEMENT PLANT | B61: 103876 | C61: =BQ61 -> 243560 | AL61: 139684 | AM61: 103876 | AN61: 0 | AO61: 0 | AP61: 0 | AQ61: 0 | AR61: 0 | AS61: 0 | AT61: 0 | AU61: 0 | AV61: 0 | AW61: 0 | AX61: 0 | AY61: 0 | AZ61: 0 | BA61: 0 | BB61: 0 | BC61: 0 | BD61: 0 | BE61: 0 | BF61: 0 | BG61: 0 | BH61: 0 | BI61: 0 | BJ61: 0 | BK61: 0 | BL61: 0 | BM61: 0 | BN61: 0 | BO61: 0 | BP61: 0 | BQ61: =SUM(AL61:BP61) -> 243560
A62: POWER PLANT COAL FEEDING(157units/hr) | B62: =B63*157 -> 1067.6 | C62: =BQ62 -> 2213.7 | AL62: =AL63*157 -> 1146.1 | AM62: =AM63*157 -> 1067.6 | AN62: =AN63*157 -> 0 | AO62: =AO63*157 -> 0 | AP62: =AP63*157 -> 0 | AQ62: =AQ63*157 -> 0 | AR62: =AR63*157 -> 0 | AS62: =AS63*157 -> 0 | ... BP62: =BP63*157 -> 0 | BQ62: =SUM(AL62:BP62) -> 2213.7
A63: COAL VIBRATOR RUNNING HOUR | B63: 6.8 | C63: =BQ63 -> 14.1 | AL63: 7.3 | AM63: 6.8 | AN63: 0 | AO63: 0 | AP63: 0 | AQ63: 0 | AR63: 0 | AS63: 0 | AT63: 0 | AU63: 0 | AV63: 0 | AW63: 0 | AX63: 0 | AY63: 0 | AZ63: 0 | BA63: 0 | BB63: 0 | BC63: 0 | BD63: 0 | BE63: 0 | BF63: 0 | BG63: 0 | BH63: 0 | BI63: 0 | BJ63: 0 | BK63: 0 | BL63: 0 | BM63: 0 | BN63: 0 | BO63: 0 | BP63: 0 | BQ63: =SUM(AL63:BP63) -> 14.1
A64: ROLLER CRUSHER RUNNING HRS(601BE1) | B64: 0 | C64: =BQ64 -> 0 | AL64: 0 | AM64: 0 | AN64: 0 | AO64: 0 | AP64: 0 | AQ64: 0 | AR64: 0 | AS64: 0 | AT64: 0 | AU64: 0 | AV64: 0 | AW64: 0 | AX64: 0 | AY64: 0 | AZ64: 0 | BA64: 0 | BB64: 0 | BC64: 0 | BD64: 0 | BE64: 0 | BF64: 0 | BG64: 0 | BH64: 0 | BI64: 0 | BJ64: 0 | BK64: 0 | BL64: 0 | BM64: 0 | BN64: 0 | BO64: 0 | BP64: 0 | BQ64: =SUM(AL64:BP64) -> 0
A65: Roller crusher auxiliries(IPMCC-4)-65UNITS/HR | B65: =B64*65 -> 0 | C65: =BQ65 -> 0 | AL65: =AL64*65 -> 0 | AM65: =AM64*65 -> 0 | AN65: =AN64*65 -> 0 | AO65: =AO64*65 -> 0 | AP65: =AP64*65 -> 0 | AQ65: =AQ64*65 -> 0 | AR65: =AR64*65 -> 0 | AS65: =AS64*65 -> 0 | ... BP65: =BP64*65 -> 0 | BQ65: =SUM(AL65:BP65) -> 0
A66: Roller crusher main drives(IPMCC-3)-30uNITS/HR | B66: =B64*30 -> 0 | C66: =BQ66 -> 0 | AL66: =AL64*30 -> 0 | AM66: =AM64*30 -> 0 | AN66: =AN64*30 -> 0 | AO66: =AO64*30 -> 0 | AP66: =AP64*30 -> 0 | AQ66: =AQ64*30 -> 0 | AR66: =AR64*30 -> 0 | AS66: =AS64*30 -> 0 | ... BP66: =BP64*30 -> 0 | BQ66: =SUM(AL66:BP66) -> 0
A67: Total consumption of roller crusher | B67: =B65+B66 -> 0 | C67: =BQ67 -> 0 | AL67: =AL65+AL66 -> 0 | AM67: =AM65+AM66 -> 0 | AN67: =AN65+AN66 -> 0 | AO67: =AO65+AO66 -> 0 | AP67: =AP65+AP66 -> 0 | AQ67: =AQ65+AQ66 -> 0 | AR67: =AR65+AR66 -> 0 | AS67: =AS65+AS66 -> 0 | ... BP67: =BP65+BP66 -> 0 | BQ67: =SUM(AL67:BP67) -> 0
A68: Workshop Consumption | B68: 474 | C68: =BQ68 -> 973 | AL68: 499 | AM68: 474 | AN68: 0 | AO68: 0 | AP68: 0 | AQ68: 0 | AR68: 0 | AS68: 0 | AT68: 0 | AU68: 0 | AV68: 0 | AW68: 0 | AX68: 0 | AY68: 0 | AZ68: 0 | BA68: 0 | BB68: 0 | BC68: 0 | BD68: 0 | BE68: 0 | BF68: 0 | BG68: 0 | BH68: 0 | BI68: 0 | BJ68: 0 | BK68: 0 | BL68: 0 | BM68: 0 | BN68: 0 | BO68: 0 | BP68: 0 | BQ68: =SUM(AL68:BP68) -> 973
A69: Compressor -3 (321CP3) | B69: 0 | C69: =BQ69 -> 0 | AL69: 0 | AM69: 0 | AN69: 0 | AO69: 0 | AP69: 0 | AQ69: 0 | AR69: 0 | AS69: 0 | AT69: 0 | AU69: 0 | AV69: 0 | AW69: 0 | AX69: 0 | AY69: 0 | AZ69: 0 | BA69: 0 | BB69: 0 | BC69: 0 | BD69: 0 | BE69: 0 | BF69: 0 | BG69: 0 | BH69: 0 | BI69: 0 | BJ69: 0 | BK69: 0 | BL69: 0 | BM69: 0 | BN69: 0 | BO69: 0 | BP69: 0 | BQ69: =SUM(AL69:BP69) -> 0
A70: Total Loss | B70: 887 | C70: =BQ70 -> 2090 | AL70: 1203 | AM70: 887 | AN70: 0 | AO70: 0 | AP70: 0 | AQ70: 0 | AR70: 0 | AS70: 0 | AT70: 0 | AU70: 0 | AV70: 0 | AW70: 0 | AX70: 0 | AY70: 0 | AZ70: 0 | BA70: 0 | BB70: 0 | BC70: 0 | BD70: 0 | BE70: 0 | BF70: 0 | BG70: 0 | BH70: 0 | BI70: 0 | BJ70: 0 | BK70: 0 | BL70: 0 | BM70: 0 | BN70: 0 | BO70: 0 | BP70: 0 | BQ70: =SUM(AL70:BP70) -> 2090

Sheet IMS DATA
A1: Crusher | B1: 46174 | C1: =B1+1 -> 46175 | D1: =C1+1 -> 46176 | E1: =D1+1 -> 46177 | F1: =E1+1 -> 46178 | G1: =F1+1 -> 46179 | H1: =G1+1 -> 46180 | I1: =H1+1 -> 46181 | J1: =I1+1 -> 46182 | ... AE1: =AD1+1 -> 46203 | AF1: Cumulative
A2: 211IC1 | B2: ='Energy Readings'!D2 -> 220.03 | C2: ='Energy Readings'!F2 -> 213.31 | D2: ='Energy Readings'!H2 -> 227.47 | E2: ='Energy Readings'!J2 -> 162.2 | F2: ='Energy Readings'!L2 -> 241.96 | G2: ='Energy Readings'!N2 -> 286.36 | H2: ='Energy Readings'!P2 -> 247.65 | I2: ='Energy Readings'!R2 -> 310.4 | J2: ='Energy Readings'!T2 -> 236.61 | K2: ='Energy Readings'!V2 -> 278.13 | L2: ='Energy Readings'!X2 -> 243.49 | M2: ='Energy Readings'!Z2 -> 317.896 | N2: ='Energy Readings'!AB2 -> 245.124 | O2: ='Energy Readings'!AD2 -> 196.34 | P2: ='Energy Readings'!AF2 -> 208.22 | Q2: ='Energy Readings'!AH2 -> 227.76 | R2: ='Energy Readings'!AJ2 -> 209.98 | S2: ='Energy Readings'!AL2 -> 191.72 | T2: ='Energy Readings'!AN2 -> 297.16 | U2: ='Energy Readings'!AP2 -> 177.19 | V2: ='Energy Readings'!AR2 -> 317.38 | W2: ='Energy Readings'!AT2 -> 304.48 | X2: ='Energy Readings'!AV2 -> 296.69 | Y2: ='Energy Readings'!AX2 -> 213.8 | Z2: ='Energy Readings'!AZ2 -> 193.46 | AA2: ='Energy Readings'!BB2 -> 201.5 | AB2: ='Energy Readings'!BD2 -> 196.77 | AC2: ='Energy Readings'!BF2 -> 280.02 | AD2: ='Energy Readings'!BH2 -> 252.71 | AE2: ='Energy Readings'!BJ2 -> 264.08 | AF2: =SUM(B2:AE2) -> 7259.89
A3: CRUSHER AUXILIRIES(IPMCC-1)-TR3 | B3: ='Energy Readings'!D3-B4-B5-B6-B7 -> 1348.95 | C3: ='Energy Readings'!F3-C4-C5-C6-C7 -> 1116.8 | D3: ='Energy Readings'!H3-D4-D5-D6-D7 -> 1116.15 | E3: ='Energy Readings'!J3-E4-E5-E6-E7 -> 765.53 | F3: ='Energy Readings'!L3-F4-F5-F6-F7 -> 1056.03 | G3: ='Energy Readings'!N3-G4-G5-G6-G7 -> 964.9 | H3: ='Energy Readings'!P3-H4-H5-H6-H7 -> 869.84 | I3: ='Energy Readings'!R3-I4-I5-I6-I7 -> 1038.65 | J3: ='Energy Readings'!T3-J4-J5-J6-J7 -> 910.78 | K3: ='Energy Readings'!V3-K4-K5-K6-K7 -> 1053.54 | L3: ='Energy Readings'!X3-L4-L5-L6-L7 -> 1094.11 | M3: ='Energy Readings'!Z3-M4-M5-M6-M7 -> 1782.69 | N3: ='Energy Readings'!AB3-N4-N5-N6-N7 -> 2187 | O3: ='Energy Readings'!AD3-O4-O5-O6-O7 -> 2305.49 | P3: ='Energy Readings'!AF3-P4-P5-P6-P7 -> 1662.37 | Q3: ='Energy Readings'!AH3-Q4-Q5-Q6-Q7 -> 1115.43 | R3: ='Energy Readings'!AJ3-R4-R5-R6-R7 -> 1004.52 | S3: ='Energy Readings'!AL3-S4-S5-S6-S7 -> 1025.62 | T3: ='Energy Readings'!AN3-T4-T5-T6-T7 -> 1222.79 | U3: ='Energy Readings'!AP3-U4-U5-U6-U7 -> 781.91 | V3: ='Energy Readings'!AR3-V4-V5-V6-V7 -> 1239.96 | W3: ='Energy Readings'!AT3-W4-W5-W6-W7 -> 1193.05 | X3: ='Energy Readings'!AV3-X4-X5-X6-X7 -> 1171.38 | Y3: ='Energy Readings'!AX3-Y4-Y5-Y6-Y7 -> 959.53 | Z3: ='Energy Readings'!AZ3-Z4-Z5-Z6-Z7 -> 995.62 | AA3: ='Energy Readings'!BB3-AA4-AA5-AA6-AA7 -> 928.3 | AB3: ='Energy Readings'!BD3-AB4-AB5-AB6-AB7 -> 952.1 | AC3: ='Energy Readings'!BF3-AC4-AC5-AC6-AC7 -> 1200.05 | AD3: ='Energy Readings'!BH3-AD4-AD5-AD6-AD7 -> 1241.31 | AE3: ='Energy Readings'!BJ3-AE4-AE5-AE6-AE7+500 -> 1600.02 | AF3: =SUM(B3:AE3) -> 35904.42
A4: COLONY (TENESCO from LC-1) | B4: ='Energy Readings'!D4 -> 1132.09 | C4: ='Energy Readings'!F4 -> 1183.79 | D4: ='Energy Readings'!H4 -> 1291.64 | E4: ='Energy Readings'!J4 -> 1926.18 | F4: ='Energy Readings'!L4 -> 2024.42 | G4: ='Energy Readings'!N4 -> 1897.52 | H4: ='Energy Readings'!P4 -> 1325.36 | I4: ='Energy Readings'!R4 -> 1355.62 | J4: ='Energy Readings'!T4 -> 1285.42 | K4: ='Energy Readings'!V4 -> 1311.19 | L4: ='Energy Readings'!X4 -> 1194.49 | M4: ='Energy Readings'!Z4 -> 1205.45 | N4: ='Energy Readings'!AB4 -> 1012.02 | O4: ='Energy Readings'!AD4 -> 1125.25 | P4: ='Energy Readings'!AF4 -> 1199.35 | Q4: ='Energy Readings'!AH4 -> 1058.4 | R4: ='Energy Readings'!AJ4 -> 1143.72 | S4: ='Energy Readings'!AL4 -> 1120.59 | T4: ='Energy Readings'!AN4 -> 1157.65 | U4: ='Energy Readings'!AP4 -> 999.73 | V4: ='Energy Readings'!AR4 -> 1023.35 | W4: ='Energy Readings'!AT4 -> 980.12 | X4: ='Energy Readings'!AV4 -> 1023.46 | Y4: ='Energy Readings'!AX4 -> 1137.15 | Z4: ='Energy Readings'!AZ4 -> 1139.72 | AA4: ='Energy Readings'!BB4 -> 1150.96 | AB4: ='Energy Readings'!BD4 -> 1112.48 | AC4: ='Energy Readings'!BF4 -> 1088.88 | AD4: ='Energy Readings'!BH4 -> 1135.89 | AE4: ='Energy Readings'!BJ4 -> 1210.64 | AF4: =SUM(B4:AE4) -> 36952.53
A5: STACKER(IMCC1) | B5: ='Energy Readings'!D5 -> 230.39 | C5: ='Energy Readings'!F5 -> 211.76 | D5: ='Energy Readings'!H5 -> 234.29 | E5: ='Energy Readings'!J5 -> 128.59 | F5: ='Energy Readings'!L5 -> 256.07 | G5: ='Energy Readings'!N5 -> 260.87 | H5: ='Energy Readings'!P5 -> 162.3 | I5: ='Energy Readings'!R5 -> 244.19 | J5: ='Energy Readings'!T5 -> 245.21 | K5: ='Energy Readings'!V5 -> 252.83 | L5: ='Energy Readings'!X5 -> 238.72 | M5: ='Energy Readings'!Z5 -> 225.71 | N5: ='Energy Readings'!AB5 -> 185.73 | O5: ='Energy Readings'!AD5 -> 216.72 | P5: ='Energy Readings'!AF5 -> 230.52 | Q5: ='Energy Readings'!AH5 -> 217.38 | R5: ='Energy Readings'!AJ5 -> 176.31 | S5: ='Energy Readings'!AL5 -> 175.45 | T5: ='Energy Readings'!AN5 -> 243.24 | U5: ='Energy Readings'!AP5 -> 138.15 | V5: ='Energy Readings'!AR5 -> 253.4 | W5: ='Energy Readings'!AT5 -> 219.48 | X5: ='Energy Readings'!AV5 -> 246.2 | Y5: ='Energy Readings'!AX5 -> 129.48 | Z5: ='Energy Readings'!AZ5 -> 163.08 | AA5: ='Energy Readings'!BB5 -> 206.9 | AB5: ='Energy Readings'!BD5 -> 184.11 | AC5: ='Energy Readings'!BF5 -> 177.94 | AD5: ='Energy Readings'!BH5 -> 226.06 | AE5: ='Energy Readings'!BJ5 -> 204.08 | AF5: =SUM(B5:AE5) -> 6285.16
A6: LC-1 LIGHTING | B6: ='Energy Readings'!D6 -> 35.47 | C6: ='Energy Readings'!F6 -> 43.82 | D6: ='Energy Readings'!H6 -> 38.62 | E6: ='Energy Readings'!J6 -> 39.76 | F6: ='Energy Readings'!L6 -> 39.43 | G6: ='Energy Readings'!N6 -> 40.25 | H6: ='Energy Readings'!P6 -> 37.15 | I6: ='Energy Readings'!R6 -> 40.1 | J6: ='Energy Readings'!T6 -> 38.55 | K6: ='Energy Readings'!V6 -> 39.29 | L6: ='Energy Readings'!X6 -> 39.26 | M6: ='Energy Readings'!Z6 -> 39.65 | N6: ='Energy Readings'!AB6 -> 37.49 | O6: ='Energy Readings'!AD6 -> 40.7 | P6: ='Energy Readings'!AF6 -> 38.43 | Q6: ='Energy Readings'!AH6 -> 39.79 | R6: ='Energy Readings'!AJ6 -> 40.62 | S6: ='Energy Readings'!AL6 -> 38.9 | T6: ='Energy Readings'!AN6 -> 42.1 | U6: ='Energy Readings'!AP6 -> 39.86 | V6: ='Energy Readings'!AR6 -> 37.09 | W6: ='Energy Readings'!AT6 -> 36.79 | X6: ='Energy Readings'!AV6 -> 39.57 | Y6: ='Energy Readings'!AX6 -> 37.77 | Z6: ='Energy Readings'!AZ6 -> 37.16 | AA6: ='Energy Readings'!BB6 -> 37.17 | AB6: ='Energy Readings'!BD6 -> 36.94 | AC6: ='Energy Readings'!BF6 -> 36.54 | AD6: ='Energy Readings'!BH6 -> 58 | AE6: ='Energy Readings'!BJ6 -> 13.43 | AF6: =SUM(B6:AE6) -> 1159.7
A7: Welding DB + A/C | B7: ='Energy Readings'!D7 -> 7.42 | C7: ='Energy Readings'!F7 -> 2.15 | D7: ='Energy Readings'!H7 -> 2.1 | E7: ='Energy Readings'!J7 -> 11.06 | F7: ='Energy Readings'!L7 -> 2.13 | G7: ='Energy Readings'!N7 -> 2.14 | H7: ='Energy Readings'!P7 -> 50.39 | I7: ='Energy Readings'!R7 -> 0 | J7: ='Energy Readings'!T7 -> 5.88 | K7: ='Energy Readings'!V7 -> 0.11 | L7: ='Energy Readings'!X7 -> 0 | M7: ='Energy Readings'!Z7 -> 0 | N7: ='Energy Readings'!AB7 -> 2.08 | O7: ='Energy Readings'!AD7 -> 2.16 | P7: ='Energy Readings'!AF7 -> 2.09 | Q7: ='Energy Readings'!AH7 -> 2.08 | R7: ='Energy Readings'!AJ7 -> 1.95 | S7: ='Energy Readings'!AL7 -> 2 | T7: ='Energy Readings'!AN7 -> 2.7 | U7: ='Energy Readings'!AP7 -> 2.11 | V7: ='Energy Readings'!AR7 -> 2.12 | W7: ='Energy Readings'!AT7 -> 2.08 | X7: ='Energy Readings'!AV7 -> 2.59 | Y7: ='Energy Readings'!AX7 -> 2.43 | Z7: ='Energy Readings'!AZ7 -> 2.43 | AA7: ='Energy Readings'!BB7 -> 2.46 | AB7: ='Energy Readings'!BD7 -> 4.21 | AC7: ='Energy Readings'!BF7 -> 2.11 | AD7: ='Energy Readings'!BH7 -> 2.1 | AE7: ='Energy Readings'!BJ7 -> 2.07 | AF7: =SUM(B7:AE7) -> 125.15
A8: Rawmill | N8: ='Energy Readings'!AB8 -> 0 | O8: ='Energy Readings'!AD8 -> 0 | P8: ='Energy Readings'!AF8 -> 0 | Q8: ='Energy Readings'!AH8 -> 0 | R8: ='Energy Readings'!AJ8 -> 0 | S8: ='Energy Readings'!AL8 -> 0 | W8: ='Energy Readings'!AT8 -> 0 | X8: ='Energy Readings'!AV8 -> 0 | Z8: ='Energy Readings'!AZ8 -> 0 | AD8: ='Energy Readings'!BH8 -> 0 | AE8: ='Energy Readings'!BJ8 -> 0
A9: 321RM1 | B9: ='Energy Readings'!D9 -> 28075.2 | C9: ='Energy Readings'!F9 -> 11098.4 | D9: ='Energy Readings'!H9-300 -> 22270.4 | E9: ='Energy Readings'!J9+200 -> 28284 | F9: ='Energy Readings'!L9 -> 19830.4 | G9: ='Energy Readings'!N9+400 -> 20280.8 | H9: ='Energy Readings'!P9 -> 20495.2 | I9: ='Energy Readings'!R9 -> 20108 | J9: ='Energy Readings'!T9 -> 21770.4 | K9: ='Energy Readings'!V9 -> 23491.2 | L9: ='Energy Readings'!X9-300 -> 20506.4 | M9: ='Energy Readings'!Z9+877 -> 21129.8 | N9: ='Energy Readings'!AB9 -> 15836.8 | O9: ='Energy Readings'!AD9 -> 19279.2 | P9: ='Energy Readings'!AF9+500 -> 25923.2 | Q9: ='Energy Readings'!AH9+50 -> 27183.6 | R9: ='Energy Readings'!AJ9 -> 16948.8 | S9: ='Energy Readings'!AL9-650 -> 23386 | T9: ='Energy Readings'!AN9 -> 23357.6 | U9: ='Energy Readings'!AP9 -> 18761.6 | V9: ='Energy Readings'!AR9+1000 -> 19945.6 | W9: ='Energy Readings'!AT9 -> 17594.4 | X9: ='Energy Readings'!AV9 -> 0 | Y9: ='Energy Readings'!AX9 -> 13060.6 | Z9: ='Energy Readings'!AZ9 -> 24722.6 | AA9: ='Energy Readings'!BB9-150 -> 25175.6 | AB9: ='Energy Readings'!AN9 -> 23357.6 | AC9: ='Energy Readings'!BF9 -> 21912.8 | AD9: ='Energy Readings'!BH9 -> 28156 | AE9: ='Energy Readings'!BJ9+1000 -> 14750.4 | AF9: =SUM(B9:AE9) -> 616692.6
A10: 321FN3 RM FAN | B10: ='Energy Readings'!D10 -> 28114.4 | C10: ='Energy Readings'!F10 -> 12025.6 | D10: ='Energy Readings'!H10-300 -> 21337.6 | E10: ='Energy Readings'!J10+200 -> 28396.8 | F10: ='Energy Readings'!L10 -> 19753.6 | G10: ='Energy Readings'!N10+700 -> 22776 | H10: ='Energy Readings'!P10 -> 23890.4 | I10: ='Energy Readings'!R10 -> 24219.2 | J10: ='Energy Readings'!T10 -> 24186.4 | K10: ='Energy Readings'!V10 -> 26332.8 | L10: ='Energy Readings'!X10-400 -> 23315.2 | M10: ='Energy Readings'!Z10+1000 -> 23354.8 | N10: ='Energy Readings'!AB10 -> 18235.6 | O10: ='Energy Readings'!AD10 -> 21919.2 | P10: ='Energy Readings'!AF10 -> 26099.2 | Q10: ='Energy Readings'!AH10 -> 27729.6 | R10: ='Energy Readings'!AJ10-200 -> 19613.6 | S10: ='Energy Readings'!AL10 -> 23508 | T10: ='Energy Readings'!AN10 -> 23324.8 | U10: ='Energy Readings'!AP10+150 -> 18689.6 | V10: ='Energy Readings'!AR10+1300 -> 21882 | W10: ='Energy Readings'!AT10 -> 18547.2 | X10: ='Energy Readings'!AV10 -> 440 | Y10: ='Energy Readings'!AX10 -> 14293.6 | Z10: ='Energy Readings'!AZ10+7800 -> 25220.959 | AA10: ='Energy Readings'!BB10-950 -> 25985.494 | AB10: ='Energy Readings'!BD10-80 -> 24511.48 | AC10: ='Energy Readings'!BF10 -> 23791.316 | AD10: ='Energy Readings'!BH10 -> 27341.41 | AE10: ='Energy Readings'!BJ10 -> 12955.98 | AF10: =SUM(B10:AE10) -> 651791.84
A11: IMCC-3 | B11: ='Energy Readings'!D11-B12 -> 3545.7 | C11: ='Energy Readings'!F11-C12 -> 4850.74 | D11: ='Energy Readings'!H11-D12 -> 4464.63 | E11: ='Energy Readings'!J11-E12+100 -> 4840.87 | F11: ='Energy Readings'!L11-F12 -> 4346.27 | G11: ='Energy Readings'!N11-G12 -> 4168.18 | H11: ='Energy Readings'!P11-H12 -> 4388.29 | I11: ='Energy Readings'!R11-I12 -> 4439.42 | J11: ='Energy Readings'!T11-J12 -> 4490.58 | K11: ='Energy Readings'!V11-K12 -> 4892.44 | L11: ='Energy Readings'!X11-L12 -> 5439.02 | M11: ='Energy Readings'!Z11-M12 -> 4819.72 | N11: ='Energy Readings'!AB11-N12 -> 4049.07 | O11: ='Energy Readings'!AD11-O12 -> 4204.38 | P11: ='Energy Readings'!AF11-P12 -> 4606.56 | Q11: ='Energy Readings'!AH11-Q12 -> 4441.12 | R11: ='Energy Readings'!AJ11-R12 -> 4209.05 | S11: ='Energy Readings'!AL11-S12 -> 4213.05 | T11: ='Energy Readings'!AN11-T12 -> 4345.16 | U11: ='Energy Readings'!AP11-U12 -> 4239.3 | V11: ='Energy Readings'!AR11-V12 -> 4249.87 | W11: ='Energy Readings'!AT11-W12 -> 4041.49 | X11: ='Energy Readings'!AV11-X12 -> 2626.03 | Y11: ='Energy Readings'!AX11-Y12 -> 3801.05 | Z11: ='Energy Readings'!AZ11-Z12 -> 4542.94 | AA11: ='Energy Readings'!BB11-AA12 -> 4537.64 | AB11: ='Energy Readings'!BD11-AB12 -> 4447.99 | AC11: ='Energy Readings'!BF11-AC12 -> 4400.02 | AD11: ='Energy Readings'!BH11-AD12 -> 4577.07 | AE11: ='Energy Readings'!BJ11-AE12 -> 3438.78 | AF11: =SUM(B11:AE11) -> 129656.43
A12: IMCC-2/RECLAIMER | B12: ='Energy Readings'!D12 -> 1397.84 | C12: ='Energy Readings'!F12 -> 556.91 | D12: ='Energy Readings'!H12 -> 1142.16 | E12: ='Energy Readings'!J12 -> 1380.43 | F12: ='Energy Readings'!L12 -> 1135.75 | G12: ='Energy Readings'!N12 -> 1090.01 | H12: ='Energy Readings'!P12 -> 1294.16 | I12: ='Energy Readings'!R12 -> 1268.76 | J12: ='Energy Readings'!T12 -> 1310.06 | K12: ='Energy Readings'!V12 -> 1410.86 | L12: ='Energy Readings'!X12 -> 1183.76 | M12: ='Energy Readings'!Z12 -> 1297.55 | N12: ='Energy Readings'!AB12 -> 1081.2 | O12: ='Energy Readings'!AD12 -> 1120.78 | P12: ='Energy Readings'!AF12 -> 1361.83 | Q12: ='Energy Readings'!AH12 -> 1423.49 | R12: ='Energy Readings'!AJ12 -> 1022.19 | S12: ='Energy Readings'!AL12 -> 1198.59 | T12: ='Energy Readings'!AN12 -> 1205.16 | U12: ='Energy Readings'!AP12 -> 1033.51 | V12: ='Energy Readings'!AR12 -> 968.02 | W12: ='Energy Readings'!AT12 -> 918.99 | X12: ='Energy Readings'!AV12 -> 203.69 | Y12: ='Energy Readings'!AX12 -> 666.63 | Z12: ='Energy Readings'!AZ12 -> 1368.67 | AA12: ='Energy Readings'!BB12 -> 1432.51 | AB12: ='Energy Readings'!BD12 -> 1267.87 | AC12: ='Energy Readings'!BF12 -> 1328.45 | AD12: ='Energy Readings'!BH12 -> 1372.57 | AE12: ='Energy Readings'!BJ12 -> 742.81 | AF12: =SUM(B12:AE12) -> 34185.21
A13: TR-5(IPMCC-2 = BAG HOUSE AUX.- WORKSHOP) | B13: ='Energy Readings'!D13-B78-B18 -> 1330.02 | C13: ='Energy Readings'!F13-C78-C18 -> 1381.79 | D13: ='Energy Readings'!H13-D78-D18 -> 1313.83 | E13: ='Energy Readings'!J13-E78-E18 -> 1318.74 | F13: ='Energy Readings'!L13-F78-F18 -> 1365.92 | G13: ='Energy Readings'!N13-G78-G18 -> 1364.36 | H13: ='Energy Readings'!P13-H78-H18 -> 1333.23 | I13: ='Energy Readings'!R13-I78-I18 -> 1425.45 | J13: ='Energy Readings'!T13-J78-J18 -> 1198.93 | K13: ='Energy Readings'!V13-K78-K18 -> 1302.44 | L13: ='Energy Readings'!X13-L78-L18 -> 1293.06 | M13: ='Energy Readings'!Z13-M78-M18 -> 1283.94 | N13: ='Energy Readings'!AB13-N78-N18 -> 1359.98 | O13: ='Energy Readings'!AD13-O78-O18 -> 1197.41 | P13: ='Energy Readings'!AF13-P78-P18 -> 1341.98 | Q13: ='Energy Readings'!AH13-Q78-Q18 -> 1292.36 | R13: ='Energy Readings'!AJ13-R78-R18 -> 1226.79 | S13: ='Energy Readings'!AL13-S78-S18 -> 1387.64 | T13: ='Energy Readings'!AN13-T78-T18 -> 1442.58 | U13: ='Energy Readings'!AP13-U78-U18 -> 1366.17 | V13: ='Energy Readings'!AR13-V78-V18 -> 1355.38 | W13: ='Energy Readings'!AT13-W78-W18 -> 1365.94 | X13: ='Energy Readings'!AV13-X78-X18 -> 1377.57 | Y13: ='Energy Readings'!AX13-Y78-Y18 -> 1345.17 | Z13: ='Energy Readings'!AZ13-Z78 -> 2806.53 | AA13: ='Energy Readings'!BB13-AA78-150 -> 2910.06 | AB13: ='Energy Readings'!BD13-AB78-AB18 -> 1336.97 | AC13: ='Energy Readings'!BF13-AC78-AC18 -> 1354.13 | AD13: ='Energy Readings'!BH13-AD78-AD18 -> 1741.53 | AE13: ='Energy Readings'!BJ13-AE78-AE18 -> 583.55 | AF13: =SUM(B13:AE13) -> 42703.45
A14: 461FN1-TR1 | B14: ='Energy Readings'!D14 -> 5024.8 | C14: ='Energy Readings'!F14 -> 6016.92 | D14: ='Energy Readings'!H14 -> 4418.72 | E14: ='Energy Readings'!J14 -> 4769.84 | F14: ='Energy Readings'!L14 -> 5304.16 | G14: ='Energy Readings'!N14 -> 5135.64 | H14: ='Energy Readings'!P14 -> 5199.28 | I14: ='Energy Readings'!R14 -> 5201.68 | J14: ='Energy Readings'!T14 -> 5047.72 | K14: ='Energy Readings'!V14 -> 4713.88 | L14: ='Energy Readings'!X14 -> 5000.24 | M14: ='Energy Readings'!Z14 -> 5274.8 | N14: ='Energy Readings'!AB14 -> 5351.8 | O14: ='Energy Readings'!AD14 -> 5085.12 | P14: ='Energy Readings'!AF14 -> 4658.76 | Q14: ='Energy Readings'!AH14 -> 4602.4 | R14: ='Energy Readings'!AJ14 -> 5257.68 | S14: ='Energy Readings'!AL14 -> 4826.44 | T14: ='Energy Readings'!AN14 -> 4757.96 | U14: ='Energy Readings'!AP14 -> 5442.88 | V14: ='Energy Readings'!AR14 -> 4010.56 | W14: ='Energy Readings'!AT14 -> 4524.48 | X14: ='Energy Readings'!AV14 -> 1041.92 | Y14: ='Energy Readings'!AX14 -> 2951.28 | Z14: ='Energy Readings'!AZ14 -> 4587.8 | AA14: ='Energy Readings'!BB14 -> 4016.84 | AB14: ='Energy Readings'!BD14 -> 4647.04 | AC14: ='Energy Readings'!BF14 -> 4564.24 | AD14: ='Energy Readings'!BH14 -> 4446.88 | AE14: ='Energy Readings'!BJ14 -> 2668.72 | AF14: =SUM(B14:AE14) -> 138550.48
A15: COMPRESSOR-1(PCC-1@321CP1) | B15: ='Energy Readings'!D15 -> 4337.38 | C15: ='Energy Readings'!F15 -> 4426.61 | D15: ='Energy Readings'!H15-250 -> 4090.06 | E15: ='Energy Readings'!J15 -> 4256.99 | F15: ='Energy Readings'!L15 -> 4401.41 | G15: ='Energy Readings'!N15 -> 4348.91 | H15: ='Energy Readings'!P15 -> 4381.18 | I15: ='Energy Readings'!R15-500 -> 3984.56 | J15: ='Energy Readings'!T15 -> 4311.13 | K15: ='Energy Readings'!V15 -> 4392.55 | L15: ='Energy Readings'!X15 -> 4427.5 | M15: ='Energy Readings'!Z15 -> 4330.52 | N15: ='Energy Readings'!AB15 -> 4343.27 | O15: ='Energy Readings'!AD15-500 -> 3951.42 | P15: ='Energy Readings'!AF15 -> 4362.98 | Q15: ='Energy Readings'!AH15 -> 4340.85 | R15: ='Energy Readings'!AJ15 -> 4439.61 | S15: ='Energy Readings'!AL15 -> 4425.64 | T15: ='Energy Readings'!AN15 -> 4457.53 | U15: ='Energy Readings'!AP15 -> 4390.97 | V15: ='Energy Readings'!AR15 -> 4409.91 | W15: ='Energy Readings'!AT15 -> 4460.79 | X15: ='Energy Readings'!AV15 -> 4567.46 | Y15: ='Energy Readings'!AX15 -> 4482.62 | Z15: ='Energy Readings'!AZ15 -> 4420.61 | AA15: ='Energy Readings'!BB15 -> 4419.16 | AB15: ='Energy Readings'!BD15 -> 4455.01 | AC15: ='Energy Readings'!BF15 -> 4427.9 | AD15: ='Energy Readings'!BH15-1480 -> 4400.21 | AE15: ='Energy Readings'!BJ15+1000 -> 3574.77 | AF15: =SUM(B15:AE15) -> 130019.51
A16: Welding DB + A/C | B16: ='Energy Readings'!D16 -> 162 | C16: ='Energy Readings'!F16 -> 124 | D16: ='Energy Readings'!H16 -> 162 | E16: ='Energy Readings'!J16 -> 142 | F16: ='Energy Readings'!L16 -> 121 | G16: ='Energy Readings'!N16 -> 121 | H16: ='Energy Readings'!P16 -> 142 | I16: ='Energy Readings'!R16 -> 142 | J16: ='Energy Readings'!T16 -> 121 | K16: ='Energy Readings'!V16 -> 121 | L16: ='Energy Readings'!X16 -> 121 | M16: ='Energy Readings'!Z16 -> 121 | N16: ='Energy Readings'!AB16 -> 121 | O16: ='Energy Readings'!AD16 -> 121 | P16: ='Energy Readings'!AF16 -> 121 | Q16: ='Energy Readings'!AH16 -> 121 | R16: ='Energy Readings'!AJ16 -> 121 | S16: ='Energy Readings'!AL16 -> 121 | T16: ='Energy Readings'!AN16 -> 121 | U16: ='Energy Readings'!AP16 -> 121 | V16: ='Energy Readings'!AR16 -> 121 | W16: ='Energy Readings'!AT16 -> 121 | X16: ='Energy Readings'!AV16 -> 236 | Y16: ='Energy Readings'!AX16 -> 340 | Z16: ='Energy Readings'!AZ16 -> 254 | AA16: ='Energy Readings'!BB16 -> 312 | AB16: ='Energy Readings'!BD16 -> 328.9 | AC16: ='Energy Readings'!BF16 -> 322.6 | AD16: ='Energy Readings'!BH16 -> 289.2 | AE16: ='Energy Readings'!BJ16 -> 315 | AF16: =SUM(B16:AE16) -> 5207.7
A17: 100RM1 | B17: ='Energy Readings'!D17 -> 6730.8 | C17: 4300 | D17: ='Energy Readings'!H17 -> 4921.9 | E17: ='Energy Readings'!J17 -> 6187.9 | F17: ='Energy Readings'!L17 -> 5149.1 | G17: ='Energy Readings'!N17 -> 4752.5 | H17: ='Energy Readings'!P17 -> 3952.2 | I17: ='Energy Readings'!R17 -> 5360.6 | J17: ='Energy Readings'!T17 -> 6143.3 | K17: ='Energy Readings'!V17 -> 5303.8 | L17: ='Energy Readings'!X17 -> 5185.6 | M17: ='Energy Readings'!Z17 -> 5651.5 | N17: ='Energy Readings'!AB17 -> 5281.1 | O17: ='Energy Readings'!AD17 -> 5928 | P17: ='Energy Readings'!AF17 -> 2666.4 | Q17: ='Energy Readings'!AH17 -> 0 | R17: ='Energy Readings'!AJ17 -> 0 | S17: ='Energy Readings'!AL17 -> 0 | T17: ='Energy Readings'!AN17 -> 0 | U17: ='Energy Readings'!AP17 -> 0 | V17: ='Energy Readings'!AR17 -> 0 | W17: ='Energy Readings'!AT17 -> 0 | X17: ='Energy Readings'!AV17 -> 0 | Y17: ='Energy Readings'!AX17 -> 0 | Z17: ='Energy Readings'!AZ17 -> 5928.9 | AA17: ='Energy Readings'!BB17 -> 6617.9 | AB17: ='Energy Readings'!BD17 -> 6799.6 | AC17: ='Energy Readings'!BF17 -> 6116 | AD17: ='Energy Readings'!BH17 -> 6695.6 | AE17: ='Energy Readings'!BJ17 -> 2845.5 | AF17: =SUM(B17:AE17) -> 112518.2
A18: 100FN2 | B18: ='Energy Readings'!D18 -> 1639.52 | C18: ='Energy Readings'!F18 -> 1549.43 | D18: ='Energy Readings'!H18 -> 1341.9 | E18: ='Energy Readings'!J18 -> 1512.3 | F18: ='Energy Readings'!L18 -> 1593.13 | G18: ='Energy Readings'!N18 -> 1402.31 | H18: ='Energy Readings'!P18 -> 1058.48 | I18: ='Energy Readings'!R18 -> 1566.87 | J18: ='Energy Readings'!T18 -> 1696.78 | K18: ='Energy Readings'!V18 -> 1602.32 | L18: ='Energy Readings'!X18 -> 1599.6 | M18: ='Energy Readings'!Z18 -> 1564.57 | N18: ='Energy Readings'!AB18 -> 1479.9 | O18: ='Energy Readings'!AD18 -> 1516.58 | P18: ='Energy Readings'!AF18 -> 718.76 | Q18: ='Energy Readings'!AH18 -> 2.45 | R18: ='Energy Readings'!AJ18 -> 0 | S18: ='Energy Readings'!AL18 -> 5.01 | T18: ='Energy Readings'!AN18 -> -0.010000002 | U18: ='Energy Readings'!AP18 -> 0 | V18: ='Energy Readings'!AR18 -> 0 | W18: ='Energy Readings'!AT18 -> 10.3 | X18: ='Energy Readings'!AV18 -> 2.56 | Y18: ='Energy Readings'!AX18 -> 0 | Z18: ='Energy Readings'!AZ18 -> 1278 | AA18: ='Energy Readings'!BB18 -> 1676.02 | AB18: ='Energy Readings'!BD18 -> 1619.48 | AC18: ='Energy Readings'!BF18 -> 1435.47 | AD18: ='Energy Readings'!BH18 -> 1607.38 | AE18: ='Energy Readings'!BJ18 -> 636.66 | AF18: =SUM(B18:AE18) -> 30115.77
A19: Rawmill-2 Auxil | B19: 112 | C19: ='Energy Readings'!F19 -> 814.9 | D19: 920 | E19: ='Energy Readings'!J19 -> 1250 | F19: ='Energy Readings'!L19 -> 1064 | G19: ='Energy Readings'!N19 -> 822.6 | H19: ='Energy Readings'!P19 -> 905 | I19: ='Energy Readings'!R19 -> 835 | J19: ='Energy Readings'!T19 -> 1008.9 | K19: ='Energy Readings'!V19 -> 986.8 | L19: ='Energy Readings'!X19 -> 854 | M19: ='Energy Readings'!Z19 -> 910.6 | N19: ='Energy Readings'!AB19 -> 869.5 | O19: ='Energy Readings'!AD19 -> 895 | P19: ='Energy Readings'!AF19 -> 456 | Q19: ='Energy Readings'!AH19 -> 821 | R19: ='Energy Readings'!AJ19 -> 521 | S19: ='Energy Readings'!AL19 -> 120 | T19: ='Energy Readings'!AN19 -> 54 | U19: ='Energy Readings'!AP19 -> 66 | V19: ='Energy Readings'!AR19 -> 88 | W19: ='Energy Readings'!AT19 -> 345 | X19: ='Energy Readings'!AV19 -> 622 | Y19: ='Energy Readings'!AX19 -> 78 | Z19: ='Energy Readings'!AZ19 -> 822 | AA19: ='Energy Readings'!BB19 -> 655 | AB19: ='Energy Readings'!BD19 -> 232 | AC19: ='Energy Readings'!BF19 -> 68 | AD19: ='Energy Readings'!BH19 -> 35 | AE19: ='Energy Readings'!BJ19 -> 122 | AF19: =SUM(B19:AE19) -> 17353.3
A20: COAL MILL | K20: ='Energy Readings'!V20 -> 0 | Z20: ='Energy Readings'!AZ20 -> 0 | AB20: ='Energy Readings'!BD20 -> 0 | AC20: ='Energy Readings'!BF20 -> 0 | AD20: ='Energy Readings'!BH20 -> 0 | AE20: ='Energy Readings'!BJ20 -> 0
A21: 521CM1 | B21: ='Energy Readings'!D21 -> 9039 | C21: ='Energy Readings'!F21-79 -> 8531 | D21: ='Energy Readings'!H21 -> 6690 | E21: ='Energy Readings'!J21+200 -> 9228 | F21: ='Energy Readings'!L21 -> 8435 | G21: ='Energy Readings'!N21 -> 8020 | H21: ='Energy Readings'!P21 -> 7383 | I21: ='Energy Readings'!R21-500 -> 7500 | J21: ='Energy Readings'!T21 -> 7659 | K21: ='Energy Readings'!V21 -> 8936 | L21: ='Energy Readings'!X21 -> 7301 | M21: ='Energy Readings'!Z21 -> 8206 | N21: ='Energy Readings'!AB21 -> 7802 | O21: ='Energy Readings'!AD21 -> 7805 | P21: ='Energy Readings'!AF21 -> 7873 | Q21: ='Energy Readings'!AH21 -> 8574 | R21: ='Energy Readings'!AJ21 -> 8542 | S21: ='Energy Readings'!AL21 -> 8013 | T21: ='Energy Readings'!AN21 -> 7877 | U21: ='Energy Readings'!AP21 -> 7803 | V21: ='Energy Readings'!AR21 -> 6356 | W21: ='Energy Readings'!AT21 -> 6067 | X21: ='Energy Readings'!AV21 -> 752 | Y21: ='Energy Readings'!AX21 -> 4581 | Z21: ='Energy Readings'!AZ21 -> 8944 | AA21: ='Energy Readings'!BB21-300 -> 7632 | AB21: ='Energy Readings'!BD21 -> 8571 | AC21: ='Energy Readings'!BF21 -> 7865 | AD21: ='Energy Readings'!BH21 -> 7468 | AE21: ='Energy Readings'!BJ21+500 -> 4989 | AF21: =SUM(B21:AE21) -> 224442
A22: 521 FN1 | B22: ='Energy Readings'!D22 -> 768 | C22: ='Energy Readings'!F22 -> 769 | D22: ='Energy Readings'!H22 -> 767 | E22: ='Energy Readings'!J22+200 -> 969 | F22: ='Energy Readings'!L22 -> 640 | G22: ='Energy Readings'!N22 -> 768 | H22: ='Energy Readings'!P22 -> 767 | I22: ='Energy Readings'!R22 -> 768 | J22: ='Energy Readings'!T22 -> 641 | K22: ='Energy Readings'!V22 -> 767 | L22: ='Energy Readings'!X22 -> 769 | M22: ='Energy Readings'!Z22 -> 768 | N22: ='Energy Readings'!AB22 -> 767 | O22: ='Energy Readings'!AD22 -> 769 | P22: ='Energy Readings'!AF22 -> 767 | Q22: ='Energy Readings'!AH22 -> 769 | R22: ='Energy Readings'!AJ22 -> 768 | S22: ='Energy Readings'!AL22 -> 768 | T22: ='Energy Readings'!AN22 -> 639 | U22: ='Energy Readings'!AP22 -> 769 | V22: ='Energy Readings'!AR22 -> 639 | W22: ='Energy Readings'!AT22 -> 640 | X22: ='Energy Readings'!AV22 -> 257 | Y22: ='Energy Readings'!AX22 -> 512 | Z22: ='Energy Readings'!AZ22 -> 768 | AA22: ='Energy Readings'!BB22+10 -> 778 | AB22: ='Energy Readings'!BD22 -> 768 | AC22: ='Energy Readings'!BF22 -> 639 | AD22: ='Energy Readings'!BH22 -> 641 | AE22: ='Energy Readings'!BJ22 -> 512 | AF22: =SUM(B22:AE22) -> 21331
A23: COAL MILL AUXILIRIES-IPMCC4(TR8) | B23: ='Energy Readings'!D23-B26-B27-B28-B72-B75-B22 -> 5442.43 | C23: ='Energy Readings'!F23-C26-C27-C28-C72-C75-C22 -> 5312.26 | D23: ='Energy Readings'!H23-D26-D27-D28-D72-D75-D22 -> 4680.35 | E23: ='Energy Readings'!J23-E26-E27-E28-E72-E75-E22+100 -> 5348.86 | F23: ='Energy Readings'!L23-F26-F27-F28-F72-F75-F22 -> 5476.02 | G23: ='Energy Readings'!N23-G26-G27-G28-G72-G75-G22 -> 5264.81 | H23: ='Energy Readings'!P23-H26-H27-H28-H72-H75-H22 -> 5315.15 | I23: ='Energy Readings'!R23-I26-I27-I28-I72-I75-I22 -> 5355.8 | J23: ='Energy Readings'!T23-J26-J27-J28-J72-J75-J22 -> 5259.41 | K23: ='Energy Readings'!V23-K26-K27-K28-K72-K75-K22 -> 5393.75 | L23: ='Energy Readings'!X23-L26-L27-L28-L72-L75-L22 -> 5281.88 | M23: ='Energy Readings'!Z23-M26-M27-M28-M72-M75-M22 -> 5217.44 | N23: ='Energy Readings'!AB23-N26-N27-N28-N72-N75-N22 -> 5146.8 | O23: ='Energy Readings'!AD23-O26-O27-O28-O72-O75-O22 -> 5180.67 | P23: ='Energy Readings'!AF23-P26-P27-P28-P72-P75-P22 -> 5110.33 | Q23: ='Energy Readings'!AH23-Q26-Q27-Q28-Q72-Q75-Q22 -> 5252.67 | R23: ='Energy Readings'!AJ23-R26-R27-R28-R72-R75-R22 -> 5372.9 | S23: ='Energy Readings'!AL23-S26-S27-S28-S72-S75-S22 -> 5134.68 | T23: ='Energy Readings'!AN23-T26-T27-T28-T72-T75-T22 -> 5159.01 | U23: ='Energy Readings'!AP23-U26-U27-U28-U72-U75-U22 -> 5366.5 | V23: ='Energy Readings'!AR23-V26-V27-V28-V72-V75-V22 -> 5586.49 | W23: ='Energy Readings'!AT23-W26-W27-W28-W72-W75-W22 -> 5345.9 | X23: ='Energy Readings'!AV23-X26-X27-X28-X72-X75-X22 -> 2261.82 | Y23: ='Energy Readings'!AX23-Y26-Y27-Y28-Y72-Y75-Y22 -> 4109.8 | Z23: ='Energy Readings'!AZ23-Z26-Z27-Z28-Z72-Z75-Z22 -> 5495.48 | AA23: ='Energy Readings'!BB23-AA26-AA27-AA28-AA72-AA75-AA22-100 -> 5523.29 | AB23: ='Energy Readings'!BD23-AB26-AB27-AB28-AB72-AB75-AB22 -> 5611.9 | AC23: ='Energy Readings'!BF23-AC26-AC27-AC28-AC72-AC75-AC22 -> 5585.41 | AD23: ='Energy Readings'!BH23-AD26-AD27-AD28-AD72-AD75-AD22 -> 5508.68 | AE23: ='Energy Readings'!BJ23-AE26-AE27-AE28-AE72-AE75-AE22 -> 3340.73 | AF23: =SUM(B23:AE23) -> 153441.22
A24: NEW COAL MILL AUX. NEW MCC (TR12) | B24: ='Energy Readings'!D24-B25 -> 1116.7 | C24: ='Energy Readings'!F24-C25 -> 1068.3 | D24: ='Energy Readings'!H24-D25 -> 985.8 | E24: ='Energy Readings'!J24-E25 -> 1077.4 | F24: ='Energy Readings'!L24-F25 -> 1018.5 | G24: ='Energy Readings'!N24-G25 -> 1013.7 | H24: ='Energy Readings'!P24-H25 -> 1697 | I24: ='Energy Readings'!R24-I25 -> 374.9 | J24: ='Energy Readings'!T24-J25 -> 998.8 | K24: ='Energy Readings'!V24-K25 -> 1055.4 | L24: ='Energy Readings'!X24-L25 -> 959.6 | M24: ='Energy Readings'!Z24-M25 -> 960.8 | N24: ='Energy Readings'!AB24-N25 -> 988.7 | O24: ='Energy Readings'!AD24-O25 -> 1001.4 | P24: ='Energy Readings'!AF24-P25 -> 990.2 | Q24: ='Energy Readings'!AH24-Q25 -> 1029.6 | R24: ='Energy Readings'!AJ24-R25 -> 1061.6 | S24: ='Energy Readings'!AL24-S25 -> 1050.6 | T24: ='Energy Readings'!AN24-T25 -> 1046.9 | U24: ='Energy Readings'!AP24-U25 -> 1032.6 | V24: ='Energy Readings'!AR24-V25 -> 956.1 | W24: ='Energy Readings'!AT24-W25 -> 887.7 | X24: ='Energy Readings'!AV24-X25 -> 364.4 | Y24: ='Energy Readings'!AX24-Y25 -> 723.3 | Z24: ='Energy Readings'!AZ24-Z25 -> 1078 | AA24: ='Energy Readings'!BB24-AA25 -> 1054 | AB24: ='Energy Readings'!BD24-AB25 -> 1062.3 | AC24: ='Energy Readings'!BF24-AC25 -> 1055 | AD24: ='Energy Readings'!BH24-AD25 -> 1061.8 | AE24: ='Energy Readings'!BJ24-AE25 -> 820.6 | AF24: =SUM(B24:AE24) -> 29591.7
A25: LC-2A LIGHTING TR | B25: ='Energy Readings'!D25 -> 0 | C25: ='Energy Readings'!F25 -> 0 | D25: ='Energy Readings'!H25 -> 0 | E25: ='Energy Readings'!J25 -> 0 | F25: ='Energy Readings'!L25 -> 0 | G25: ='Energy Readings'!N25 -> 0 | H25: ='Energy Readings'!P25 -> 0 | I25: ='Energy Readings'!R25 -> 0 | J25: ='Energy Readings'!T25 -> 0 | K25: ='Energy Readings'!V25 -> 0 | L25: ='Energy Readings'!X25 -> 0 | M25: ='Energy Readings'!Z25 -> 0 | N25: ='Energy Readings'!AB25 -> 0 | O25: ='Energy Readings'!AD25 -> 0 | P25: ='Energy Readings'!AF25 -> 0 | Q25: ='Energy Readings'!AH25 -> 0 | R25: ='Energy Readings'!AJ25 -> 0 | S25: ='Energy Readings'!AL25 -> 0 | T25: ='Energy Readings'!AN25 -> 0 | U25: ='Energy Readings'!AP25 -> 0 | V25: ='Energy Readings'!AR25 -> 0 | W25: ='Energy Readings'!AT25 -> 0 | X25: ='Energy Readings'!AV25 -> 0 | Y25: ='Energy Readings'!AX25 -> 0 | Z25: ='Energy Readings'!AZ25 -> 0 | AA25: ='Energy Readings'!BB25 -> 0 | AB25: ='Energy Readings'!BD25 -> 0 | AC25: ='Energy Readings'!BF25 -> 0 | AD25: ='Energy Readings'!BH25 -> 0 | AE25: ='Energy Readings'!BJ25 -> 0 | AF25: =SUM(B25:AE25) -> 0
A26: WELDING SUPPLY COAL MILL & KILN | B26: ='Energy Readings'!D26 -> 79 | C26: ='Energy Readings'!F26 -> 54 | D26: ='Energy Readings'!H26 -> 42 | E26: ='Energy Readings'!J26 -> 79 | F26: ='Energy Readings'!L26 -> 54 | G26: 52 | H26: ='Energy Readings'!P26 -> 54 | I26: ='Energy Readings'!R26 -> 54 | J26: ='Energy Readings'!T26 -> 54 | K26: ='Energy Readings'!V26 -> 54 | L26: ='Energy Readings'!X26 -> 54 | M26: ='Energy Readings'!Z26 -> 54 | N26: ='Energy Readings'!AB26 -> 54 | O26: ='Energy Readings'!AD26 -> 52 | P26: ='Energy Readings'!AF26 -> 54 | Q26: ='Energy Readings'!AH26 -> 54 | R26: ='Energy Readings'!AJ26 -> 54 | S26: ='Energy Readings'!AL26 -> 54 | T26: ='Energy Readings'!AN26 -> 54 | U26: ='Energy Readings'!AP26 -> 54 | V26: ='Energy Readings'!AR26 -> 54 | W26: ='Energy Readings'!AT26 -> 54 | X26: ='Energy Readings'!AV26 -> 189 | Y26: ='Energy Readings'!AX26 -> 68 | Z26: ='Energy Readings'!AZ26 -> 89 | AA26: ='Energy Readings'!BB26 -> 89 | AB26: ='Energy Readings'!BD26 -> 79 | AC26: ='Energy Readings'!BF26 -> 102 | AD26: ='Energy Readings'!BH26 -> 98.2 | AE26: ='Energy Readings'!BJ26 -> 54 | AF26: =SUM(B26:AE26) -> 1990.2
A27: A/C Supply LC-3 | B27: ='Energy Readings'!D27 -> 50 | C27: ='Energy Readings'!F27 -> 50 | D27: ='Energy Readings'!H27 -> 50 | E27: ='Energy Readings'!J27 -> 50 | F27: ='Energy Readings'!L27 -> 50 | G27: 50 | H27: ='Energy Readings'!P27 -> 50 | I27: ='Energy Readings'!R27 -> 50 | J27: ='Energy Readings'!T27 -> 50 | K27: ='Energy Readings'!V27 -> 50 | L27: ='Energy Readings'!X27 -> 50 | M27: ='Energy Readings'!Z27 -> 50 | N27: ='Energy Readings'!AB27 -> 50 | O27: ='Energy Readings'!AD27 -> 50 | P27: ='Energy Readings'!AF27 -> 50 | Q27: ='Energy Readings'!AH27 -> 50 | R27: ='Energy Readings'!AJ27 -> 50 | S27: ='Energy Readings'!AL27 -> 50 | T27: ='Energy Readings'!AN27 -> 50 | U27: ='Energy Readings'!AP27 -> 50 | V27: ='Energy Readings'!AR27 -> 50 | W27: ='Energy Readings'!AT27 -> 50 | X27: ='Energy Readings'!AV27 -> 50 | Y27: ='Energy Readings'!AX27 -> 50 | Z27: ='Energy Readings'!AZ27 -> 50 | AA27: ='Energy Readings'!BB27 -> 50 | AB27: ='Energy Readings'!BD27 -> 50 | AC27: ='Energy Readings'!BF27 -> 50 | AD27: ='Energy Readings'!BH27 -> 50 | AE27: ='Energy Readings'!BJ27 -> 50 | AF27: =SUM(B27:AE27) -> 1500
A28: Supply for CCR | B28: ='Energy Readings'!D28 -> 881.77 | C28: ='Energy Readings'!F28 -> 994.54 | D28: ='Energy Readings'!H28 -> 946.25 | E28: ='Energy Readings'!J28 -> 878.14 | F28: ='Energy Readings'!L28 -> 862.98 | G28: ='Energy Readings'!N28 -> 760.79 | H28: ='Energy Readings'!P28 -> 724.45 | I28: ='Energy Readings'!R28 -> 955.2 | J28: ='Energy Readings'!T28 -> 875.39 | K28: ='Energy Readings'!V28 -> 797.45 | L28: ='Energy Readings'!X28 -> 746.52 | M28: ='Energy Readings'!Z28 -> 759.16 | N28: ='Energy Readings'!AB28 -> 601.8 | O28: ='Energy Readings'!AD28 -> 534.93 | P28: ='Energy Readings'!AF28 -> 742.47 | Q28: ='Energy Readings'!AH28 -> 711.53 | R28: ='Energy Readings'!AJ28 -> 702.3 | S28: ='Energy Readings'!AL28 -> 700.12 | T28: ='Energy Readings'!AN28 -> 700.59 | U28: ='Energy Readings'!AP28 -> 598.7 | V28: ='Energy Readings'!AR28 -> 458.31 | W28: ='Energy Readings'!AT28 -> 692.3 | X28: ='Energy Readings'!AV28 -> 665.38 | Y28: ='Energy Readings'!AX28 -> 722 | Z28: ='Energy Readings'!AZ28 -> 708.32 | AA28: ='Energy Readings'!BB28 -> 725.31 | AB28: ='Energy Readings'!BD28 -> 710.3 | AC28: ='Energy Readings'!BF28 -> 663.39 | AD28: ='Energy Readings'!BH28 -> 757.72 | AE28: ='Energy Readings'!BJ28 -> 755.07 | AF28: =SUM(B28:AE28) -> 22333.18
A29: KILN | K29: ='Energy Readings'!V29 -> 0 | W29: ='Energy Readings'!AT29 -> 0 | X29: ='Energy Readings'!AV29 -> 0 | Z29: ='Energy Readings'!AZ29 -> 0 | AA29: ='Energy Readings'!BB29 -> 0 | AB29: ='Energy Readings'!BD29 -> 0 | AC29: ='Energy Readings'!BF29 -> 0 | AD29: ='Energy Readings'!BH29 -> 0 | AE29: ='Energy Readings'!BJ29 -> 0
A30: 431FN1 PRE-HEATER FAN | B30: ='Energy Readings'!D30 -> 25730.4 | C30: ='Energy Readings'!F30-200 -> 21349.6 | D30: ='Energy Readings'!H30 -> 17184 | E30: ='Energy Readings'!J30 -> 22888 | F30: ='Energy Readings'!L30 -> 23616.8 | G30: ='Energy Readings'!N30 -> 19135.2 | H30: ='Energy Readings'!P30 -> 19308 | I30: ='Energy Readings'!R30 -> 18484.8 | J30: ='Energy Readings'!T30 -> 17457.6 | K30: ='Energy Readings'!V30 -> 18747.2 | L30: ='Energy Readings'!X30-500 -> 17134.4 | M30: ='Energy Readings'!Z30 -> 21185.6 | N30: ='Energy Readings'!AB30 -> 17529.6 | O30: ='Energy Readings'!AD30 -> 16692 | P30: ='Energy Readings'!AF30+500 -> 18124.8 | Q30: ='Energy Readings'!AH30 -> 17615.2 | R30: ='Energy Readings'!AJ30 -> 19337.6 | S30: ='Energy Readings'!AL30 -> 18207.2 | T30: ='Energy Readings'!AN30+600 -> 18325.6 | U30: ='Energy Readings'!AP30 -> 17404 | V30: ='Energy Readings'!AR30+550 -> 14372.4 | W30: ='Energy Readings'!AT30 -> 10869 | X30: ='Energy Readings'!AV30 -> 1974 | Y30: ='Energy Readings'!AX30 -> 7953.3716 | Z30: ='Energy Readings'!AZ30 -> 18693.604 | AA30: ='Energy Readings'!BB30-100 -> 19021.024 | AB30: ='Energy Readings'!BD30 -> 19278.896 | AC30: ='Energy Readings'!BF30 -> 17977.648 | AD30: ='Energy Readings'!BH30 -> 21235.172 | AE30: ='Energy Readings'!BJ30+500 -> 10539.54 | AF30: =SUM(B30:AE30) -> 527372.26
A31: IMCC-4 | B31: ='Energy Readings'!D31-B19 -> 5445.34 | C31: ='Energy Readings'!F31-C19 -> 4584.9 | D31: ='Energy Readings'!H31-D19 -> 4170.35 | E31: ='Energy Readings'!J31-E19+100 -> 4402.7 | F31: ='Energy Readings'!L31-F19 -> 4387.85 | G31: ='Energy Readings'!N31-G19 -> 4454.51 | H31: ='Energy Readings'!P31-H19 -> 4355.29 | I31: ='Energy Readings'!R31-I19 -> 4513.93 | J31: ='Energy Readings'!T31-J19 -> 4119.85 | K31: ='Energy Readings'!V31-K19 -> 3936.52 | L31: ='Energy Readings'!X31-L19 -> 3112.6 | M31: ='Energy Readings'!Z31-M19 -> 3309.13 | N31: ='Energy Readings'!AB31-N19 -> 3172.2 | O31: ='Energy Readings'!AD31-O19 -> 3202.04 | P31: ='Energy Readings'!AF31-P19 -> 3959.92 | Q31: ='Energy Readings'!AH31-Q19 -> 4234.05 | R31: ='Energy Readings'!AJ31-R19 -> 4569.56 | S31: ='Energy Readings'!AL31-S19 -> 4777.67 | T31: ='Energy Readings'!AN31-T19 -> 4855.9 | U31: ='Energy Readings'!AP31-U19 -> 4749.23 | V31: ='Energy Readings'!AR31-V19 -> 4367.11 | W31: ='Energy Readings'!AT31-W19 -> 4146.92 | X31: ='Energy Readings'!AV31-X19 -> 2187.37 | Y31: ='Energy Readings'!AX31-Y19 -> 3955.7 | Z31: ='Energy Readings'!AZ31-Z19 -> 4383.41 | AA31: ='Energy Readings'!BB31-AA19 -> 4632.88 | AB31: ='Energy Readings'!BD31-AB19 -> 5048.32 | AC31: ='Energy Readings'!BF31-AC19 -> 5034.26 | AD31: ='Energy Readings'!BH31-AD19 -> 6409.35 | AE31: ='Energy Readings'!BJ31-AE19+1500 -> 4265.55 | AF31: =SUM(B31:AE31) -> 128744.41
A32: BOOSTER FAN | B32: ='Energy Readings'!D32 -> 0 | C32: 0 | D32: 0 | E32: 0 | F32: 0 | G32: 0 | H32: 0 | I32: 0 | J32: 0 | K32: 0 | L32: 0 | M32: 0 | N32: 0 | O32: 0 | P32: 0 | Q32: 0 | R32: 0 | S32: 0 | T32: 0 | U32: 0 | V32: 0 | W32: 0 | X32: 0 | Y32: 0 | Z32: 0 | AA32: 0 | AB32: 0 | AE32: ='Energy Readings'!BJ32 -> 0 | AF32: =SUM(B32:AE32) -> 0
A33: COOLER DRIVES(IPMCC-3)(TR7) | B33: ='Energy Readings'!D33-B76 -> 13810.5 | C33: ='Energy Readings'!F33-C76 -> 13464 | D33: ='Energy Readings'!H33-D76 -> 12113.9 | E33: ='Energy Readings'!J33-E76+100 -> 14059.8 | F33: ='Energy Readings'!L33-F76 -> 13413.1 | G33: ='Energy Readings'!N33-G76 -> 12748.7 | H33: ='Energy Readings'!P33-H76 -> 12971.1 | I33: ='Energy Readings'!R33-I76-500 -> 12887.4 | J33: ='Energy Readings'!T33-J76 -> 12621.6 | K33: ='Energy Readings'!V33-K76 -> 12202.7 | L33: ='Energy Readings'!X33-L76 -> 11978.4 | M33: ='Energy Readings'!Z33-M76 -> 12982.6 | N33: ='Energy Readings'!AB33-N76 -> 12493.5 | O33: ='Energy Readings'!AD33-O76 -> 13479.4 | P33: ='Energy Readings'!AF33-P76 -> 12647.3 | Q33: ='Energy Readings'!AH33-Q76 -> 11925.9 | R33: ='Energy Readings'!AJ33-R76 -> 12043.1 | S33: ='Energy Readings'!AL33-S76 -> 12399.2 | T33: ='Energy Readings'!AN33-T76 -> 11821.7 | U33: ='Energy Readings'!AP33-U76 -> 12723.3 | V33: ='Energy Readings'!AR33-V76 -> 11021.9 | W33: ='Energy Readings'!AT33-W76 -> 11790.2 | X33: ='Energy Readings'!AV33-X76 -> 2169.4 | Y33: ='Energy Readings'!AX33-Y76 -> 7249.3 | Z33: ='Energy Readings'!AZ33-Z76 -> 12743.7 | AA33: ='Energy Readings'!BB33-AA76-100 -> 12834.2 | AB33: ='Energy Readings'!BD33-AB76 -> 12714.1 | AC33: ='Energy Readings'!BF33-AC76 -> 12668 | AD33: ='Energy Readings'!BH33-AD76 -> 13056.4 | AE33: ='Energy Readings'!BJ33-AE76 -> 6360.6 | AF33: =SUM(B33:AE33) -> 357395
A34: COMPRESSOR-3 (321CP3) | B34: ='Energy Readings'!D34 -> 0 | C34: ='Energy Readings'!F34 -> 0 | D34: ='Energy Readings'!H34 -> 0 | E34: ='Energy Readings'!J34 -> 0 | F34: ='Energy Readings'!L34 -> 0 | G34: ='Energy Readings'!N34 -> 0 | H34: ='Energy Readings'!P34 -> 0 | I34: ='Energy Readings'!R34 -> 0 | J34: ='Energy Readings'!T34 -> 1.07 | K34: ='Energy Readings'!V34 -> 0 | L34: ='Energy Readings'!X34 -> 2.46 | M34: ='Energy Readings'!Z34 -> 0 | N34: ='Energy Readings'!AB34 -> 1.83 | O34: ='Energy Readings'!AD34 -> 0 | P34: ='Energy Readings'!AF34 -> 0 | Q34: ='Energy Readings'!AH34 -> 12.01 | R34: ='Energy Readings'!AJ34 -> 0 | S34: ='Energy Readings'!AL34 -> 7.3 | T34: ='Energy Readings'!AN34 -> 0 | U34: ='Energy Readings'!AP34 -> 0.03 | V34: ='Energy Readings'!AR34 -> 0 | W34: ='Energy Readings'!AT34 -> 0 | X34: ='Energy Readings'!AV34 -> 0 | Y34: ='Energy Readings'!AX34 -> 0 | Z34: ='Energy Readings'!AZ34 -> 0 | AA34: ='Energy Readings'!BB34 -> 97.76 | AB34: ='Energy Readings'!BD34 -> 681.26 | AC34: ='Energy Readings'!BF34 -> 674.98 | AD34: 314 | AE34: ='Energy Readings'!BJ34 -> 0.71 | AF34: =SUM(B34:AE34) -> 1793.41
A35: COMPRESSOR-2(PCC-2 @ 321CP2) | B35: ='Energy Readings'!D35 -> 0 | C35: ='Energy Readings'!F35 -> 0 | D35: ='Energy Readings'!H35 -> 0 | E35: ='Energy Readings'!J35 -> 23.05 | F35: ='Energy Readings'!L35 -> 950.15 | G35: ='Energy Readings'!N35 -> 6.39 | H35: ='Energy Readings'!P35 -> 0 | I35: ='Energy Readings'!R35 -> 0 | J35: ='Energy Readings'!T35 -> 11.93 | K35: ='Energy Readings'!V35 -> 0 | L35: ='Energy Readings'!X35 -> 0 | M35: ='Energy Readings'!Z35 -> 0 | N35: ='Energy Readings'!AB35 -> 0 | O35: ='Energy Readings'!AD35 -> 0 | P35: ='Energy Readings'!AF35 -> 0 | Q35: ='Energy Readings'!AH35 -> 149.47 | R35: ='Energy Readings'!AJ35 -> 0 | S35: ='Energy Readings'!AL35 -> 861 | T35: ='Energy Readings'!AN35 -> 0 | U35: ='Energy Readings'!AP35 -> 11.77 | V35: ='Energy Readings'!AR35 -> 0 | W35: ='Energy Readings'!AT35 -> 14.73 | X35: ='Energy Readings'!AV35 -> 0 | Y35: ='Energy Readings'!AX35 -> 0 | Z35: ='Energy Readings'!AZ35 -> 973.66 | AA35: ='Energy Readings'!BB35 -> 1124.96 | AB35: ='Energy Readings'!BD35 -> 0 | AC35: ='Energy Readings'!BF35 -> 0 | AD35: ='Energy Readings'!BH35 -> 3.5 | AE35: ='Energy Readings'!BJ35 -> 1.91 | AF35: =SUM(B35:AE35) -> 4132.52
A36: COMPRESSOR-4(PCC-2 @321CP4) | B36: ='Energy Readings'!D36 -> 1386.04 | C36: ='Energy Readings'!F36 -> 1780.75 | D36: ='Energy Readings'!H36 -> 1510.76 | E36: ='Energy Readings'!J36 -> 800.71 | F36: ='Energy Readings'!L36 -> 1159.44 | G36: ='Energy Readings'!N36 -> 2094.23 | H36: ='Energy Readings'!P36 -> 2209.35 | I36: ='Energy Readings'!R36-500 -> 1793.23 | J36: ='Energy Readings'!T36 -> 2209.54 | K36: ='Energy Readings'!V36 -> 2206.19 | L36: ='Energy Readings'!X36 -> 1762.36 | M36: ='Energy Readings'!Z36 -> 89.68 | N36: ='Energy Readings'!AB36 -> 520.48 | O36: ='Energy Readings'!AD36-500 -> 2089.26 | P36: ='Energy Readings'!AF36 -> 2646.12 | Q36: ='Energy Readings'!AH36 -> 2183.09 | R36: ='Energy Readings'!AJ36 -> 2291.76 | S36: ='Energy Readings'!AL36 -> 1503.8 | T36: ='Energy Readings'!AN36 -> 2373.22 | U36: ='Energy Readings'!AP36 -> 2294.11 | V36: ='Energy Readings'!AR36 -> 2281.87 | W36: ='Energy Readings'!AT36 -> 2300.39 | X36: ='Energy Readings'!AV36 -> 1913.49 | Y36: ='Energy Readings'!AX36 -> 2165.12 | Z36: ='Energy Readings'!AZ36 -> 1476.37 | AA36: ='Energy Readings'!BB36 -> 959.17 | AB36: ='Energy Readings'!BD36 -> 102.59 | AC36: ='Energy Readings'!BF36 -> 67.52 | AD36: ='Energy Readings'!BH36 -> 443.07 | AE36: ='Energy Readings'!BJ36 -> 1316.35 | AF36: =SUM(B36:AE36) -> 47930.06
A37: KILN MAIN DRIVE(441MU1-TR14) | B37: ='Energy Readings'!D37 -> 2468.56 | C37: ='Energy Readings'!F37 -> 2338.4 | D37: ='Energy Readings'!H37 -> 1782.26 | E37: ='Energy Readings'!J37 -> 2306.08 | F37: ='Energy Readings'!L37 -> 2238.66 | G37: ='Energy Readings'!N37 -> 2274.66 | H37: ='Energy Readings'!P37 -> 1935.7 | I37: ='Energy Readings'!R37 -> 1664.3 | J37: ='Energy Readings'!T37 -> 1718.96 | K37: ='Energy Readings'!V37 -> 1848.4352 | L37: ='Energy Readings'!X37 -> 1694.1232 | M37: ='Energy Readings'!Z37 -> 1813.642 | N37: ='Energy Readings'!AB37 -> 1628.486 | O37: ='Energy Readings'!AD37 -> 1718.4822 | P37: ='Energy Readings'!AF37 -> 1944.4778 | Q37: ='Energy Readings'!AH37 -> 2217.665 | R37: ='Energy Readings'!AJ37 -> 2379.959 | S37: ='Energy Readings'!AL37 -> 2262.218 | T37: ='Energy Readings'!AN37 -> 2231.978 | U37: ='Energy Readings'!AP37 -> 1910.594 | V37: ='Energy Readings'!AR37 -> 1360.13 | W37: ='Energy Readings'!AT37 -> 1475.312 | X37: ='Energy Readings'!AV37 -> 23.892 | Y37: ='Energy Readings'!AX37 -> 836.348 | Z37: ='Energy Readings'!AZ37 -> 2251.336 | AA37: ='Energy Readings'!BB37 -> 2320.596 | AB37: ='Energy Readings'!BD37 -> 2034.292 | AC37: ='Energy Readings'!BF37 -> 1840.048 | AD37: ='Energy Readings'!BH37 -> 2236.204 | AE37: ='Energy Readings'!BJ37 -> 1143.064 | AF37: =SUM(B37:AE37) -> 55898.862
A38: LC-2 LIGHTING TRAFO | B38: ='Energy Readings'!D38 -> 230.59 | C38: ='Energy Readings'!F38 -> 323.29 | D38: ='Energy Readings'!H38 -> 275.27 | E38: ='Energy Readings'!J38 -> 279.07 | F38: ='Energy Readings'!L38 -> 274.59 | G38: ='Energy Readings'!N38 -> 271.01 | H38: ='Energy Readings'!P38 -> 261.82 | I38: ='Energy Readings'!R38 -> 277.27 | J38: ='Energy Readings'!T38 -> 257.32 | K38: ='Energy Readings'!V38 -> 268.24 | L38: ='Energy Readings'!X38 -> 70.23 | M38: ='Energy Readings'!Z38 -> 458.08 | N38: ='Energy Readings'!AB38 -> 279.8 | O38: ='Energy Readings'!AD38 -> 276.73 | P38: ='Energy Readings'!AF38 -> 268.27 | Q38: ='Energy Readings'!AH38 -> 269.16 | R38: ='Energy Readings'!AJ38 -> 274.94 | S38: ='Energy Readings'!AL38 -> 273.48 | T38: ='Energy Readings'!AN38 -> 269.28 | U38: ='Energy Readings'!AP38 -> 276.9 | V38: ='Energy Readings'!AR38 -> 279.74 | W38: ='Energy Readings'!AT38 -> 274.87 | X38: ='Energy Readings'!AV38 -> 272.66 | Y38: ='Energy Readings'!AX38 -> 279.04 | Z38: ='Energy Readings'!AZ38 -> 285.76 | AA38: ='Energy Readings'!BB38 -> 302.88 | AB38: ='Energy Readings'!BD38 -> 330.36 | AC38: ='Energy Readings'!BF38 -> 290.78 | AD38: ='Energy Readings'!BH38 -> 356 | AE38: ='Energy Readings'!BJ38 -> 216.07 | AF38: =SUM(B38:AE38) -> 8323.5
A39: A/C Supply LC-2 | B39: ='Energy Readings'!D39 -> 710.94 | C39: ='Energy Readings'!F39 -> 676.55 | D39: ='Energy Readings'!H39 -> 663.99 | E39: ='Energy Readings'!J39 -> 713.56 | F39: ='Energy Readings'!L39 -> 714.06 | G39: ='Energy Readings'!N39 -> 685.24 | H39: ='Energy Readings'!P39 -> 706.76 | I39: ='Energy Readings'!R39 -> 720.48 | J39: ='Energy Readings'!T39 -> 691.94 | K39: ='Energy Readings'!V39 -> 703.51 | L39: ='Energy Readings'!X39 -> 694.48 | M39: ='Energy Readings'!Z39 -> 656.81 | N39: ='Energy Readings'!AB39 -> 635.5 | O39: ='Energy Readings'!AD39 -> 660.16 | P39: ='Energy Readings'!AF39 -> 686.44 | Q39: ='Energy Readings'!AH39 -> 694.93 | R39: ='Energy Readings'!AJ39 -> 715.19 | S39: ='Energy Readings'!AL39 -> 1302.79 | T39: ='Energy Readings'!AN39 -> 640.13 | U39: ='Energy Readings'!AP39 -> 135.66 | V39: ='Energy Readings'!AR39 -> 662.56 | W39: ='Energy Readings'!AT39 -> 594.26 | X39: ='Energy Readings'!AV39 -> 475.89 | Y39: ='Energy Readings'!AX39 -> 621.69 | Z39: ='Energy Readings'!AZ39 -> 713.4 | AA39: ='Energy Readings'!BB39 -> 719.34 | AB39: ='Energy Readings'!BD39 -> 611.31 | AC39: ='Energy Readings'!BF39 -> 616.71 | AD39: ='Energy Readings'!BH39 -> 778.89 | AE39: ='Energy Readings'!BJ39 -> 371.69 | AF39: =SUM(B39:AE39) -> 19974.86
A40: 471FN2 -Chlorine bypass fan | B40: ='Energy Readings'!D40 -> 0 | C40: ='Energy Readings'!F40 -> 0 | D40: ='Energy Readings'!H40 -> 0 | E40: ='Energy Readings'!J40 -> 0 | F40: ='Energy Readings'!L40 -> 0 | G40: ='Energy Readings'!N40 -> 0 | H40: ='Energy Readings'!P40 -> 0 | I40: ='Energy Readings'!R40 -> 0 | J40: ='Energy Readings'!T40 -> 0 | K40: ='Energy Readings'!V40 -> 0 | L40: ='Energy Readings'!X40 -> 0 | M40: ='Energy Readings'!Z40 -> 0 | N40: ='Energy Readings'!AB40 -> 0 | O40: ='Energy Readings'!AD40 -> 0 | P40: ='Energy Readings'!AF40 -> 0 | Q40: ='Energy Readings'!AH40 -> 0 | R40: ='Energy Readings'!AJ40 -> 0 | S40: ='Energy Readings'!AL40 -> 0 | T40: ='Energy Readings'!AN40 -> 0 | U40: ='Energy Readings'!AP40 -> 0 | V40: ='Energy Readings'!AR40 -> 0 | W40: ='Energy Readings'!AT40 -> 0 | X40: ='Energy Readings'!AV40 -> 0 | Y40: ='Energy Readings'!AX40 -> 0 | Z40: ='Energy Readings'!AZ40 -> 0 | AA40: ='Energy Readings'!BB40 -> 0 | AB40: ='Energy Readings'!BD40 -> 0 | AC40: ='Energy Readings'!BF40 -> 0 | AD40: ='Energy Readings'!BH40 -> 0 | AE40: ='Energy Readings'!BJ40 -> 0 | AF40: =SUM(B40:AE40) -> 0
A41: CEMENT MILL-1 | N41: ='Energy Readings'!AB41 -> 0 | W41: ='Energy Readings'!AT41 -> 0 | X41: ='Energy Readings'!AV41 -> 0 | AA41: ='Energy Readings'!BB41 -> 0 | AB41: ='Energy Readings'!BD41 -> 0 | AC41: ='Energy Readings'!BF41 -> 0 | AD41: ='Energy Readings'!BH41 -> 0 | AE41: ='Energy Readings'!BJ41 -> 0
A42: 631BM1 | B42: ='Energy Readings'!D42 -> 21623 | C42: ='Energy Readings'!F42-200 -> 35193 | D42: ='Energy Readings'!H42 -> 47951 | E42: ='Energy Readings'!J42+500 -> 45552 | F42: ='Energy Readings'!L42 -> 46944 | G42: ='Energy Readings'!N42+100 -> 51102 | H42: ='Energy Readings'!P42 -> 43491 | I42: ='Energy Readings'!R42 -> 50258 | J42: ='Energy Readings'!T42+2100 -> 50960 | K42: ='Energy Readings'!V42 -> 47058 | L42: ='Energy Readings'!X42-450 -> 50565 | M42: ='Energy Readings'!Z42+800 -> 43359 | N42: ='Energy Readings'!AB42-400 -> 50757 | O42: ='Energy Readings'!AD42 -> 44964 | P42: ='Energy Readings'!AF42+1000 -> 39426 | Q42: ='Energy Readings'!AH42 -> 51575 | R42: ='Energy Readings'!AJ42 -> 49125 | S42: ='Energy Readings'!AL42 -> 50330 | T42: ='Energy Readings'!AN42 -> 50970 | U42: ='Energy Readings'!AP42 -> 50740 | V42: ='Energy Readings'!AR42 -> 49608 | W42: ='Energy Readings'!AT42 -> 51786 | X42: ='Energy Readings'!AV42 -> 49312 | Y42: ='Energy Readings'!AX42-100 -> 51358 | Z42: ='Energy Readings'!AZ42 -> 50688 | AA42: ='Energy Readings'!BB42-500 -> 49044 | AB42: ='Energy Readings'!BD42 -> 40886 | AC42: ='Energy Readings'!BF42+400 -> 39518 | AD42: ='Energy Readings'!BH42 -> 43734 | AE42: ='Energy Readings'!BJ42+500 -> 44850 | AF42: =SUM(B42:AE42) -> 1392727
A43: 631CF1 (631FN6) | B43: ='Energy Readings'!D43 -> 3896.36 | C43: ='Energy Readings'!F43 -> 5048.44 | D43: ='Energy Readings'!H43 -> 5882.88 | E43: ='Energy Readings'!J43+200 -> 5790.88 | F43: ='Energy Readings'!L43 -> 6149.32 | G43: ='Energy Readings'!N43 -> 6549.48 | H43: ='Energy Readings'!P43 -> 5796.08 | I43: ='Energy Readings'!R43 -> 6543.08 | J43: ='Energy Readings'!T43 -> 6326.68 | K43: ='Energy Readings'!V43 -> 6305.68 | L43: ='Energy Readings'!X43-300 -> 6372.2 | M43: ='Energy Readings'!Z43+300 -> 5765.04 | N43: ='Energy Readings'!AB43-64 -> 6636.08 | O43: ='Energy Readings'!AD43 -> 6459.04 | P43: ='Energy Readings'!AF43 -> 5336.56 | Q43: ='Energy Readings'!AH43 -> 6841.51 | R43: ='Energy Readings'!AJ43 -> 6721.21 | S43: ='Energy Readings'!AL43 -> 7052.4 | T43: ='Energy Readings'!AN43 -> 7133.28 | U43: ='Energy Readings'!AP43 -> 7147.52 | V43: ='Energy Readings'!AR43 -> 7008.24 | W43: ='Energy Readings'!AT43 -> 7384.88 | X43: ='Energy Readings'!AV43 -> 7080.56 | Y43: ='Energy Readings'!AX43 -> 7213.75 | Z43: ='Energy Readings'!AZ43 -> 7202.01 | AA43: ='Energy Readings'!BB43 -> 6734.48 | AB43: ='Energy Readings'!BD43 -> 5254.64 | AC43: ='Energy Readings'!BF43 -> 5295.84 | AD43: ='Energy Readings'!BH43-590 -> 5185.52 | AE43: ='Energy Readings'!BJ43+145 -> 6091.32 | AF43: =SUM(B43:AE43) -> 188204.96
A44: IMCC5 + ROLLER CRUSHER | B44: ='Energy Readings'!D44+B77 -> 3599.24 | C44: ='Energy Readings'!F44+C77 -> 3943.1 | D44: ='Energy Readings'!H44+D77 -> 4209.44 | E44: ='Energy Readings'!J44+E77 -> 4245.91 | F44: ='Energy Readings'!L44+F77 -> 4365.33 | G44: ='Energy Readings'!N44+G77 -> 4447.05 | H44: ='Energy Readings'!P44+H77 -> 4262.47 | I44: ='Energy Readings'!R44+I77 -> 4594.41 | J44: ='Energy Readings'!T44+J77 -> 4280.48 | K44: ='Energy Readings'!V44+K77 -> 4367.31 | L44: ='Energy Readings'!X44+L77 -> 4582.88 | M44: ='Energy Readings'!Z44+M77 -> 4040.95 | N44: ='Energy Readings'!AB44+N77 -> 4311.15 | O44: ='Energy Readings'!AD44+O77 -> 3735.29 | P44: ='Energy Readings'!AF44+P77 -> 3245.29 | Q44: ='Energy Readings'!AH44+Q77 -> 4151.74 | R44: ='Energy Readings'!AJ44+R77 -> 4023.16 | S44: ='Energy Readings'!AL44 -> 4222.93 | T44: ='Energy Readings'!AN44+T77 -> 4353.02 | U44: ='Energy Readings'!AP44+U77 -> 4561.04 | V44: ='Energy Readings'!AR44+V77 -> 4454.77 | W44: ='Energy Readings'!AT44+W77 -> 4723.28 | X44: ='Energy Readings'!AV44+X77 -> 4383.04 | Y44: ='Energy Readings'!AX44+Y77 -> 4481.11 | Z44: ='Energy Readings'!AZ44+Z77 -> 4556.84 | AA44: ='Energy Readings'!BB44+AA77 -> 4466.22 | AB44: ='Energy Readings'!BD44+AB77 -> 4160.6 | AC44: ='Energy Readings'!BF44+AC77 -> 3748.03 | AD44: ='Energy Readings'!BH44+AD77 -> 3811.36 | AE44: ='Energy Readings'!BJ44+AE77 -> 3462.63 | AF44: =SUM(B44:AE44) -> 125790.07
A45: CLASSFIER (631HC1) | B45: ='Energy Readings'!D45 -> 174.31 | C45: ='Energy Readings'!F45 -> 334.67 | D45: ='Energy Readings'!H45 -> 442.03 | E45: ='Energy Readings'!J45 -> 439.57 | F45: ='Energy Readings'!L45 -> 565.58 | G45: ='Energy Readings'!N45 -> 566.14 | H45: ='Energy Readings'!P45 -> 438.86 | I45: ='Energy Readings'!R45 -> 582.6 | J45: ='Energy Readings'!T45 -> 617.7 | K45: ='Energy Readings'!V45 -> 619.39 | L45: ='Energy Readings'!X45 -> 706.05 | M45: ='Energy Readings'!Z45 -> 530.99 | N45: ='Energy Readings'!AB45 -> 621.85 | O45: ='Energy Readings'!AD45 -> 474.98 | P45: ='Energy Readings'!AF45 -> 421.96 | Q45: ='Energy Readings'!AH45 -> 569.51 | R45: ='Energy Readings'!AJ45 -> 586.16 | S45: ='Energy Readings'!AL45 -> 595.48 | T45: ='Energy Readings'!AN45 -> 601.55 | U45: ='Energy Readings'!AP45 -> 575.62 | V45: ='Energy Readings'!AR45 -> 482.2 | W45: ='Energy Readings'!AT45 -> 565.08 | X45: ='Energy Readings'!AV45 -> 446.51 | Y45: ='Energy Readings'!AX45 -> 456.84 | Z45: ='Energy Readings'!AZ45 -> 514.72 | AA45: ='Energy Readings'!BB45 -> 502.11 | AB45: ='Energy Readings'!BD45 -> 543.13 | AC45: ='Energy Readings'!BF45 -> 472.97 | AD45: ='Energy Readings'!BH45 -> 504.71 | AE45: ='Energy Readings'!BJ45 -> 432 | AF45: =SUM(B45:AE45) -> 15385.27
A46: COMPRESSOR-6-(CP1) | B46: ='Energy Readings'!D46 -> 0 | C46: ='Energy Readings'!F46 -> 0 | D46: ='Energy Readings'!H46 -> 0 | E46: ='Energy Readings'!J46 -> 0 | F46: ='Energy Readings'!L46 -> 0 | G46: ='Energy Readings'!N46 -> 0 | H46: ='Energy Readings'!P46 -> 0 | I46: ='Energy Readings'!R46 -> 0 | J46: 0 | K46: ='Energy Readings'!V46 -> 0 | L46: ='Energy Readings'!X46 -> 0 | M46: ='Energy Readings'!Z46 -> 0 | N46: ='Energy Readings'!AB46 -> 0 | O46: ='Energy Readings'!AD46 -> 0 | P46: ='Energy Readings'!AF46 -> 0 | Q46: ='Energy Readings'!AH46 -> 0 | R46: ='Energy Readings'!AJ46 -> 0 | S46: ='Energy Readings'!AL46 -> 447 | T46: ='Energy Readings'!AN46 -> 630 | U46: ='Energy Readings'!AP46 -> 628 | V46: ='Energy Readings'!AR46 -> 825 | W46: ='Energy Readings'!AT46 -> 486 | X46: ='Energy Readings'!AV46 -> 593 | Y46: ='Energy Readings'!AX46 -> 627 | Z46: ='Energy Readings'!AZ46 -> 617 | AA46: ='Energy Readings'!BB46 -> 613 | AB46: ='Energy Readings'!BD46 -> 624 | AC46: ='Energy Readings'!BF46 -> 648 | AD46: ='Energy Readings'!BH46 -> 592 | AE46: ='Energy Readings'!BJ46 -> 586 | AF46: =SUM(B46:AE46) -> 7916
A47: COMPRESSOR-7-(CP2) | B47: ='Energy Readings'!D47 -> 87.98 | C47: 0 | D47: 88 | E47: 88 | F47: 88 | G47: 96 | H47: 72 | I47: ='Energy Readings'!R47 -> 78.6 | J47: ='Energy Readings'!T47 -> 54.03 | K47: ='Energy Readings'!V47 -> 69.08 | L47: ='Energy Readings'!X47 -> 72.47 | M47: ='Energy Readings'!Z47 -> 58.3 | N47: ='Energy Readings'!AB47 -> 70.77 | O47: ='Energy Readings'!AD47 -> 62.38 | P47: ='Energy Readings'!AF47 -> 59.81 | Q47: ='Energy Readings'!AH47 -> 68.42 | R47: ='Energy Readings'!AJ47 -> 0 | S47: ='Energy Readings'!AL47 -> 133.9 | T47: ='Energy Readings'!AN47 -> 68.36 | U47: ='Energy Readings'!AP47 -> 68.56 | V47: ='Energy Readings'!AR47 -> 63.46 | W47: ='Energy Readings'!AT47 -> 78.78 | X47: ='Energy Readings'!AV47 -> 67.59 | Y47: ='Energy Readings'!AX47 -> 68.65 | Z47: ='Energy Readings'!AZ47 -> 68.19 | AA47: 0 | AB47: ='Energy Readings'!BD47 -> 67.85 | AC47: ='Energy Readings'!BF47 -> 67.32 | AD47: ='Energy Readings'!BH47 -> 63.77 | AE47: ='Energy Readings'!BJ47 -> 67.93 | AF47: =SUM(B47:AE47) -> 1998.2
A48: COMPRESSOR-8-(CP3) | B48: ='Energy Readings'!D48 -> 2392.89 | C48: 2015 | D48: ='Energy Readings'!H48 -> 2460.53 | E48: ='Energy Readings'!J48 -> 2510.09 | F48: ='Energy Readings'!L48 -> 2515.66 | G48: ='Energy Readings'!N48 -> 2571.68 | H48: ='Energy Readings'!P48 -> 2516.62 | I48: ='Energy Readings'!R48 -> 2640.56 | J48: ='Energy Readings'!T48 -> 2482.26 | K48: ='Energy Readings'!V48 -> 2376.76 | L48: ='Energy Readings'!X48 -> 2409.22 | M48: ='Energy Readings'!Z48 -> 2471.84 | N48: ='Energy Readings'!AB48 -> 2444.97 | O48: ='Energy Readings'!AD48 -> 1750.98 | P48: ='Energy Readings'!AF48 -> 1595 | Q48: ='Energy Readings'!AH48 -> 1705.09 | R48: ='Energy Readings'!AJ48 -> 1649.05 | S48: ='Energy Readings'!AL48 -> 779.07 | T48: ='Energy Readings'!AN48 -> 3.45 | U48: ='Energy Readings'!AP48 -> 0 | V48: ='Energy Readings'!AR48 -> 0 | W48: ='Energy Readings'!AT48 -> 2.87 | X48: ='Energy Readings'!AV48 -> 0.01 | Y48: ='Energy Readings'!AX48 -> 0.0099999998 | Z48: ='Energy Readings'!AZ48 -> 0.01 | AA48: ='Energy Readings'!BB48 -> 0.0099999998 | AB48: ='Energy Readings'!BD48 -> 0 | AC48: ='Energy Readings'!BF48 -> 1052.68 | AD48: ='Energy Readings'!BH48 -> 746.81 | AE48: ='Energy Readings'!BJ48 -> 544.57 | AF48: =SUM(B48:AE48) -> 41637.69
A49: LC-4 LIGHTING | B49: ='Energy Readings'!D49 -> 248.7 | C49: ='Energy Readings'!F49 -> 268.49 | D49: ='Energy Readings'!H49 -> 267.4 | E49: ='Energy Readings'!J49 -> 264.72 | F49: ='Energy Readings'!L49 -> 262.51 | G49: ='Energy Readings'!N49 -> 271.36 | H49: ='Energy Readings'!P49 -> 283.91 | I49: ='Energy Readings'!R49 -> 282.51 | J49: ='Energy Readings'!T49 -> 256.1 | K49: ='Energy Readings'!V49 -> 270.33 | L49: ='Energy Readings'!X49 -> 271.64 | M49: ='Energy Readings'!Z49 -> 263.99 | N49: ='Energy Readings'!AB49 -> 267.77 | O49: ='Energy Readings'!AD49 -> 261.7 | P49: ='Energy Readings'!AF49 -> 257.3 | Q49: ='Energy Readings'!AH49 -> 248.65 | R49: ='Energy Readings'!AJ49 -> 254.21 | S49: ='Energy Readings'!AL49 -> 245.25 | T49: ='Energy Readings'!AN49 -> 256.07 | U49: ='Energy Readings'!AP49 -> 240.88 | V49: ='Energy Readings'!AR49 -> 235.6 | W49: ='Energy Readings'!AT49 -> 252.81 | X49: ='Energy Readings'!AV49 -> 252.75 | Y49: ='Energy Readings'!AX49 -> 250.71 | Z49: ='Energy Readings'!AZ49 -> 249.16 | AA49: ='Energy Readings'!BB49 -> 248 | AB49: ='Energy Readings'!BD49 -> 254.88 | AC49: ='Energy Readings'!BF49 -> 244.22 | AD49: ='Energy Readings'!BH49 -> 238.29 | AE49: ='Energy Readings'!BJ49 -> 236.88 | AF49: =SUM(B49:AE49) -> 7706.79
A50: HOTDUST BLOWER & FK PUMP(461BL11) | B50: ='Energy Readings'!D50 -> 916.74 | C50: ='Energy Readings'!F50 -> 1636.68 | D50: ='Energy Readings'!H50 -> 1030.68 | E50: ='Energy Readings'!J50 -> 211 | F50: ='Energy Readings'!L50 -> 1357.46 | G50: ='Energy Readings'!N50 -> 1451.94 | H50: ='Energy Readings'!P50 -> 753.87 | I50: ='Energy Readings'!R50 -> 0.2 | J50: ='Energy Readings'!T50 -> 0.18 | K50: ='Energy Readings'!V50 -> 0 | L50: ='Energy Readings'!X50 -> 0.19 | M50: ='Energy Readings'!Z50 -> 0 | N50: ='Energy Readings'!AB50 -> 0 | O50: ='Energy Readings'!AD50 -> 0.84 | P50: ='Energy Readings'!AF50 -> 0.19 | Q50: ='Energy Readings'!AH50 -> 0.2 | R50: ='Energy Readings'!AJ50 -> 479.76 | S50: ='Energy Readings'!AL50 -> 1583.83 | T50: ='Energy Readings'!AN50-1729 -> -0.26 | U50: ='Energy Readings'!AP50 -> 787.53 | V50: ='Energy Readings'!AR50 -> 516.18 | W50: ='Energy Readings'!AT50 -> 1097.87 | X50: ='Energy Readings'!AV50 -> 1343.14 | Y50: ='Energy Readings'!AX50 -> 1023.16 | Z50: ='Energy Readings'!AZ50 -> 1123.6 | AA50: ='Energy Readings'!BB50 -> 956.28 | AB50: ='Energy Readings'!BD50 -> 1083.83 | AC50: ='Energy Readings'!BF50 -> 1264.38 | AD50: ='Energy Readings'!BH50 -> 919.06 | AE50: ='Energy Readings'!BJ50 -> 867.06 | AF50: =SUM(B50:AE50) -> 20405.59
A51: COLONY (TENESCO from LC-4)250KVA | B51: ='Energy Readings'!D51 -> 0 | C51: ='Energy Readings'!F51 -> 0 | D51: ='Energy Readings'!H51 -> 0 | E51: ='Energy Readings'!J51 -> 0 | F51: ='Energy Readings'!L51 -> 0 | G51: ='Energy Readings'!N51 -> 0 | H51: ='Energy Readings'!P51 -> 0 | I51: ='Energy Readings'!R51 -> 0 | J51: ='Energy Readings'!T51 -> 0 | K51: ='Energy Readings'!V51 -> 0 | L51: ='Energy Readings'!X51 -> 0 | M51: ='Energy Readings'!Z51 -> 0 | N51: ='Energy Readings'!AB51 -> 0 | O51: ='Energy Readings'!AD51 -> 0 | P51: ='Energy Readings'!AF51 -> 0 | Q51: ='Energy Readings'!AH51 -> 0 | R51: ='Energy Readings'!AJ51 -> 0 | S51: ='Energy Readings'!AL51 -> 0 | T51: ='Energy Readings'!AN51 -> 0 | U51: ='Energy Readings'!AP51 -> 0 | V51: ='Energy Readings'!AR51 -> 0 | W51: ='Energy Readings'!AT51 -> 0 | X51: ='Energy Readings'!AV51 -> 0 | Y51: ='Energy Readings'!AX51 -> 0 | Z51: ='Energy Readings'!AZ51 -> 0 | AA51: ='Energy Readings'!BB51 -> 0 | AB51: ='Energy Readings'!BD51 -> 0 | AC51: ='Energy Readings'!BF51 -> 0 | AD51: ='Energy Readings'!BH51 -> 0 | AE51: ='Energy Readings'!BJ51 -> 0 | AF51: =SUM(B51:AE51) -> 0
A52: Welding DB + A/C | B52: ='Energy Readings'!D52 -> 52 | C52: ='Energy Readings'!F52 -> 44 | D52: ='Energy Readings'!H52 -> 34 | E52: ='Energy Readings'!J52 -> 52 | F52: ='Energy Readings'!L52 -> 52 | G52: 55 | H52: ='Energy Readings'!P52 -> 52 | I52: ='Energy Readings'!R52 -> 52 | J52: ='Energy Readings'!T52 -> 52 | K52: ='Energy Readings'!V52 -> 52 | L52: ='Energy Readings'!X52 -> 52 | M52: ='Energy Readings'!Z52 -> 52 | N52: ='Energy Readings'!AB52 -> 52 | O52: ='Energy Readings'!AD52 -> 52 | P52: ='Energy Readings'!AF52 -> 52 | Q52: ='Energy Readings'!AH52 -> 52 | R52: ='Energy Readings'!AJ52 -> 52 | S52: ='Energy Readings'!AL52 -> 52 | T52: ='Energy Readings'!AN52 -> 52 | U52: ='Energy Readings'!AP52 -> 52 | V52: ='Energy Readings'!AR52 -> 52 | W52: ='Energy Readings'!AT52 -> 52 | X52: ='Energy Readings'!AV52 -> 52 | Y52: ='Energy Readings'!AX52 -> 52 | Z52: ='Energy Readings'!AZ52 -> 52 | AA52: ='Energy Readings'!BB52 -> 52 | AB52: ='Energy Readings'!BD52 -> 52 | AC52: ='Energy Readings'!BF52 -> 52 | AD52: ='Energy Readings'!BH52 -> 52 | AE52: ='Energy Readings'!BJ52 -> 52 | AF52: =SUM(B52:AE52) -> 1537
A53: CEMENT MILL-2 | K53: ='Energy Readings'!V53 -> 0 | N53: ='Energy Readings'!AB53 -> 0 | AB53: ='Energy Readings'!BD53 -> 0 | AC53: ='Energy Readings'!BF53 -> 0 | AD53: ='Energy Readings'!BH53 -> 0 | AE53: ='Energy Readings'!BJ53 -> 0
A54: 632BM2 | B54: ='Energy Readings'!D54 -> 40320 | C54: ='Energy Readings'!F54-200 -> 33370 | D54: ='Energy Readings'!H54 -> 41820 | E54: ='Energy Readings'!J54+500 -> 35440 | F54: ='Energy Readings'!L54-990 -> 25900 | G54: ='Energy Readings'!N54+380 -> 21110 | H54: ='Energy Readings'!P54 -> 0 | I54: ='Energy Readings'!R54 -> 0 | J54: ='Energy Readings'!T54+2743.48 -> 2743.48 | K54: ='Energy Readings'!V54 -> 34170 | L54: ='Energy Readings'!X54-300 -> 40020 | M54: ='Energy Readings'!Z54+500 -> 39580 | N54: ='Energy Readings'!AB54 -> 38450 | O54: ='Energy Readings'!AD54 -> 36790 | P54: ='Energy Readings'!AF54+1000 -> 37910 | Q54: ='Energy Readings'!AH54 -> 40670 | R54: ='Energy Readings'!AJ54 -> 37860 | S54: ='Energy Readings'!AL54 -> 37320 | T54: ='Energy Readings'!AN54+400 -> 42280 | U54: ='Energy Readings'!AP54 -> 41720 | V54: ='Energy Readings'!AR54 -> 40570 | W54: ='Energy Readings'!AT54 -> 43040 | X54: ='Energy Readings'!AV54 -> 42090 | Y54: ='Energy Readings'!AX54 -> 42680 | Z54: ='Energy Readings'!AZ54 -> 40730 | AA54: ='Energy Readings'!BB54 -> 41180 | AB54: ='Energy Readings'!BD54 -> 37500 | AC54: ='Energy Readings'!BF54+500 -> 40910 | AD54: ='Energy Readings'!BH54 -> 36740 | AE54: ='Energy Readings'!BJ54 -> 34890 | AF54: =SUM(B54:AE54) -> 1027803.5
A55: CEMENT BAG HOUSE FAN(632FN11) | B55: ='Energy Readings'!D55 -> 3949 | C55: ='Energy Readings'!F55 -> 3677 | D55: ='Energy Readings'!H55 -> 3921 | E55: ='Energy Readings'!J55 -> 3515 | F55: ='Energy Readings'!L55 -> 2728 | G55: ='Energy Readings'!N55 -> 2354 | H55: ='Energy Readings'!P55 -> 0 | I55: ='Energy Readings'!R55 -> 0 | J55: ='Energy Readings'!T55+329.5 -> 329.5 | K55: ='Energy Readings'!V55 -> 3413 | L55: ='Energy Readings'!X55 -> 3696 | M55: ='Energy Readings'!Z55 -> 3469 | N55: ='Energy Readings'!AB55 -> 3606 | O55: ='Energy Readings'!AD55 -> 3223 | P55: ='Energy Readings'!AF55 -> 3190 | Q55: ='Energy Readings'!AH55 -> 3747 | R55: ='Energy Readings'!AJ55 -> 3471 | S55: ='Energy Readings'!AL55 -> 3371 | T55: ='Energy Readings'!AN55 -> 3816 | U55: ='Energy Readings'!AP55 -> 3798 | V55: ='Energy Readings'!AR55 -> 3722 | W55: ='Energy Readings'!AT55 -> 3900 | X55: ='Energy Readings'!AV55 -> 3834 | Y55: ='Energy Readings'!AX55 -> 3836 | Z55: ='Energy Readings'!AZ55 -> 3809 | AA55: ='Energy Readings'!BB55 -> 3855 | AB55: ='Energy Readings'!BD55 -> 3408 | AC55: ='Energy Readings'!BF55 -> 3840 | AD55: ='Energy Readings'!BH55 -> 3427 | AE55: ='Energy Readings'!BJ55 -> 3284 | AF55: =SUM(B55:AE55) -> 96188.5
A56: NEW IMCC | B56: ='Energy Readings'!D56-B55-B57-B59 -> 3432 | C56: ='Energy Readings'!F56-C55-C57-C59 -> 3331 | D56: ='Energy Readings'!H56-D55-D57-D59 -> 3511 | E56: ='Energy Readings'!J56-E55-E57-E59+300 -> 3668 | F56: ='Energy Readings'!L56-F55-F57-F59 -> 2986 | G56: ='Energy Readings'!N56-G55-G57-G59 -> 2563 | H56: ='Energy Readings'!P56-H55-H57-H59+150 -> 1112 | I56: ='Energy Readings'!R56-I55-I57-I59 -> 751 | J56: ='Energy Readings'!T56-J55-J57-J59+898.9 -> 1214.55 | K56: ='Energy Readings'!V56-K55-K57-K59 -> 3348 | L56: ='Energy Readings'!X56-L55-L57-L59 -> 3483 | M56: ='Energy Readings'!Z56-M55-M57-M59 -> 3413 | N56: ='Energy Readings'!AB56-N55-N57-N59 -> 3342 | O56: ='Energy Readings'!AD56-O55-O57-O59 -> 3188 | P56: ='Energy Readings'!AF56-P55-P57-P59 -> 2917 | Q56: ='Energy Readings'!AH56-Q55-Q57-Q59 -> 3444 | R56: ='Energy Readings'!AJ56-R55-R57-R59 -> 3330 | S56: ='Energy Readings'!AL56-S55-S57-S59 -> 3509 | T56: ='Energy Readings'!AN56-T55-T57-T59 -> 3673 | U56: ='Energy Readings'!AP56-U55-U57-U59 -> 3790 | V56: ='Energy Readings'!AR56-V55-V57-V59 -> 3717 | W56: ='Energy Readings'!AT56-W55-W57-W59 -> 3775 | X56: ='Energy Readings'!AV56-X55-X57-X59 -> 3516 | Y56: ='Energy Readings'!AX56-Y55-Y57-Y59 -> 3539 | Z56: ='Energy Readings'!AZ56-Z55-Z57-Z59 -> 3573 | AA56: ='Energy Readings'!BB56-AA55-AA57-AA59 -> 3470 | AB56: ='Energy Readings'!BD56-AB55-AB57-AB59 -> 3373 | AC56: ='Energy Readings'!BF56-AC55-AC57-AC59 -> 3458 | AD56: ='Energy Readings'!BH56-AD55-AD57-AD59 -> 3043 | AE56: ='Energy Readings'!BJ56-AE55-AE57-AE59 -> 3122 | AF56: =SUM(B56:AE56) -> 94591.55
A57: CLASSFIER (632RS1) | B57: ='Energy Readings'!D57 -> 596 | C57: ='Energy Readings'!F57 -> 505 | D57: ='Energy Readings'!H57 -> 542 | E57: ='Energy Readings'!J57 -> 481 | F57: ='Energy Readings'!L57 -> 400 | G57: ='Energy Readings'!N57 -> 225 | H57: ='Energy Readings'!P57 -> 0 | I57: ='Energy Readings'!R57 -> 0 | J57: ='Energy Readings'!T57+56.85 -> 56.85 | K57: ='Energy Readings'!V57 -> 555 | L57: ='Energy Readings'!X57 -> 527 | M57: ='Energy Readings'!Z57 -> 496 | N57: ='Energy Readings'!AB57 -> 445 | O57: ='Energy Readings'!AD57 -> 431 | P57: ='Energy Readings'!AF57 -> 406 | Q57: ='Energy Readings'!AH57 -> 500 | R57: ='Energy Readings'!AJ57 -> 474 | S57: ='Energy Readings'!AL57 -> 484 | T57: ='Energy Readings'!AN57 -> 528 | U57: ='Energy Readings'!AP57 -> 614 | V57: ='Energy Readings'!AR57 -> 642 | W57: ='Energy Readings'!AT57 -> 623 | X57: ='Energy Readings'!AV57 -> 443 | Y57: ='Energy Readings'!AX57 -> 446 | Z57: ='Energy Readings'!AZ57 -> 491 | AA57: ='Energy Readings'!BB57 -> 419 | AB57: ='Energy Readings'!BD57 -> 501 | AC57: ='Energy Readings'!BF57 -> 564 | AD57: ='Energy Readings'!BH57 -> 388 | AE57: ='Energy Readings'!BJ57 -> 350 | AF57: =SUM(B57:AE57) -> 13132.85
A58: COMPRESSOR(CP) | B58: ='Energy Readings'!D58-B49-B65 -> 3829.31 | C58: ='Energy Readings'!F58-C49-C65 -> 3464.59 | D58: ='Energy Readings'!H58-D49-D65 -> 3590.58 | E58: ='Energy Readings'!J58-E49-E65 -> 3902.44 | F58: ='Energy Readings'!L58-F49-F65 -> 3901.58 | G58: ='Energy Readings'!N58-G49-G65 -> 3760.51 | H58: ='Energy Readings'!P58-H49-H65 -> 3745.4 | I58: ='Energy Readings'!R58-I49-I65 -> 3877 | J58: ='Energy Readings'!T58-J49-J65 -> 3722.94 | K58: ='Energy Readings'!V58-K49-K65 -> 3889.53 | L58: ='Energy Readings'!X58-L49-L65 -> 3965.48 | M58: ='Energy Readings'!Z58-M49-M65 -> 4201.8 | N58: ='Energy Readings'!AB58-N49-N65 -> 4215.12 | O58: ='Energy Readings'!AD58-O49-O65-200 -> 3981.55 | P58: ='Energy Readings'!AF58-P49-P65 -> 4127.06 | Q58: ='Energy Readings'!AH58-Q49-Q65 -> 4102.16 | R58: ='Energy Readings'!AJ58-R49-R65 -> 4027.02 | S58: ='Energy Readings'!AL58-S49-S65 -> 4131.32 | T58: ='Energy Readings'!AN58-T49-T65 -> 4311.92 | U58: ='Energy Readings'!AP58-U49-U65 -> 4255.92 | V58: ='Energy Readings'!AR58-V49-V65 -> 4101.4 | W58: ='Energy Readings'!AT58-W49-W65 -> 4251.48 | X58: ='Energy Readings'!AV58-X49-X65 -> 3869.18 | Y58: ='Energy Readings'!AX58-Y49-Y65 -> 4046.03 | Z58: ='Energy Readings'!AZ58-Z49-Z65 -> 4054.89 | AA58: ='Energy Readings'!BB58-AA49-AA65 -> 4038.4 | AB58: ='Energy Readings'!BD58-AB49-AB65 -> 4083.75 | AC58: ='Energy Readings'!BF58-AC49-AC65 -> 4063.68 | AD58: ='Energy Readings'!BH58-AD49-AD65 -> 4098.42 | AE58: ='Energy Readings'!BJ58-AE49-AE65 -> 4055.26 | AF58: =SUM(B58:AE58) -> 119665.72
A59: LC-4 LIGHTING | B59: ='Energy Readings'!D59 -> 73 | C59: ='Energy Readings'!F59 -> 67 | D59: ='Energy Readings'!H59 -> 86 | E59: ='Energy Readings'!J59 -> 86 | F59: ='Energy Readings'!L59 -> 86 | G59: ='Energy Readings'!N59 -> 88 | H59: ='Energy Readings'!P59 -> 88 | I59: ='Energy Readings'!R59 -> 89 | J59: ='Energy Readings'!T59 -> 88 | K59: ='Energy Readings'!V59 -> 84 | L59: ='Energy Readings'!X59 -> 84 | M59: ='Energy Readings'!Z59 -> 82 | N59: ='Energy Readings'!AB59 -> 87 | O59: ='Energy Readings'!AD59 -> 78 | P59: ='Energy Readings'!AF59 -> 77 | Q59: ='Energy Readings'!AH59 -> 89 | R59: ='Energy Readings'!AJ59 -> 85 | S59: ='Energy Readings'!AL59 -> 86 | T59: ='Energy Readings'!AN59 -> 93 | U59: ='Energy Readings'!AP59 -> 98 | V59: ='Energy Readings'!AR59 -> 99 | W59: ='Energy Readings'!AT59 -> 92 | X59: ='Energy Readings'!AV59 -> 87 | Y59: ='Energy Readings'!AX59 -> 89 | Z59: ='Energy Readings'!AZ59 -> 97 | AA59: ='Energy Readings'!BB59 -> 96 | AB59: ='Energy Readings'!BD59 -> 98 | AC59: ='Energy Readings'!BF59 -> 88 | AD59: ='Energy Readings'!BH59 -> 82 | AE59: ='Energy Readings'!BJ59 -> 94 | AF59: =SUM(B59:AE59) -> 2616
A60: HOTDUST BLOWER & FK PUMP(461BL11) | B60: ='Energy Readings'!D60 -> 0 | C60: ='Energy Readings'!F60 -> 0 | D60: ='Energy Readings'!H60 -> 0 | E60: ='Energy Readings'!J60 -> 0 | F60: ='Energy Readings'!L60 -> 0 | G60: ='Energy Readings'!N60 -> 0 | H60: ='Energy Readings'!P60 -> 0 | I60: ='Energy Readings'!R60 -> 0 | J60: ='Energy Readings'!T60 -> 0 | K60: ='Energy Readings'!V60 -> 0 | L60: ='Energy Readings'!X60 -> 0 | M60: ='Energy Readings'!Z60 -> 0 | N60: ='Energy Readings'!AB60 -> 0 | O60: ='Energy Readings'!AD60 -> 0 | P60: ='Energy Readings'!AF60 -> 0 | Q60: ='Energy Readings'!AH60 -> 0 | R60: ='Energy Readings'!AJ60 -> 0 | S60: ='Energy Readings'!AL60 -> 0 | T60: ='Energy Readings'!AN60 -> 0 | U60: ='Energy Readings'!AP60 -> 0 | V60: ='Energy Readings'!AR60 -> 0 | W60: ='Energy Readings'!AT60 -> 0 | X60: ='Energy Readings'!AV60 -> 0 | Y60: ='Energy Readings'!AX60 -> 0 | Z60: ='Energy Readings'!AZ60 -> 0 | AA60: ='Energy Readings'!BB60 -> 0 | AB60: ='Energy Readings'!BD60 -> 0 | AC60: ='Energy Readings'!BF60 -> 0 | AD60: ='Energy Readings'!BH60 -> 0 | AE60: ='Energy Readings'!BJ60 -> 0 | AF60: =SUM(B60:AE60) -> 0
A61: COLONY (TENESCO from LC-4) | B61: ='Energy Readings'!D61 -> 0 | C61: ='Energy Readings'!F61 -> 0 | D61: ='Energy Readings'!H61 -> 0 | E61: ='Energy Readings'!J61 -> 0 | F61: ='Energy Readings'!L61 -> 0 | G61: ='Energy Readings'!N61 -> 0 | H61: ='[1]Energy Readings'!P61 -> 0 | I61: ='Energy Readings'!R61 -> 0 | J61: ='Energy Readings'!T61 -> 0 | K61: ='Energy Readings'!V61 -> 0 | L61: ='Energy Readings'!X61 -> 0 | M61: ='Energy Readings'!Z61 -> 0 | N61: ='Energy Readings'!AB61 -> 0 | O61: ='Energy Readings'!AD61 -> 0 | P61: ='Energy Readings'!AF61 -> 0 | Q61: ='Energy Readings'!AH61 -> 0 | R61: ='Energy Readings'!AJ61 -> 0 | S61: ='Energy Readings'!AL61 -> 0 | T61: ='Energy Readings'!AN61 -> 0 | U61: ='Energy Readings'!AP61 -> 0 | V61: ='Energy Readings'!AR61 -> 0 | W61: ='Energy Readings'!AT61 -> 0 | X61: ='Energy Readings'!AV61 -> 0 | Y61: ='Energy Readings'!AX61 -> 0 | Z61: ='Energy Readings'!AZ61 -> 0 | AA61: ='Energy Readings'!BB61 -> 0 | AB61: ='Energy Readings'!BD61 -> 0 | AC61: ='Energy Readings'!BF61 -> 0 | AD61: ='Energy Readings'!BH61 -> 0 | AE61: ='Energy Readings'!BJ61 -> 0 | AF61: =SUM(B61:AE61) -> 0
A62: Welding DB + A/C | B62: ='Energy Readings'!D62 -> 0 | C62: ='Energy Readings'!F62 -> 0 | D62: ='Energy Readings'!H62 -> 0 | E62: ='Energy Readings'!J62 -> 0 | F62: ='Energy Readings'!L62 -> 0 | G62: ='Energy Readings'!N62 -> 0 | H62: ='[1]Energy Readings'!P62 -> 0 | I62: ='Energy Readings'!R62 -> 0 | J62: ='Energy Readings'!T62 -> 0 | K62: ='Energy Readings'!V62 -> 0 | L62: ='Energy Readings'!X62 -> 0 | M62: ='Energy Readings'!Z62 -> 0 | N62: ='Energy Readings'!AB62 -> 0 | O62: ='Energy Readings'!AD62 -> 0 | P62: ='Energy Readings'!AF62 -> 0 | Q62: ='Energy Readings'!AH62 -> 0 | R62: ='Energy Readings'!AJ62 -> 0 | S62: ='Energy Readings'!AL62 -> 0 | T62: ='Energy Readings'!AN62 -> 0 | U62: ='Energy Readings'!AP62 -> 0 | V62: ='Energy Readings'!AR62 -> 0 | W62: ='Energy Readings'!AT62 -> 0 | X62: ='Energy Readings'!AV62 -> 0 | Y62: ='Energy Readings'!AX62 -> 0 | Z62: ='Energy Readings'!AZ62 -> 0 | AA62: ='Energy Readings'!BB62 -> 0 | AB62: ='Energy Readings'!BD62 -> 0 | AC62: ='Energy Readings'!BF62 -> 0 | AD62: ='Energy Readings'!BH62 -> 0 | AE62: ='Energy Readings'!BJ62 -> 0 | AF62: =SUM(B62:AE62) -> 0
A63: PACKING PLANT -1 | K63: ='Energy Readings'!V63 -> 0 | S63: ='Energy Readings'!AL63 -> 0 | T63: ='Energy Readings'!AN63 -> 0 | U63: ='Energy Readings'!AP63 -> 0 | V63: ='Energy Readings'!AR63 -> 0 | W63: ='Energy Readings'!AT63 -> 0 | X63: ='Energy Readings'!AV63 -> 0 | Y63: ='Energy Readings'!AX63 -> 0 | Z63: ='Energy Readings'!AZ63 -> 0 | AA63: ='Energy Readings'!BB63 -> 0 | AB63: ='Energy Readings'!BD63 -> 0 | AC63: ='Energy Readings'!BF63 -> 0 | AD63: ='Energy Readings'!BH63 -> 0 | AE63: ='Energy Readings'!BJ63 -> 0
A64: IMCC-6 | B64: ='Energy Readings'!D64 -> 2425.91 | C64: ='Energy Readings'!F64 -> 2793.88 | D64: ='Energy Readings'!H64 -> 2563.61 | E64: ='Energy Readings'!J64 -> 2478.12 | F64: ='Energy Readings'!L64 -> 2334.94 | G64: ='Energy Readings'!N64 -> 2582.33 | H64: ='Energy Readings'!P64 -> 2571.85 | I64: ='Energy Readings'!R64 -> 2256.5 | J64: ='Energy Readings'!T64 -> 1761.77 | K64: ='Energy Readings'!V64 -> 1843.79 | L64: ='Energy Readings'!X64 -> 2539.51 | M64: ='Energy Readings'!Z64 -> 2473.56 | N64: ='Energy Readings'!AB64 -> 2680.95 | O64: ='Energy Readings'!AD64 -> 2118.31 | P64: ='Energy Readings'!AF64 -> 2330.21 | Q64: ='Energy Readings'!AH64 -> 2086.5 | R64: ='Energy Readings'!AJ64 -> 2494.2 | S64: ='Energy Readings'!AL64 -> 2433.94 | T64: ='Energy Readings'!AN64 -> 2946.77 | U64: ='Energy Readings'!AP64 -> 2851.48 | V64: ='Energy Readings'!AR64 -> 2914.77 | W64: ='Energy Readings'!AT64 -> 2874.71 | X64: ='Energy Readings'!AV64 -> 2790.16 | Y64: ='Energy Readings'!AX64 -> 2626.55 | Z64: ='Energy Readings'!AZ64 -> 3027.23 | AA64: ='Energy Readings'!BB64 -> 2817.68 | AB64: ='Energy Readings'!BD64 -> 2715.91 | AC64: ='Energy Readings'!BF64 -> 2680.28 | AD64: ='Energy Readings'!BH64 -> 2722.21 | AE64: ='Energy Readings'!BJ64 -> 2656.21 | AF64: =SUM(B64:AE64) -> 76393.84
A65: WELDING DB(PACKING & CEMENTMILL) | B65: ='Energy Readings'!D65 -> 277.55 | C65: 1000 | D65: 679 | E65: ='Energy Readings'!J65 -> 293.13 | F65: ='Energy Readings'!L65 -> 295.27 | G65: ='Energy Readings'!N65 -> 279.04 | H65: ='Energy Readings'!P65 -> 246.73 | I65: ='Energy Readings'!R65 -> 293.88 | J65: ='Energy Readings'!T65 -> 273.58 | K65: ='Energy Readings'!V65 -> 243.85 | L65: ='Energy Readings'!X65 -> 290.06 | M65: ='Energy Readings'!Z65 -> 318.47 | N65: ='Energy Readings'!AB65 -> 258.6 | O65: ='Energy Readings'!AD65 -> 302.5 | P65: ='Energy Readings'!AF65 -> 297.69 | Q65: ='Energy Readings'!AH65 -> 310.47 | R65: ='Energy Readings'!AJ65 -> 306.87 | S65: ='Energy Readings'!AL65 -> 213.05 | T65: ='Energy Readings'!AN65 -> 286.75 | U65: ='Energy Readings'!AP65 -> 268.84 | V65: ='Energy Readings'!AR65 -> 304.99 | W65: ='Energy Readings'!AT65 -> 333.8 | X65: ='Energy Readings'!AV65 -> 318.75 | Y65: ='Energy Readings'!AX65 -> 318.78 | Z65: ='Energy Readings'!AZ65 -> 326.05 | AA65: ='Energy Readings'!BB65 -> 326.18 | AB65: ='Energy Readings'!BD65 -> 322.54 | AC65: ='Energy Readings'!BF65 -> 281.31 | AD65: ='Energy Readings'!BH65 -> 316.44 | AE65: ='Energy Readings'!BJ65 -> 318.45 | AF65: =SUM(B65:AE65) -> 9902.62
A66: PACKING PLANT -2
A67: IMCC-6A | B67: ='Energy Readings'!D67-B46 -> 1843 | C67: ='Energy Readings'!F67-C46 -> 2219 | D67: ='Energy Readings'!H67-D46 -> 2003 | E67: ='Energy Readings'!J67-E46 -> 2107 | F67: ='Energy Readings'!L67-F46 -> 2062 | G67: ='Energy Readings'!N67-G46 -> 1935 | H67: ='Energy Readings'!P67-H46 -> 1875 | I67: ='Energy Readings'!R67-I46 -> 1633 | J67: ='Energy Readings'!T67-J46 -> 1787 | K67: ='Energy Readings'!V67-K46 -> 2045 | L67: ='Energy Readings'!X67-L46 -> 2281 | M67: ='Energy Readings'!Z67-M46 -> 2075 | N67: ='Energy Readings'!AB67-N46 -> 2129 | O67: ='Energy Readings'!AD67-O46 -> 2061 | P67: ='Energy Readings'!AF67-P46 -> 2011 | Q67: ='Energy Readings'!AH67-Q46 -> 2070 | R67: ='Energy Readings'!AJ67-R46 -> 1968 | S67: ='Energy Readings'!AL67-S46 -> 2797 | T67: ='Energy Readings'!AN67-T46 -> 3835 | U67: ='Energy Readings'!AP67-U46 -> 3796 | V67: ='Energy Readings'!AR67-V46 -> 3591 | W67: ='Energy Readings'!AT67-W46 -> 4016 | X67: ='Energy Readings'!AV67-X46 -> 3841 | Y67: ='Energy Readings'!AX67-Y46 -> 3776 | Z67: ='Energy Readings'!AZ67-Z46 -> 3740 | AA67: ='Energy Readings'!BB67-AA46 -> 3809 | AB67: ='Energy Readings'!BD67-AB46 -> 3843 | AC67: ='Energy Readings'!BF67-AC46 -> 3784 | AD67: ='Energy Readings'!BH67-AD46 -> 3852 | AE67: ='Energy Readings'!BJ67-AE46 -> 3327 | AF67: =SUM(B67:AE67) -> 82111
A68: WELDING DB(PACKING & CEMENTMILL) | B68: ='Energy Readings'!D68 -> 0 | C68: ='Energy Readings'!F68 -> 0 | D68: ='Energy Readings'!H68 -> 0 | E68: ='Energy Readings'!J68 -> 0 | F68: ='Energy Readings'!L68 -> 0 | G68: ='Energy Readings'!N68 -> 0 | H68: ='Energy Readings'!P68 -> 0 | I68: ='Energy Readings'!R68 -> 0 | J68: ='Energy Readings'!T68 -> 0 | K68: ='Energy Readings'!V68 -> 0 | L68: ='Energy Readings'!X68 -> 0 | M68: ='Energy Readings'!Z68 -> 0 | N68: ='Energy Readings'!AB68 -> 0 | O68: ='Energy Readings'!AD68 -> 0 | P68: ='Energy Readings'!AF68 -> 0 | Q68: ='Energy Readings'!AH68 -> 0 | R68: ='Energy Readings'!AJ68 -> 0 | S68: ='Energy Readings'!AL68 -> 0 | T68: ='Energy Readings'!AN68 -> 0 | U68: ='Energy Readings'!AP68 -> 0 | V68: ='Energy Readings'!AR68 -> 0 | W68: ='Energy Readings'!AT68 -> 0 | X68: ='Energy Readings'!AV68 -> 0 | Y68: ='Energy Readings'!AX68 -> 0 | Z68: ='Energy Readings'!AZ68 -> 0 | AA68: ='Energy Readings'!BB68 -> 0 | AB68: ='Energy Readings'!BD68 -> 0 | AC68: ='Energy Readings'!BF68 -> 0 | AD68: ='Energy Readings'!BH68 -> 0 | AE68: 0 | AF68: =SUM(B68:AE68) -> 0
A69: POWER IMPORT TO CEMENT PLANT | B69: ='Energy Readings'!D69 -> 163562 | C69: ='Energy Readings'!F69 -> 122254 | D69: ='Energy Readings'!H69 -> 134892 | E69: ='Energy Readings'!J69 -> 159874 | F69: ='Energy Readings'!L69 -> 143168 | G69: ='Energy Readings'!N69 -> 139252 | H69: ='Energy Readings'!P69 -> 139940 | I69: ='Energy Readings'!R69 -> 137672 | J69: ='Energy Readings'!T69 -> 142452 | K69: ='Energy Readings'!V69 -> 145160 | L69: ='Energy Readings'!X69 -> 138720 | M69: ='Energy Readings'!Z69 -> 140636 | N69: ='Energy Readings'!AB69 -> 126304 | O69: ='Energy Readings'!AD69 -> 133716 | P69: ='Energy Readings'!AF69 -> 157692 | Q69: ='Energy Readings'!AH69 -> 188728 | R69: ='Energy Readings'!AJ69 -> 171652 | S69: ='Energy Readings'!AL69 -> 181228 | T69: ='Energy Readings'!AN69 -> 188220 | U69: ='Energy Readings'!AP69 -> 176352 | V69: ='Energy Readings'!AR69 -> 170220 | W69: ='Energy Readings'!AT69 -> 167612 | X69: ='Energy Readings'!AV69 -> 90860 | Y69: ='Energy Readings'!AX69 -> 142184 | Z69: ='Energy Readings'!AZ69 -> 157920 | AA69: ='Energy Readings'!BB69 -> 152064 | AB69: ='Energy Readings'!BD69 -> 150496 | AC69: ='Energy Readings'!BF69 -> 152184 | AD69: ='Energy Readings'!BH69 -> 157416 | AE69: ='Energy Readings'!BJ69 -> 114728 | AF69: =SUM(B69:AE69) -> 4487158
A70: TANESCO | B70: ='Energy Readings'!D70 -> 78705 | C70: ='Energy Readings'!F70 -> 88805 | D70: ='Energy Readings'!H70 -> 108933 | E70: ='Energy Readings'!J70 -> 101851 | F70: ='Energy Readings'!L70 -> 92636 | G70: ='Energy Readings'!N70 -> 91869 | H70: ='Energy Readings'!P70 -> 56422 | I70: ='Energy Readings'!R70 -> 64832 | J70: ='Energy Readings'!T70 -> 64987 | K70: ='Energy Readings'!V70 -> 102097 | L70: ='Energy Readings'!X70 -> 108507 | M70: ='Energy Readings'!Z70 -> 103690 | N70: ='Energy Readings'!AB70 -> 109236 | O70: ='Energy Readings'!AD70 -> 100602 | P70: ='Energy Readings'!AF70 -> 79311 | Q70: ='Energy Readings'!AH70 -> 65888 | R70: ='Energy Readings'!AJ70 -> 61186 | S70: ='Energy Readings'!AL70 -> 63832 | T70: ='Energy Readings'!AN70 -> 61760 | U70: ='Energy Readings'!AP70 -> 62959 | V70: ='Energy Readings'!AR70 -> 62825 | W70: ='Energy Readings'!AT70 -> 63300 | X70: ='Energy Readings'!AV70 -> 62021 | Y70: ='Energy Readings'!AX70 -> 63603 | Z70: ='Energy Readings'!AZ70 -> 106254 | AA70: ='Energy Readings'!BB70 -> 110690 | AB70: ='Energy Readings'!BD70 -> 93234 | AC70: ='Energy Readings'!BF70 -> 89317 | AD70: ='Energy Readings'!BH70 -> 99095 | AE70: ='Energy Readings'!BJ70 -> 76718 | AF70: =SUM(B70:AE70) -> 2495165
A71: TANESCO COLONY | B71: ='Energy Readings'!D71 -> 0 | C71: ='Energy Readings'!F71 -> 0 | D71: ='Energy Readings'!H71 -> 0 | E71: ='Energy Readings'!J71 -> 0 | F71: ='Energy Readings'!L71 -> 0 | G71: ='Energy Readings'!N71 -> 0 | H71: ='Energy Readings'!P71 -> 0 | I71: ='Energy Readings'!R71 -> 0 | J71: ='Energy Readings'!T71 -> 0 | K71: ='Energy Readings'!V71 -> 0 | L71: ='Energy Readings'!X71 -> 0 | M71: ='Energy Readings'!Z71 -> 0 | N71: ='Energy Readings'!AB71 -> 0 | O71: ='Energy Readings'!AD71 -> 0 | P71: ='Energy Readings'!AF71 -> 0 | Q71: ='Energy Readings'!AH71 -> 0 | R71: ='Energy Readings'!AJ71 -> 0 | S71: ='Energy Readings'!AL71 -> 0 | T71: ='Energy Readings'!AN71 -> 0 | U71: ='Energy Readings'!AP71 -> 0 | V71: ='Energy Readings'!AR71 -> 0 | W71: ='Energy Readings'!AT71 -> 0 | X71: ='Energy Readings'!AV71 -> 0 | Y71: ='Energy Readings'!AX71 -> 0 | Z71: ='Energy Readings'!AZ71 -> 0 | AA71: ='Energy Readings'!BB71 -> 0 | AB71: ='Energy Readings'!BD71 -> 0 | AC71: ='Energy Readings'!BF71 -> 0 | AD71: ='Energy Readings'!BH71 -> 0 | AE71: 0 | AF71: =SUM(B71:AE71) -> 0
A72: POWER PLANT COAL FEEDING(157units/hr) | B72: ='Energy Readings'!D72 -> 0 | C72: ='Energy Readings'!F72 -> 0 | D72: ='Energy Readings'!H72 -> 0 | E72: ='Energy Readings'!J72 -> 0 | F72: ='Energy Readings'!L72 -> 0 | G72: ='Energy Readings'!N72 -> 0 | H72: ='Energy Readings'!P72 -> 0 | I72: ='Energy Readings'!R72 -> 0 | J72: ='Energy Readings'!T72 -> 0 | K72: ='Energy Readings'!V72 -> 0 | L72: ='Energy Readings'!X72 -> 0 | M72: ='Energy Readings'!Z72 -> 0 | N72: ='Energy Readings'!AB72 -> 0 | O72: ='Energy Readings'!AD72 -> 0 | P72: ='Energy Readings'!AF72 -> 0 | Q72: ='Energy Readings'!AH72 -> 0 | R72: ='Energy Readings'!AJ72 -> 0 | S72: ='Energy Readings'!AL72 -> 0 | T72: ='Energy Readings'!AN72 -> 0 | U72: ='Energy Readings'!AP72 -> 0 | V72: ='Energy Readings'!AR72 -> 0 | W72: ='Energy Readings'!AT72 -> 0 | X72: ='Energy Readings'!AV72 -> 0 | Y72: ='Energy Readings'!AX72 -> 0 | Z72: ='Energy Readings'!AZ72 -> 0 | AA72: ='Energy Readings'!BB72 -> 0 | AB72: ='Energy Readings'!BD72 -> 0 | AC72: ='Energy Readings'!BF72 -> 0 | AD72: ='Energy Readings'!BH72 -> 0 | AE72: ='Energy Readings'!BJ72 -> 0 | AF72: =SUM(B72:AE72) -> 0
A73: COAL VIBRATOR RUNNING HOUR | B73: ='Energy Readings'!D73 -> 0 | C73: ='Energy Readings'!F73 -> 0 | D73: ='Energy Readings'!H73 -> 0 | E73: ='Energy Readings'!J73 -> 0 | F73: ='Energy Readings'!L73 -> 0 | G73: ='Energy Readings'!N73 -> 0 | H73: ='Energy Readings'!P73 -> 0 | I73: ='Energy Readings'!R73 -> 0 | J73: ='Energy Readings'!T73 -> 0 | K73: ='Energy Readings'!V73 -> 0 | L73: ='Energy Readings'!X73 -> 0 | M73: ='Energy Readings'!Z73 -> 0 | N73: ='Energy Readings'!AB73 -> 0 | O73: ='Energy Readings'!AD73 -> 0 | P73: ='Energy Readings'!AF73 -> 0 | Q73: ='Energy Readings'!AH73 -> 0 | R73: ='Energy Readings'!AJ73 -> 0 | S73: ='Energy Readings'!AL73 -> 0 | T73: ='Energy Readings'!AN73 -> 0 | U73: ='Energy Readings'!AP73 -> 0 | V73: ='Energy Readings'!AR73 -> 0 | W73: ='Energy Readings'!AT73 -> 0 | X73: ='Energy Readings'!AV73 -> 0 | Y73: ='Energy Readings'!AX73 -> 0 | Z73: ='Energy Readings'!AZ73 -> 0 | AA73: ='Energy Readings'!BB73 -> 0 | AB73: ='Energy Readings'!BD73 -> 0 | AC73: ='Energy Readings'!BF73 -> 0 | AD73: ='Energy Readings'!BH73 -> 0 | AE73: ='Energy Readings'!BJ73 -> 0 | AF73: =SUM(B73:AE73) -> 0
A74: ROLLER CRUSHER RUNNING HRS(601BE1) | B74: ='Energy Readings'!D74 -> 0 | C74: ='Energy Readings'!F74 -> 0 | D74: ='Energy Readings'!H74 -> 0 | E74: ='Energy Readings'!J74 -> 0 | F74: ='Energy Readings'!L74 -> 0 | G74: ='Energy Readings'!N74 -> 0 | H74: ='Energy Readings'!P74 -> 0 | I74: ='Energy Readings'!R74 -> 0 | J74: ='Energy Readings'!T74 -> 0 | K74: ='Energy Readings'!V74 -> 0 | L74: ='Energy Readings'!X74 -> 0 | M74: ='Energy Readings'!Z74 -> 0 | N74: ='Energy Readings'!AB74 -> 0 | O74: ='Energy Readings'!AD74 -> 0 | P74: ='Energy Readings'!AF74 -> 0 | Q74: ='Energy Readings'!AH74 -> 0 | R74: ='Energy Readings'!AJ74 -> 0 | S74: ='Energy Readings'!AL74 -> 0 | T74: ='Energy Readings'!AN74 -> 0 | U74: ='Energy Readings'!AP74 -> 0 | V74: ='Energy Readings'!AR74 -> 0 | W74: ='Energy Readings'!AT74 -> 0 | X74: ='Energy Readings'!AV74 -> 0 | Y74: ='Energy Readings'!AX74 -> 0 | Z74: ='Energy Readings'!AZ74 -> 0 | AA74: ='Energy Readings'!BB74 -> 0 | AB74: ='Energy Readings'!BD74 -> 0 | AC74: ='Energy Readings'!BF74 -> 0 | AD74: ='Energy Readings'!BH74 -> 0 | AE74: ='Energy Readings'!BJ74 -> 0 | AF74: =SUM(B74:AE74) -> 0
A75: Roller crusher auxiliries(IPMCC-4)-65UNITS/HR | B75: ='Energy Readings'!D75 -> 0 | C75: ='Energy Readings'!F75 -> 0 | D75: ='Energy Readings'!H75 -> 0 | E75: ='Energy Readings'!J75 -> 0 | F75: ='Energy Readings'!L75 -> 0 | G75: ='Energy Readings'!N75 -> 0 | H75: ='Energy Readings'!P75 -> 0 | I75: ='Energy Readings'!R75 -> 0 | J75: ='Energy Readings'!T75 -> 0 | K75: ='Energy Readings'!V75 -> 0 | L75: ='Energy Readings'!X75 -> 0 | M75: ='Energy Readings'!Z75 -> 0 | N75: ='Energy Readings'!AB75 -> 0 | O75: ='Energy Readings'!AD75 -> 0 | P75: ='Energy Readings'!AF75 -> 0 | Q75: ='Energy Readings'!AH75 -> 0 | R75: ='Energy Readings'!AJ75 -> 0 | S75: ='Energy Readings'!AL75 -> 0 | T75: ='Energy Readings'!AN75 -> 0 | U75: ='Energy Readings'!AP75 -> 0 | V75: ='Energy Readings'!AR75 -> 0 | W75: ='Energy Readings'!AT75 -> 0 | X75: ='Energy Readings'!AV75 -> 0 | Y75: ='Energy Readings'!AX75 -> 0 | Z75: ='Energy Readings'!AZ75 -> 0 | AA75: ='Energy Readings'!BB75 -> 0 | AB75: ='Energy Readings'!BD75 -> 0 | AC75: ='Energy Readings'!BF75 -> 0 | AD75: ='Energy Readings'!BH75 -> 0 | AE75: ='Energy Readings'!BJ75 -> 0 | AF75: =SUM(B75:AE75) -> 0
A76: Roller crusher main drives(IPMCC-3)-30uNITS/HR | B76: ='Energy Readings'!D76 -> 0 | C76: ='Energy Readings'!F76 -> 0 | D76: ='Energy Readings'!H76 -> 0 | E76: ='Energy Readings'!J76 -> 0 | F76: ='Energy Readings'!L76 -> 0 | G76: ='Energy Readings'!N76 -> 0 | H76: ='Energy Readings'!P76 -> 0 | I76: ='Energy Readings'!R76 -> 0 | J76: ='Energy Readings'!T76 -> 0 | K76: ='Energy Readings'!V76 -> 0 | L76: ='Energy Readings'!X76 -> 0 | M76: ='Energy Readings'!Z76 -> 0 | N76: ='Energy Readings'!AB76 -> 0 | O76: ='Energy Readings'!AD76 -> 0 | P76: ='Energy Readings'!AF76 -> 0 | Q76: ='Energy Readings'!AH76 -> 0 | R76: ='Energy Readings'!AJ76 -> 0 | S76: ='Energy Readings'!AL76 -> 0 | T76: ='Energy Readings'!AN76 -> 0 | U76: ='Energy Readings'!AP76 -> 0 | V76: ='Energy Readings'!AR76 -> 0 | W76: ='Energy Readings'!AT76 -> 0 | X76: ='Energy Readings'!AV76 -> 0 | Y76: ='Energy Readings'!AX76 -> 0 | Z76: ='Energy Readings'!AZ76 -> 0 | AA76: ='Energy Readings'!BB76 -> 0 | AB76: ='Energy Readings'!BD76 -> 0 | AC76: ='Energy Readings'!BF76 -> 0 | AD76: ='Energy Readings'!BH76 -> 0 | AE76: ='Energy Readings'!BJ76 -> 0 | AF76: =SUM(B76:AE76) -> 0
A77: Total consumption of roller crusher | B77: ='Energy Readings'!D77 -> 0 | C77: ='Energy Readings'!F77 -> 0 | D77: ='Energy Readings'!H77 -> 0 | E77: ='Energy Readings'!J77 -> 0 | F77: ='Energy Readings'!L77 -> 0 | G77: ='Energy Readings'!N77 -> 0 | H77: ='Energy Readings'!P77 -> 0 | I77: ='Energy Readings'!R77 -> 0 | J77: ='Energy Readings'!T77 -> 0 | K77: ='Energy Readings'!V77 -> 0 | L77: ='Energy Readings'!X77 -> 0 | M77: ='Energy Readings'!Z77 -> 0 | N77: ='Energy Readings'!AB77 -> 0 | O77: ='Energy Readings'!AD77 -> 0 | P77: ='Energy Readings'!AF77 -> 0 | Q77: ='Energy Readings'!AH77 -> 0 | R77: ='Energy Readings'!AJ77 -> 0 | S77: ='Energy Readings'!AL77 -> 0 | T77: ='Energy Readings'!AN77 -> 0 | U77: ='Energy Readings'!AP77 -> 0 | V77: ='Energy Readings'!AR77 -> 0 | W77: ='Energy Readings'!AT77 -> 0 | X77: ='Energy Readings'!AV77 -> 0 | Y77: ='Energy Readings'!AX77 -> 0 | Z77: ='Energy Readings'!AZ77 -> 0 | AA77: ='Energy Readings'!BB77 -> 0 | AB77: ='Energy Readings'!BD77 -> 0 | AC77: ='Energy Readings'!BF77 -> 0 | AD77: ='Energy Readings'!BH77 -> 0 | AE77: ='Energy Readings'!BJ77 -> 0 | AF77: =SUM(B77:AE77) -> 0
A78: Workshop Consumption | B78: ='Energy Readings'!D78 -> 473.06 | C78: ='Energy Readings'!F78 -> 451.54 | D78: ='Energy Readings'!H78 -> 426.83 | E78: ='Energy Readings'!J78 -> 464.36 | F78: ='Energy Readings'!L78 -> 428.19 | G78: ='Energy Readings'!N78 -> 435.17 | H78: ='Energy Readings'!P78 -> 535.69 | I78: ='Energy Readings'!R78 -> 571.88 | J78: ='Energy Readings'!T78 -> 563.93 | K78: ='Energy Readings'!V78 -> 568.32 | L78: ='Energy Readings'!X78 -> 447.26 | M78: ='Energy Readings'!Z78 -> 387.05 | N78: ='Energy Readings'!AB78 -> 375.44 | O78: ='Energy Readings'!AD78 -> 382.89 | P78: ='Energy Readings'!AF78 -> 436.14 | Q78: ='Energy Readings'!AH78 -> 403.83 | R78: ='Energy Readings'!AJ78 -> 558.13 | S78: ='Energy Readings'!AL78 -> 563.63 | T78: ='Energy Readings'!AN78 -> 501.79 | U78: ='Energy Readings'!AP78 -> 418.87 | V78: ='Energy Readings'!AR78 -> 388.78 | W78: ='Energy Readings'!AT78 -> 427.56 | X78: ='Energy Readings'!AV78 -> 395.51 | Y78: ='Energy Readings'!AX78 -> 421.19 | Z78: ='Energy Readings'!AZ78 -> 414.75 | AA78: ='Energy Readings'!BB78 -> 430.1 | AB78: ='Energy Readings'!BD78 -> 335.07 | AC78: ='Energy Readings'!BF78 -> 361.2 | AD78: ='Energy Readings'!BH78 -> 519.25 | AE78: ='Energy Readings'!BJ78 -> 458.75 | AF78: =SUM(B78:AE78) -> 13546.16
A79: TANESCO UNIT FOR CM-1
A80: CPP UNIT FOR CM-1
A81: TANESCO UNIT FOR CM-2
A82: CPP UNIT FOR CM-2
A83: TANESCO UNIT FOR COAL MILL,LST&COLONY
A84: CPP UNIT FOR COAL MILL,LST&COLONY
A85: TOTAL COMPRESSOR POWER | B85: =B15+B34+B35+B36+B46+B47+B48+B58 -> 12033.6 | C85: =C15+C34+C35+C36+C46+C47+C48+C58 -> 11686.95 | D85: =D15+D34+D35+D36+D46+D47+D48+D58 -> 11739.93 | E85: =E15+E34+E35+E36+E46+E47+E48+E58 -> 11581.28 | F85: =F15+F34+F35+F36+F46+F47+F48+F58 -> 13016.24 | G85: =G15+G34+G35+G36+G46+G47+G48+G58 -> 12877.72 | H85: =H15+H34+H35+H36+H46+H47+H48+H58 -> 12924.55 | I85: =I15+I34+I35+I36+I46+I47+I48+I58 -> 12373.95 | ... AE85: =AE15+AE34+AE35+AE36+AE46+AE47+AE48+AE58 -> 10147.5 | AF85: =SUM(B85:AE85) -> 355093.11
A90: PYRO SECTION
A91: COMPRESSOR-1(321CP1) | B91: ='Energy Readings'!D15 -> 4337.38 | C91: ='Energy Readings'!F15 -> 4426.61 | D91: ='Energy Readings'!H15 -> 4340.06 | E91: ='Energy Readings'!J15 -> 4256.99 | F91: ='Energy Readings'!L15 -> 4401.41 | G91: ='Energy Readings'!N15 -> 4348.91 | H91: ='Energy Readings'!P15 -> 4381.18 | I91: ='Energy Readings'!R15 -> 4484.56 | J91: ='Energy Readings'!T15 -> 4311.13 | K91: ='Energy Readings'!V15 -> 4392.55 | L91: ='Energy Readings'!X15 -> 4427.5 | M91: ='Energy Readings'!Z15 -> 4330.52 | N91: ='Energy Readings'!AB15 -> 4343.27 | O91: ='Energy Readings'!AD15 -> 4451.42 | P91: ='Energy Readings'!AF15 -> 4362.98 | Q91: ='Energy Readings'!AH15 -> 4340.85 | R91: ='Energy Readings'!AJ15 -> 4439.61 | S91: ='Energy Readings'!AL15 -> 4425.64 | T91: ='Energy Readings'!AN15 -> 4457.53 | U91: ='Energy Readings'!AP15 -> 4390.97 | V91: ='Energy Readings'!AR15 -> 4409.91 | W91: ='Energy Readings'!AT15 -> 4460.79 | X91: ='Energy Readings'!AV15 -> 4567.46 | Y91: ='Energy Readings'!AX15 -> 4482.62 | Z91: ='Energy Readings'!AZ15 -> 4420.61 | AA91: ='Energy Readings'!BB15 -> 4419.16 | AB91: ='Energy Readings'!BD15 -> 4455.01 | AC91: ='Energy Readings'!BF15 -> 4427.9 | AD91: ='Energy Readings'!BH15 -> 5880.21 | AE91: ='Energy Readings'!BJ15 -> 2574.77 | AF91: =SUM(B91:AE91) -> 131749.51
A92: COMPRESSOR-2(321CP2) | B92: ='Energy Readings'!D35 -> 0 | C92: ='Energy Readings'!F35 -> 0 | D92: ='Energy Readings'!H35 -> 0 | E92: ='Energy Readings'!J35 -> 23.05 | F92: ='Energy Readings'!L35 -> 950.15 | G92: ='Energy Readings'!N35 -> 6.39 | H92: ='Energy Readings'!P35 -> 0 | I92: ='Energy Readings'!R35 -> 0 | J92: ='Energy Readings'!T35 -> 11.93 | K92: ='Energy Readings'!V35 -> 0 | L92: ='Energy Readings'!X35 -> 0 | M92: ='Energy Readings'!Z35 -> 0 | T92: ='Energy Readings'!AN35 -> 0 | U92: ='Energy Readings'!AP35 -> 11.77 | V92: ='Energy Readings'!AR35 -> 0 | W92: ='Energy Readings'!AT35 -> 14.73 | X92: ='Energy Readings'!AV35 -> 0 | Y92: ='Energy Readings'!AX35 -> 0 | Z92: ='Energy Readings'!AZ35 -> 973.66 | AA92: ='Energy Readings'!BB35 -> 1124.96 | AB92: ='Energy Readings'!BA35 -> 6078134.2 | AC92: ='Energy Readings'!BB35 -> 1124.96 | AD92: ='Energy Readings'!BC35 -> 6078134.2 | AE92: ='Energy Readings'!BC35 -> 6078134.2 | AF92: =SUM(B92:AE92) -> 18238644
A93: COMPRESSOR-3(321CP3) | B93: ='Energy Readings'!D34 -> 0 | C93: ='Energy Readings'!F34 -> 0 | D93: ='Energy Readings'!H34 -> 0 | E93: ='Energy Readings'!J34 -> 0 | F93: ='Energy Readings'!L34 -> 0 | G93: ='Energy Readings'!N34 -> 0 | H93: ='Energy Readings'!P34 -> 0 | I93: ='Energy Readings'!R34 -> 0 | J93: ='Energy Readings'!T34 -> 1.07 | K93: ='Energy Readings'!V34 -> 0 | L93: ='Energy Readings'!X34 -> 2.46 | M93: ='Energy Readings'!Z34 -> 0 | T93: ='Energy Readings'!AN34 -> 0 | U93: ='Energy Readings'!AP34 -> 0.03 | V93: ='Energy Readings'!AR34 -> 0 | W93: ='Energy Readings'!AT34 -> 0 | X93: ='Energy Readings'!AV34 -> 0 | Y93: ='Energy Readings'!AX34 -> 0 | Z93: ='Energy Readings'!AZ34 -> 0 | AA93: ='Energy Readings'!BB34 -> 97.76 | AB93: ='Energy Readings'!BA34 -> 214711.32 | AC93: ='Energy Readings'!BB34 -> 97.76 | AD93: ='Energy Readings'!BC34 -> 215392.58 | AE93: ='Energy Readings'!BC36 -> 6723987 | AF93: =SUM(B93:AE93) -> 7154290
A94: COMPRESSOR-4(321CP4) | B94: ='Energy Readings'!D36 -> 1386.04 | C94: ='Energy Readings'!F36 -> 1780.75 | D94: ='Energy Readings'!H36 -> 1510.76 | E94: ='Energy Readings'!J36 -> 800.71 | F94: ='Energy Readings'!L36 -> 1159.44 | G94: ='Energy Readings'!N36 -> 2094.23 | H94: ='Energy Readings'!P36 -> 2209.35 | I94: ='Energy Readings'!R36 -> 2293.23 | J94: ='Energy Readings'!T36 -> 2209.54 | K94: ='Energy Readings'!V36 -> 2206.19 | L94: ='Energy Readings'!X36 -> 1762.36 | M94: ='Energy Readings'!Z36 -> 89.68 | T94: ='Energy Readings'!AN36 -> 2373.22 | U94: ='Energy Readings'!AP36 -> 2294.11 | V94: ='Energy Readings'!AR36 -> 2281.87 | W94: ='Energy Readings'!AT36+14.73 -> 2315.12 | X94: ='Energy Readings'!AV36+14.73 -> 1928.22 | Y94: ='Energy Readings'!AX36 -> 2165.12 | Z94: ='Energy Readings'!AZ36 -> 1476.37 | AA94: ='Energy Readings'!BB36 -> 959.17 | AB94: ='Energy Readings'!BA36+14.73 -> 6723899.1 | AC94: ='Energy Readings'!BB36+14.73 -> 973.9 | AD94: ='Energy Readings'!BC36+14.73 -> 6724001.7 | AE94: ='Energy Readings'!BC37 -> 32508.912 | AF94: =SUM(B94:AE94) -> 13516679
A95: GRINDING SECTION | AF95: =SUM(B95:AE95) -> 0
A96: COMPRESSOR-6-(811CP1) | B96: ='Energy Readings'!D46 -> 0 | C96: ='Energy Readings'!F46 -> 0 | D96: ='Energy Readings'!H46 -> 0 | E96: ='Energy Readings'!J46 -> 0 | F96: ='Energy Readings'!L46 -> 0 | G96: ='Energy Readings'!N46 -> 0 | H96: ='Energy Readings'!P46 -> 0 | I96: ='Energy Readings'!R46 -> 0 | J96: ='Energy Readings'!T46 -> 0 | K96: ='Energy Readings'!V46 -> 0 | L96: ='Energy Readings'!X46 -> 0 | M96: ='Energy Readings'!Z46 -> 0 | T96: ='Energy Readings'!AN46 -> 630 | U96: ='Energy Readings'!AP46 -> 628 | V96: ='Energy Readings'!AR46 -> 825 | W96: ='Energy Readings'!AT46+78.78+2.87 -> 567.65 | X96: ='Energy Readings'!AV46 -> 593 | Y96: ='Energy Readings'!AX46 -> 627 | Z96: ='Energy Readings'!AZ46 -> 617 | AA96: ='Energy Readings'!BB46 -> 613 | AB96: ='Energy Readings'!AZ46 -> 617 | AC96: ='Energy Readings'!BA46 -> 374652 | AD96: ='Energy Readings'!BB46 -> 613 | AE96: ='Energy Readings'!BC46 -> 375276 | AF96: =SUM(B96:AE96) -> 756258.65
A97: COMPRESSOR-7-(811CP2) | B97: ='Energy Readings'!D47 -> 87.98 | C97: ='Energy Readings'!F47 -> 92.04 | D97: ='Energy Readings'!H47 -> 101.63 | E97: ='Energy Readings'!J47 -> 86.09 | F97: ='Energy Readings'!L47 -> 82.83 | G97: ='Energy Readings'!N47 -> 82.14 | H97: ='Energy Readings'!P47 -> 71.78 | I97: ='Energy Readings'!R47 -> 78.6 | J97: ='Energy Readings'!T47 -> 54.03 | K97: ='Energy Readings'!V47 -> 69.08 | L97: ='Energy Readings'!X47 -> 72.47 | M97: ='Energy Readings'!Z47 -> 58.3 | T97: ='Energy Readings'!AN47 -> 68.36 | U97: ='Energy Readings'!AP47 -> 68.56 | V97: ='Energy Readings'!AR47 -> 63.46 | W97: 0 | X97: ='Energy Readings'!AV47 -> 67.59 | Y97: ='Energy Readings'!AX47 -> 68.65 | Z97: ='Energy Readings'!AZ47 -> 68.19 | AA97: ='Energy Readings'!BB47 -> 64.93 | AB97: ='Energy Readings'!AZ47 -> 68.19 | AC97: ='Energy Readings'!BA47 -> 5171150.5 | AD97: ='Energy Readings'!BB47 -> 64.93 | AE97: ='Energy Readings'!BC47 -> 5171218.4 | AF97: =SUM(B97:AE97) -> 10343909
A98: COMPRESSOR-8-(811CP3) | B98: ='Energy Readings'!D48 -> 2392.89 | C98: ='Energy Readings'!F48 -> 2614.14 | D98: ='Energy Readings'!H48 -> 2460.53 | E98: ='Energy Readings'!J48 -> 2510.09 | F98: ='Energy Readings'!L48 -> 2515.66 | G98: ='Energy Readings'!N48 -> 2571.68 | H98: ='Energy Readings'!P48 -> 2516.62 | I98: ='Energy Readings'!R48 -> 2640.56 | J98: ='Energy Readings'!T48 -> 2482.26 | K98: ='Energy Readings'!V48 -> 2376.76 | L98: ='Energy Readings'!X48 -> 2409.22 | M98: ='Energy Readings'!Z48 -> 2471.84 | T98: ='Energy Readings'!AN48 -> 3.45 | U98: ='Energy Readings'!AP48 -> 0 | V98: ='Energy Readings'!AR48 -> 0 | W98: 0 | X98: ='Energy Readings'!AV48 -> 0.01 | Y98: ='Energy Readings'!AX48 -> 0.0099999998 | Z98: ='Energy Readings'!AZ48 -> 0.01 | AA98: ='Energy Readings'!BB48 -> 0.0099999998 | AB98: ='Energy Readings'!AZ48 -> 0.01 | AC98: ='Energy Readings'!BA48 -> 2560565.6 | AD98: ='Energy Readings'!BB48 -> 0.0099999998 | AE98: ='Energy Readings'!BC48 -> 2560565.6 | AF98: =SUM(B98:AE98) -> 5151097.1
A99: COMPRESSOR-9-(811CP4) | B99: =B58 -> 3829.31 | C99: =C58 -> 3464.59 | D99: =D58 -> 3590.58 | E99: =E58 -> 3902.44 | F99: =F58 -> 3901.58 | G99: =G58 -> 3760.51 | H99: =H58 -> 3745.4 | I99: =I58 -> 3877 | ... Z99: =Z58 -> 4054.89 | AA99: =BB58 -> 0 | AB99: =AB58 -> 4083.75 | AC99: =AC58 -> 4063.68 | AD99: ='Energy Readings'!BB49 -> 248 | AE99: ='Energy Readings'!BC49 -> 182240.08 | AF99: =SUM(B99:AE99) -> 289961.72
A100: TOTAL POWER | B100: =SUM(B91:B99) -> 12033.6 | C100: =SUM(C91:C99) -> 12378.13 | D100: =SUM(D91:D99) -> 12003.56 | E100: =SUM(E91:E99) -> 11579.37 | F100: =SUM(F91:F99) -> 13011.07 | G100: =SUM(G91:G99) -> 12863.86 | H100: =SUM(H91:H99) -> 12924.33 | I100: =SUM(I91:I99) -> 13373.95 | ... Z100: =SUM(Z91:Z99) -> 11610.73 | AA100: ='Energy Readings'!BB50 -> 956.28 | AB100: ='Energy Readings'!AZ50 -> 1123.6 | AC100: ='Energy Readings'!BA50 -> 3303636.8 | AD100: ='Energy Readings'!BB50 -> 956.28 | AE100: ='Energy Readings'!BC50 -> 3304720.6 | AF100: =SUM(B100:AE100) -> 6892838.9
B102: =B70/(24*0.96) -> 3416.0156 | C102: =C70/(24*0.96) -> 3854.3837 | D102: =D70/(24*0.96) -> 4727.9948 | E102: =E70/(24*0.96) -> 4420.6163 | F102: =F70/(24*0.96) -> 4020.6597 | G102: =G70/(24*0.96) -> 3987.3698 | H102: =H70/(24*0.96) -> 2448.8715 | I102: =I70/(24*0.96) -> 2813.8889 | ... AF102: =AF70/(24*0.96) -> 108297.09

Sheet CUMULATIVE DAILY
A1: Section | B1: 45809 | C1: =B1+1 -> 45810 | D1: =C1+1 -> 45811 | E1: =D1+1 -> 45812 | F1: =E1+1 -> 45813 | G1: =F1+1 -> 45814 | H1: =G1+1 -> 45815 | I1: =H1+1 -> 45816 | J1: =I1+1 -> 45817 | ... AE1: =AD1+1 -> 45838 | AF1: Commulative
A2: Power import to cement plant | B2: ='IMS DATA'!B69 -> 163562 | C2: ='IMS DATA'!C69 -> 122254 | D2: ='IMS DATA'!D69 -> 134892 | E2: ='IMS DATA'!E69 -> 159874 | F2: ='IMS DATA'!F69 -> 143168 | G2: ='IMS DATA'!G69 -> 139252 | H2: ='IMS DATA'!H69 -> 139940 | I2: ='IMS DATA'!I69 -> 137672 | ... AF2: ='IMS DATA'!AF69 -> 4487158
A3: TANESCO | B3: ='IMS DATA'!B70 -> 78705 | C3: ='IMS DATA'!C70 -> 88805 | D3: ='IMS DATA'!D70 -> 108933 | E3: ='IMS DATA'!E70 -> 101851 | F3: ='IMS DATA'!F70 -> 92636 | G3: ='IMS DATA'!G70 -> 91869 | H3: ='IMS DATA'!H70 -> 56422 | I3: ='IMS DATA'!I70 -> 64832 | ... AF3: ='IMS DATA'!AF70 -> 2495165
A4: Crusher & auxiliries | B4: ='IMS DATA'!B2+'IMS DATA'!B3+'IMS DATA'!B5 -> 1799.37 | C4: ='IMS DATA'!C2+'IMS DATA'!C3+'IMS DATA'!C5 -> 1541.87 | D4: ='IMS DATA'!D2+'IMS DATA'!D3+'IMS DATA'!D5 -> 1577.91 | E4: ='IMS DATA'!E2+'IMS DATA'!E3+'IMS DATA'!E5 -> 1056.32 | F4: ='IMS DATA'!F2+'IMS DATA'!F3+'IMS DATA'!F5 -> 1554.06 | G4: ='IMS DATA'!G2+'IMS DATA'!G3+'IMS DATA'!G5 -> 1512.13 | H4: ='IMS DATA'!H2+'IMS DATA'!H3+'IMS DATA'!H5 -> 1279.79 | I4: ='IMS DATA'!I2+'IMS DATA'!I3+'IMS DATA'!I5 -> 1593.24 | ... AF4: ='IMS DATA'!AF2+'IMS DATA'!AF3+'IMS DATA'!AF5 -> 49449.47
A5: Raw Mill-1 | B5: ='IMS DATA'!B9+'IMS DATA'!B10+'IMS DATA'!B11+'IMS DATA'!B12 -> 61133.14 | C5: ='IMS DATA'!C9+'IMS DATA'!C10+'IMS DATA'!C11+'IMS DATA'!C12 -> 28531.65 | D5: ='IMS DATA'!D9+'IMS DATA'!D10+'IMS DATA'!D11+'IMS DATA'!D12 -> 49214.79 | E5: ='IMS DATA'!E9+'IMS DATA'!E10+'IMS DATA'!E11+'IMS DATA'!E12 -> 62902.1 | F5: ='IMS DATA'!F9+'IMS DATA'!F10+'IMS DATA'!F11+'IMS DATA'!F12 -> 45066.02 | G5: ='IMS DATA'!G9+'IMS DATA'!G10+'IMS DATA'!G11+'IMS DATA'!G12 -> 48314.99 | H5: ='IMS DATA'!H9+'IMS DATA'!H10+'IMS DATA'!H11+'IMS DATA'!H12 -> 50068.05 | I5: ='IMS DATA'!I9+'IMS DATA'!I10+'IMS DATA'!I11+'IMS DATA'!I12 -> 50035.38 | ... AF5: ='IMS DATA'!AF9+'IMS DATA'!AF10+'IMS DATA'!AF11+'IMS DATA'!AF12 -> 1432326.1
A6: Raw Mill-2 | B6: ='IMS DATA'!B17+'IMS DATA'!B18+'IMS DATA'!B19 -> 8482.32 | C6: ='IMS DATA'!C17+'IMS DATA'!C18+'IMS DATA'!C19 -> 6664.33 | D6: ='IMS DATA'!D17+'IMS DATA'!D18+'IMS DATA'!D19 -> 7183.8 | E6: ='IMS DATA'!E17+'IMS DATA'!E18+'IMS DATA'!E19 -> 8950.2 | F6: ='IMS DATA'!F17+'IMS DATA'!F18+'IMS DATA'!F19 -> 7806.23 | G6: ='IMS DATA'!G17+'IMS DATA'!G18+'IMS DATA'!G19 -> 6977.41 | H6: ='IMS DATA'!H17+'IMS DATA'!H18+'IMS DATA'!H19 -> 5915.68 | I6: ='IMS DATA'!I17+'IMS DATA'!I18+'IMS DATA'!I19 -> 7762.47 | ... AF6: ='IMS DATA'!AF17+'IMS DATA'!AF18+'IMS DATA'!AF19 -> 159987.27
A7: coal mill | B7: ='IMS DATA'!B21+'IMS DATA'!B22+('IMS DATA'!B23)*57%+'IMS DATA'!B24 -> 14025.885 | C7: ='IMS DATA'!C21+'IMS DATA'!C22+('IMS DATA'!C23)*57%+'IMS DATA'!C24 -> 13396.288 | D7: ='IMS DATA'!D21+'IMS DATA'!D22+('IMS DATA'!D23)*57%+'IMS DATA'!D24 -> 11110.599 | E7: ='IMS DATA'!E21+'IMS DATA'!E22+('IMS DATA'!E23)*57%+'IMS DATA'!E24 -> 14323.25 | F7: ='IMS DATA'!F21+'IMS DATA'!F22+('IMS DATA'!F23)*57%+'IMS DATA'!F24 -> 13214.831 | G7: ='IMS DATA'!G21+'IMS DATA'!G22+('IMS DATA'!G23)*57%+'IMS DATA'!G24 -> 12802.642 | H7: ='IMS DATA'!H21+'IMS DATA'!H22+('IMS DATA'!H23)*57%+'IMS DATA'!H24 -> 12876.635 | I7: ='IMS DATA'!I21+'IMS DATA'!I22+('IMS DATA'!I23)*57%+'IMS DATA'!I24 -> 11695.706 | ... AF7: ='IMS DATA'!AF21+'IMS DATA'!AF22+('IMS DATA'!AF23)*57%+'IMS DATA'!AF24 -> 362826.2
A8: kiln | B8: ='IMS DATA'!B30+'IMS DATA'!B31+'IMS DATA'!B33+'IMS DATA'!B37+'IMS DATA'!B13+'IMS DATA'!B14+('IMS DATA'!B23)*43%+'IMS DATA'!B15+'IMS DATA'!B34+'IMS DATA'!B35+'IMS DATA'!B36 -> 61873.285 | C8: ='IMS DATA'!C30+'IMS DATA'!C31+'IMS DATA'!C33+'IMS DATA'!C37+'IMS DATA'!C13+'IMS DATA'!C14+('IMS DATA'!C23)*43%+'IMS DATA'!C15+'IMS DATA'!C34+'IMS DATA'!C35+'IMS DATA'!C36 -> 57627.242 | D8: ='IMS DATA'!D30+'IMS DATA'!D31+'IMS DATA'!D33+'IMS DATA'!D37+'IMS DATA'!D13+'IMS DATA'!D14+('IMS DATA'!D23)*43%+'IMS DATA'!D15+'IMS DATA'!D34+'IMS DATA'!D35+'IMS DATA'!D36 -> 48596.431 | E8: ='IMS DATA'!E30+'IMS DATA'!E31+'IMS DATA'!E33+'IMS DATA'!E37+'IMS DATA'!E13+'IMS DATA'!E14+('IMS DATA'!E23)*43%+'IMS DATA'!E15+'IMS DATA'!E34+'IMS DATA'!E35+'IMS DATA'!E36 -> 57125.92 | F8: ='IMS DATA'!F30+'IMS DATA'!F31+'IMS DATA'!F33+'IMS DATA'!F37+'IMS DATA'!F13+'IMS DATA'!F14+('IMS DATA'!F23)*43%+'IMS DATA'!F15+'IMS DATA'!F34+'IMS DATA'!F35+'IMS DATA'!F36 -> 59192.179 | G8: ='IMS DATA'!G30+'IMS DATA'!G31+'IMS DATA'!G33+'IMS DATA'!G37+'IMS DATA'!G13+'IMS DATA'!G14+('IMS DATA'!G23)*43%+'IMS DATA'!G15+'IMS DATA'!G34+'IMS DATA'!G35+'IMS DATA'!G36 -> 53826.468 | H8: ='IMS DATA'!H30+'IMS DATA'!H31+'IMS DATA'!H33+'IMS DATA'!H37+'IMS DATA'!H13+'IMS DATA'!H14+('IMS DATA'!H23)*43%+'IMS DATA'!H15+'IMS DATA'!H34+'IMS DATA'!H35+'IMS DATA'!H36 -> 53978.644 | I8: ='IMS DATA'!I30+'IMS DATA'!I31+'IMS DATA'!I33+'IMS DATA'!I37+'IMS DATA'!I13+'IMS DATA'!I14+('IMS DATA'!I23)*43%+'IMS DATA'!I15+'IMS DATA'!I34+'IMS DATA'!I35+'IMS DATA'!I36 -> 52258.344 | ... AF8: ='IMS DATA'!AF30+'IMS DATA'!AF31+'IMS DATA'!AF33+'IMS DATA'!AF37+'IMS DATA'!AF13+'IMS DATA'!AF14+('IMS DATA'!AF23)*43%+'IMS DATA'!AF15+'IMS DATA'!AF34+'IMS DATA'!AF35+'IMS DATA'!AF36 -> 1500519.7
A9: cement mill-1 | B9: ='IMS DATA'!B42+'IMS DATA'!B43+'IMS DATA'!B44+'IMS DATA'!B45+'IMS DATA'!B50+0.35*('IMS DATA'!B46+'IMS DATA'!B47+'IMS DATA'!B58+'IMS DATA'!B48) -> 32418.213 | C9: ='IMS DATA'!C42+'IMS DATA'!C43+'IMS DATA'!C44+'IMS DATA'!C45+'IMS DATA'!C50+0.35*('IMS DATA'!C46+'IMS DATA'!C47+'IMS DATA'!C58+'IMS DATA'!C48) -> 48073.746 | D9: ='IMS DATA'!D42+'IMS DATA'!D43+'IMS DATA'!D44+'IMS DATA'!D45+'IMS DATA'!D50+0.35*('IMS DATA'!D46+'IMS DATA'!D47+'IMS DATA'!D58+'IMS DATA'!D48) -> 61664.719 | E9: ='IMS DATA'!E42+'IMS DATA'!E43+'IMS DATA'!E44+'IMS DATA'!E45+'IMS DATA'!E50+0.35*('IMS DATA'!E46+'IMS DATA'!E47+'IMS DATA'!E58+'IMS DATA'!E48) -> 58514.545 | F9: ='IMS DATA'!F42+'IMS DATA'!F43+'IMS DATA'!F44+'IMS DATA'!F45+'IMS DATA'!F50+0.35*('IMS DATA'!F46+'IMS DATA'!F47+'IMS DATA'!F58+'IMS DATA'!F48) -> 61658.524 | G9: ='IMS DATA'!G42+'IMS DATA'!G43+'IMS DATA'!G44+'IMS DATA'!G45+'IMS DATA'!G50+0.35*('IMS DATA'!G46+'IMS DATA'!G47+'IMS DATA'!G58+'IMS DATA'!G48) -> 66366.476 | H9: ='IMS DATA'!H42+'IMS DATA'!H43+'IMS DATA'!H44+'IMS DATA'!H45+'IMS DATA'!H50+0.35*('IMS DATA'!H46+'IMS DATA'!H47+'IMS DATA'!H58+'IMS DATA'!H48) -> 56959.187 | I9: ='IMS DATA'!I42+'IMS DATA'!I43+'IMS DATA'!I44+'IMS DATA'!I45+'IMS DATA'!I50+0.35*('IMS DATA'!I46+'IMS DATA'!I47+'IMS DATA'!I58+'IMS DATA'!I48) -> 64286.946 | ... AF9: ='IMS DATA'!AF42+'IMS DATA'!AF43+'IMS DATA'!AF44+'IMS DATA'!AF45+'IMS DATA'!AF50+0.35*('IMS DATA'!AF46+'IMS DATA'!AF47+'IMS DATA'!AF58+'IMS DATA'!AF48) -> 1802439.1
A10: cement mill-2 | B10: ='IMS DATA'!B54+'IMS DATA'!B55+'IMS DATA'!B56+'IMS DATA'!B57+'IMS DATA'!B60+0.35*('IMS DATA'!B46+'IMS DATA'!B47+'IMS DATA'!B48+'IMS DATA'!B58) -> 50505.563 | C10: ='IMS DATA'!C54+'IMS DATA'!C55+'IMS DATA'!C56+'IMS DATA'!C57+'IMS DATA'!C60+0.35*('IMS DATA'!C46+'IMS DATA'!C47+'IMS DATA'!C48+'IMS DATA'!C58) -> 42800.857 | D10: ='IMS DATA'!D54+'IMS DATA'!D55+'IMS DATA'!D56+'IMS DATA'!D57+'IMS DATA'!D60+0.35*('IMS DATA'!D46+'IMS DATA'!D47+'IMS DATA'!D48+'IMS DATA'!D58) -> 51942.689 | E10: ='IMS DATA'!E54+'IMS DATA'!E55+'IMS DATA'!E56+'IMS DATA'!E57+'IMS DATA'!E60+0.35*('IMS DATA'!E46+'IMS DATA'!E47+'IMS DATA'!E48+'IMS DATA'!E58) -> 45379.185 | F10: ='IMS DATA'!F54+'IMS DATA'!F55+'IMS DATA'!F56+'IMS DATA'!F57+'IMS DATA'!F60+0.35*('IMS DATA'!F46+'IMS DATA'!F47+'IMS DATA'!F48+'IMS DATA'!F58) -> 34290.834 | G10: ='IMS DATA'!G54+'IMS DATA'!G55+'IMS DATA'!G56+'IMS DATA'!G57+'IMS DATA'!G60+0.35*('IMS DATA'!G46+'IMS DATA'!G47+'IMS DATA'!G48+'IMS DATA'!G58) -> 28501.867 | H10: ='IMS DATA'!H54+'IMS DATA'!H55+'IMS DATA'!H56+'IMS DATA'!H57+'IMS DATA'!H60+0.35*('IMS DATA'!H46+'IMS DATA'!H47+'IMS DATA'!H48+'IMS DATA'!H58) -> 3328.907 | I10: ='IMS DATA'!I54+'IMS DATA'!I55+'IMS DATA'!I56+'IMS DATA'!I57+'IMS DATA'!I60+0.35*('IMS DATA'!I46+'IMS DATA'!I47+'IMS DATA'!I48+'IMS DATA'!I58) -> 3059.656 | ... AF10: ='IMS DATA'!AF54+'IMS DATA'!AF55+'IMS DATA'!AF56+'IMS DATA'!AF57+'IMS DATA'!AF60+0.35*('IMS DATA'!AF46+'IMS DATA'!AF47+'IMS DATA'!AF48+'IMS DATA'!AF58) -> 1291642.5
A11: packing plant-1 | B11: ='IMS DATA'!B64-'IMS DATA'!B65+0.15*('IMS DATA'!B46+'IMS DATA'!B47+'IMS DATA'!B48+'IMS DATA'!B58) -> 3094.887 | C11: ='IMS DATA'!C64-'IMS DATA'!C65+0.15*('IMS DATA'!C46+'IMS DATA'!C47+'IMS DATA'!C48+'IMS DATA'!C58) -> 2615.8185 | D11: ='IMS DATA'!D64-'IMS DATA'!D65+0.15*('IMS DATA'!D46+'IMS DATA'!D47+'IMS DATA'!D48+'IMS DATA'!D58) -> 2805.4765 | E11: ='IMS DATA'!E64-'IMS DATA'!E65+0.15*('IMS DATA'!E46+'IMS DATA'!E47+'IMS DATA'!E48+'IMS DATA'!E58) -> 3160.0695 | F11: ='IMS DATA'!F64-'IMS DATA'!F65+0.15*('IMS DATA'!F46+'IMS DATA'!F47+'IMS DATA'!F48+'IMS DATA'!F58) -> 3015.456 | G11: ='IMS DATA'!G64-'IMS DATA'!G65+0.15*('IMS DATA'!G46+'IMS DATA'!G47+'IMS DATA'!G48+'IMS DATA'!G58) -> 3267.5185 | H11: ='IMS DATA'!H64-'IMS DATA'!H65+0.15*('IMS DATA'!H46+'IMS DATA'!H47+'IMS DATA'!H48+'IMS DATA'!H58) -> 3275.223 | I11: ='IMS DATA'!I64-'IMS DATA'!I65+0.15*('IMS DATA'!I46+'IMS DATA'!I47+'IMS DATA'!I48+'IMS DATA'!I58) -> 2952.044 | ... AF11: ='IMS DATA'!AF64-'IMS DATA'!AF65+0.15*('IMS DATA'!AF46+'IMS DATA'!AF47+'IMS DATA'!AF48+'IMS DATA'!AF58) -> 92173.861
A12: packing plant-2 | B12: ='IMS DATA'!B67-'IMS DATA'!B68+0.15*('IMS DATA'!B46+'IMS DATA'!B47+'IMS DATA'!B48+'IMS DATA'!B58) -> 2789.527 | C12: ='IMS DATA'!C67-'IMS DATA'!C68+0.15*('IMS DATA'!C46+'IMS DATA'!C47+'IMS DATA'!C48+'IMS DATA'!C58) -> 3040.9385 | D12: ='IMS DATA'!D67-'IMS DATA'!D68+0.15*('IMS DATA'!D46+'IMS DATA'!D47+'IMS DATA'!D48+'IMS DATA'!D58) -> 2923.8665 | E12: ='IMS DATA'!E67-'IMS DATA'!E68+0.15*('IMS DATA'!E46+'IMS DATA'!E47+'IMS DATA'!E48+'IMS DATA'!E58) -> 3082.0795 | F12: ='IMS DATA'!F67-'IMS DATA'!F68+0.15*('IMS DATA'!F46+'IMS DATA'!F47+'IMS DATA'!F48+'IMS DATA'!F58) -> 3037.786 | G12: ='IMS DATA'!G67-'IMS DATA'!G68+0.15*('IMS DATA'!G46+'IMS DATA'!G47+'IMS DATA'!G48+'IMS DATA'!G58) -> 2899.2285 | H12: ='IMS DATA'!H67-'IMS DATA'!H68+0.15*('IMS DATA'!H46+'IMS DATA'!H47+'IMS DATA'!H48+'IMS DATA'!H58) -> 2825.103 | I12: ='IMS DATA'!I67-'IMS DATA'!I68+0.15*('IMS DATA'!I46+'IMS DATA'!I47+'IMS DATA'!I48+'IMS DATA'!I58) -> 2622.424 | ... AF12: ='IMS DATA'!AF67-'IMS DATA'!AF68+0.15*('IMS DATA'!AF46+'IMS DATA'!AF47+'IMS DATA'!AF48+'IMS DATA'!AF58) -> 107793.64
A13: utilities | B13: ='IMS DATA'!B6+'IMS DATA'!B7+'IMS DATA'!B16+'IMS DATA'!B26+'IMS DATA'!B27+'IMS DATA'!B28+'IMS DATA'!B38+'IMS DATA'!B39+'IMS DATA'!B59+'IMS DATA'!B62+'IMS DATA'!B65+'IMS DATA'!B78+'IMS DATA'!B25 -> 2980.8 | C13: ='IMS DATA'!C6+'IMS DATA'!C7+'IMS DATA'!C16+'IMS DATA'!C26+'IMS DATA'!C27+'IMS DATA'!C28+'IMS DATA'!C38+'IMS DATA'!C39+'IMS DATA'!C59+'IMS DATA'!C62+'IMS DATA'!C65+'IMS DATA'!C78+'IMS DATA'!C25 -> 3786.89 | D13: ='IMS DATA'!D6+'IMS DATA'!D7+'IMS DATA'!D16+'IMS DATA'!D26+'IMS DATA'!D27+'IMS DATA'!D28+'IMS DATA'!D38+'IMS DATA'!D39+'IMS DATA'!D59+'IMS DATA'!D62+'IMS DATA'!D65+'IMS DATA'!D78+'IMS DATA'!D25 -> 3372.06 | E13: ='IMS DATA'!E6+'IMS DATA'!E7+'IMS DATA'!E16+'IMS DATA'!E26+'IMS DATA'!E27+'IMS DATA'!E28+'IMS DATA'!E38+'IMS DATA'!E39+'IMS DATA'!E59+'IMS DATA'!E62+'IMS DATA'!E65+'IMS DATA'!E78+'IMS DATA'!E25 -> 3036.08 | F13: ='IMS DATA'!F6+'IMS DATA'!F7+'IMS DATA'!F16+'IMS DATA'!F26+'IMS DATA'!F27+'IMS DATA'!F28+'IMS DATA'!F38+'IMS DATA'!F39+'IMS DATA'!F59+'IMS DATA'!F62+'IMS DATA'!F65+'IMS DATA'!F78+'IMS DATA'!F25 -> 2927.65 | G13: ='IMS DATA'!G6+'IMS DATA'!G7+'IMS DATA'!G16+'IMS DATA'!G26+'IMS DATA'!G27+'IMS DATA'!G28+'IMS DATA'!G38+'IMS DATA'!G39+'IMS DATA'!G59+'IMS DATA'!G62+'IMS DATA'!G65+'IMS DATA'!G78+'IMS DATA'!G25 -> 2784.64 | H13: ='IMS DATA'!H6+'IMS DATA'!H7+'IMS DATA'!H16+'IMS DATA'!H26+'IMS DATA'!H27+'IMS DATA'!H28+'IMS DATA'!H38+'IMS DATA'!H39+'IMS DATA'!H59+'IMS DATA'!H62+'IMS DATA'!H65+'IMS DATA'!H78+'IMS DATA'!H25 -> 2896.99 | I13: ='IMS DATA'!I6+'IMS DATA'!I7+'IMS DATA'!I16+'IMS DATA'!I26+'IMS DATA'!I27+'IMS DATA'!I28+'IMS DATA'!I38+'IMS DATA'!I39+'IMS DATA'!I59+'IMS DATA'!I62+'IMS DATA'!I65+'IMS DATA'!I78+'IMS DATA'!I25 -> 3193.81 | ... AF13: ='IMS DATA'!AF6+'IMS DATA'!AF7+'IMS DATA'!AF16+'IMS DATA'!AF26+'IMS DATA'!AF27+'IMS DATA'!AF28+'IMS DATA'!AF38+'IMS DATA'!AF39+'IMS DATA'!AF59+'IMS DATA'!AF62+'IMS DATA'!AF65+'IMS DATA'!AF78+'IMS DATA'!AF25 -> 86679.07
A14: Colony | B14: ='IMS DATA'!B4+'IMS DATA'!B71 -> 1132.09 | C14: ='IMS DATA'!C4+'IMS DATA'!C71 -> 1183.79 | D14: ='IMS DATA'!D4+'IMS DATA'!D71 -> 1291.64 | E14: ='IMS DATA'!E4+'IMS DATA'!E71 -> 1926.18 | F14: ='IMS DATA'!F4+'IMS DATA'!F71 -> 2024.42 | G14: ='IMS DATA'!G4+'IMS DATA'!G71 -> 1897.52 | H14: ='IMS DATA'!H4+'IMS DATA'!H71 -> 1325.36 | I14: ='IMS DATA'!I4+'IMS DATA'!I71 -> 1355.62 | ... AF14: ='IMS DATA'!AF4+'IMS DATA'!AF71 -> 36952.53
A15: Total power consumption | B15: =SUM(B4:B14) -> 240235.08 | C15: =SUM(C4:C14) -> 209263.42 | D15: =SUM(D4:D14) -> 241683.98 | E15: =SUM(E4:E14) -> 259455.93 | F15: =SUM(F4:F14) -> 233787.99 | G15: =SUM(G4:G14) -> 229150.89 | H15: =SUM(H4:H14) -> 194729.57 | I15: =SUM(I4:I14) -> 200815.64 | ... AF15: =SUM(AF4:AF14) -> 6922789.4
A17: Total losses | B17: =(B2+B3)-B15 -> 2031.92 | C17: =(C2+C3)-C15 -> 1795.58 | D17: =(D2+D3)-D15 -> 2141.02 | E17: =(E2+E3)-E15 -> 2269.07 | F17: =(F2+F3)-F15 -> 2016.01 | G17: =(G2+G3)-G15 -> 1970.11 | H17: =(H2+H3)-H15 -> 1632.43 | I17: =(I2+I3)-I15 -> 1688.36 | ... AF17: =(AF2+AF3)-AF15 -> 59533.603
A18: % of Loss | B18: =B17/B15 -> 0.0084580487 | C18: =C17/C15 -> 0.0085804772 | D18: =D17/D15 -> 0.0088587584 | E18: =E17/E15 -> 0.0087454929 | F18: =F17/F15 -> 0.0086232402 | G18: =G17/G15 -> 0.0085974355 | H18: =H17/H15 -> 0.0083830617 | I18: =I17/I15 -> 0.0084075125 | ... AF18: =AF17/AF15 -> 0.0085996554
A20: CLINKER | B20: =B4+B5+B6+B7+B8+60%*(B13+B17) -> 150321.63 | C20: =C4+C5+C6+C7+C8+60%*(C13+C17) -> 111110.86 | D20: =D4+D5+D6+D7+D8+60%*(D13+D17) -> 120991.38 | E20: =E4+E5+E6+E7+E8+60%*(E13+E17) -> 147540.88 | F20: =F4+F5+F6+F7+F8+60%*(F13+F17) -> 129799.52 | G20: =G4+G5+G6+G7+G8+60%*(G13+G17) -> 126286.49 | H20: =H4+H5+H6+H7+H8+60%*(H13+H17) -> 126836.45 | I20: =I4+I5+I6+I7+I8+60%*(I13+I17) -> 126274.44 | ... AE20: =AE4+AE5+AE6+AE7+AE8+60%*(AE13+AE17) -> 80251.66 | AF20: =AF4+AF5+AF7+AF8+(AF13*60%)+(AF17*60%) -> 3432849
A21: CEMENT | B21: =B9+B10+B11+B12+40%*(B13+B17) -> 90813.278 | C21: =C9+C10+C11+C12+40%*(C13+C17) -> 98764.348 | D21: =D9+D10+D11+D12+40%*(D13+D17) -> 121541.98 | E21: =E9+E10+E11+E12+40%*(E13+E17) -> 112257.94 | F21: =F9+F10+F11+F12+40%*(F13+F17) -> 103980.06 | G21: =G9+G10+G11+G12+40%*(G13+G17) -> 102936.99 | H21: =H9+H10+H11+H12+40%*(H13+H17) -> 68200.188 | I21: =I9+I10+I11+I12+40%*(I13+I17) -> 74873.938 | ... AE21: =AE9+AE10+AE11+AE12+40%*(AE13+AE17) -> 109983.7 | AF21: =AF9+AF10+AF11+AF12+(AF13*40%)+(AF17*40%) -> 3352534.2
A22: colony power | B22: =B14 -> 1132.09 | C22: =C14 -> 1183.79 | D22: =D14 -> 1291.64 | E22: =E14 -> 1926.18 | F22: =F14 -> 2024.42 | G22: =G14 -> 1897.52 | H22: =H14 -> 1325.36 | I22: =I14 -> 1355.62 | ... AF22: =AF14 -> 36952.53
A23: TOTAL UNIT | B23: =SUM(B20:B22) -> 242267 | C23: =SUM(C20:C22) -> 211059 | D23: =SUM(D20:D22) -> 243825 | E23: =SUM(E20:E22) -> 261725 | F23: =SUM(F20:F22) -> 235804 | G23: =SUM(G20:G22) -> 231121 | H23: =SUM(H20:H22) -> 196362 | I23: =SUM(I20:I22) -> 202504 | ... AF23: =SUM(AF20:AF22) -> 6822335.7
A24: TANESCO UNIT | B24: =B3 -> 78705 | C24: =C3 -> 88805 | D24: =D3 -> 108933 | E24: =E3 -> 101851 | F24: =F3 -> 92636 | G24: =G3 -> 91869 | H24: =H3 -> 56422 | I24: =I3 -> 64832 | ... AE24: =AE3 -> 76718 | AF24: =SUM(B24:AC24) -> 2319352
A25: CPP UNIT | B25: =B23-B24 -> 163562 | C25: =C23-C24 -> 122254 | D25: =D23-D24 -> 134892 | E25: =E23-E24 -> 159874 | F25: =F23-F24 -> 143168 | G25: =G23-G24 -> 139252 | H25: =H23-H24 -> 139940 | I25: =I23-I24 -> 137672 | ... AF25: =AF23-AF24 -> 4502983.7
A26: % OF TOTAL UNIT CONSUMED TANESCO | B26: =B24/B23% -> 32.486884 | C26: =C24/C23% -> 42.075912 | D26: =D24/D23% -> 44.676715 | E26: =E24/E23% -> 38.915274 | F26: =F24/F23% -> 39.285169 | G26: =G24/G23% -> 39.749309 | H26: =H24/H23% -> 28.733665 | I26: =I24/I23% -> 32.01517 | ... AF26: =AF24/AF23% -> 33.996451
A27: % OF TOTAL UNIT CONSUMED CPP | B27: =B25/B23% -> 67.513116 | C27: =C25/C23% -> 57.924088 | D27: =D25/D23% -> 55.323285 | E27: =E25/E23% -> 61.084726 | F27: =F25/F23% -> 60.714831 | G27: =G25/G23% -> 60.250691 | H27: =H25/H23% -> 71.266335 | I27: =I25/I23% -> 67.98483 | ... AF27: =AF25/AF23% -> 66.003549
A28: TANESCO UNITS FOR CLINKER | B28: =0 -> 0 | C28: =0 -> 0 | D28: =0 -> 0 | E28: =0 -> 0 | F28: =0 -> 0 | G28: =0 -> 0 | H28: =0 -> 0 | I28: =0 -> 0 | ... AE28: =0 -> 0 | AF28: 0
A29: CPP UNIT FOR CLINKER | B29: =B20 -> 150321.63 | C29: =C20 -> 111110.86 | D29: =D20 -> 120991.38 | E29: =E20 -> 147540.88 | F29: =F20 -> 129799.52 | G29: =G20 -> 126286.49 | H29: =H20 -> 126836.45 | I29: =I20 -> 126274.44 | ... AF29: =AF20 -> 3432849
A30: TANESCO UNITS FOR CEMENT | B30: =B21-B11-B12-6224 -> 78704.864 | C30: =C21-C11-C12-4399-804+900 -> 88804.591 | D30: =D21-D11-D12-6884 -> 108928.64 | E30: =E21-E11-E12-3299-865 -> 101851.79 | F30: =F21-F11-F12-5523-362 -> 92041.822 | G30: =G21-G11-G12-5691 -> 91079.243 | H30: =H21-H11-H12-5678 -> 56421.862 | I30: =I21-I11-I12-4467 -> 64832.47 | J30: =J21-J11-J12-8421 -> 64423.553 | K30: =K21-K11-K12-5041 -> 101239.07 | L30: =L21-L11-L12-8786 -> 107569.76 | M30: =M21-M11-M12-4570 -> 102807.36 | N30: =N21-N11-N12-6381 -> 108307.69 | O30: =O21-O11-O12-4721 -> 100402.38 | P30: =P21-P11-P12-19995 -> 78811.442 | Q30: =Q21-Q11-Q12-51715 -> 65887.667 | R30: =R21-R11-R12-50790 -> 61172.171 | S30: =S21-S11-S12-51234 -> 63284.048 | T30: =T21-T11-T12-57612 -> 61220.494 | U30: =U21-U11-U12-56408 -> 62430.456 | V30: =V21-V11-V12-53706 -> 62287.108 | W30: =W21-W11-W12-58808 -> 63299.692 | X30: =X21-X11-X12-55225 -> 62021.387 | Y30: =Y21-Y11-Y12-56639 -> 63603.175 | Z30: =Z21-Z11-Z12-11877 -> 106251.68 | AA30: =AA21-AA11-AA12-5306 -> 110690.37 | AB30: =AB21-AB11-AB12-8825 -> 93233.989 | AC30: =AC21-AC11-AC12-15782 -> 89316.615 | AD30: =AD21-AD11-AD12-4665 -> 99095.464 | AE30: =AE21-AE11-AE12-26025 -> 76717.812 | AF30: =SUM(B30:AC30) -> 2310925.4
A31: TANESCO UNITS FOR COAL MILL &CRUSHER | B31: 0 | C31: 0 | D31: 0 | E31: 0 | F31: 0 | G31: 0 | H31: 0 | I31: 0 | J31: 0 | K31: 0 | L31: 0 | M31: 0 | N31: 0 | O31: 0 | P31: 0 | Q31: 0 | R31: 0 | S31: 0 | T31: 0 | U31: 0 | V31: 0 | W31: 0 | X31: 0 | Y31: 0 | Z31: 0 | AA31: 0 | AB31: 0 | AC31: 0 | AD31: 0 | AE31: 0 | AF31: =SUM(B31:AC31) -> 0
A32: CPP UNIT FOR CEMENT | B32: =B21-B30 -> 12108.414 | C32: =C21-C30 -> 9959.757 | D32: =D21-D30 -> 12613.343 | E32: =E21-E30 -> 10406.149 | F32: =F21-F30 -> 11938.242 | G32: =G21-G30 -> 11857.747 | H32: =H21-H30 -> 11778.326 | I32: =I21-I30 -> 10041.468 | ... AE32: =AE21-AE30 -> 33265.888 | AF32: =SUM(B32:AC32) -> 819956.54
A33: CPP UNIT FOR COLONY | B33: ='IMS DATA'!B4-1108 -> 24.09 | C33: ='IMS DATA'!C4 -> 1183.79 | D33: ='IMS DATA'!D4 -> 1291.64 | E33: ='IMS DATA'!E4 -> 1926.18 | F33: ='IMS DATA'!F4 -> 2024.42 | G33: ='IMS DATA'!G4 -> 1897.52 | H33: ='IMS DATA'!H4 -> 1325.36 | I33: ='IMS DATA'!I4 -> 1355.62 | J33: ='IMS DATA'!J4 -> 1285.42 | ... AF33: ='IMS DATA'!AF4 -> 36952.53
A34: TANESCO UNIT FOR COLONY | B34: ='IMS DATA'!B71+1108 -> 1108 | C34: ='IMS DATA'!C71 -> 0 | D34: ='IMS DATA'!D71 -> 0 | E34: ='IMS DATA'!E71 -> 0 | F34: ='IMS DATA'!F71 -> 0 | G34: ='IMS DATA'!G71 -> 0 | H34: ='IMS DATA'!H71 -> 0 | I34: ='IMS DATA'!I71 -> 0 | J34: ='IMS DATA'!J71 -> 0 | ... AF34: ='IMS DATA'!AF71 -> 0
AD35: =AD30-AD24 -> 0.4636 | AE35: =AE30-AE24 -> -0.1876

Sheet Sheet4

Sheet Energy Readings
A1: Section. | B1: 31-May reading | C1: 01-June Reading | D1: 01-June Reading | E1: 2-June Reading | F1: 02-june Consumption | G1: 03-june Reading | H1: 03-june Consumption | I1: 04-june Reading | J1: 04-june Consumption | K1: 05-june Reading | L1: 05-june Consumption | M1: 06-june Reading | N1: 06-june Consumption | O1: 07-june Reading | P1: 07-june Consumption | Q1: 08-june Reading | R1: 08-june Consumption | S1: 09-june Reading | T1: 09-june Consumption | U1: 10-june Reading | V1: 10-june Consumption | W1: 11-june Reading | X1: 11-june Consumption | Y1: 12-june Reading | Z1: 12-june Consumption | AA1: 13-june Reading | AB1: 13-june Consumption | AC1: 14-june Reading | AD1: 14-june Consumption | AE1: 15-june Reading | AF1: 15-june Consumption | AG1: 16-june Reading | AH1: 16-june Consumption | AI1: 17-june Reading | AJ1: 17-june Consumption | AK1: 18-june Reading | AL1: 18-june Consumption | AM1: 19-june Reading | AN1: 19-june Consumption | AO1: 20-june Reading | AP1: 20-june Consumption | AQ1: 21-june Reading | AR1: 21-june Consumption | AS1: 22-june Reading | AT1: 22-june Consumption | AU1: 23-june Reading | AV1: 23-june Consumption | AW1: 24-june Reading | AX1: 24-june Consumption | AY1: 25-june Reading | AZ1: 25-june Consumption | BA1: 26-june Reading | BB1: 26-june Consumption | BC1: 27-june Reading | BD1: 27-june Consumption | BE1: 28-june Reading | BF1: 28-june Consumption | BG1: 29-june Reading | BH1: 29-june Consumption | BI1: 30-june Reading | BJ1: 30-june Consumption
A2: 211IC1 | B2: 196722.25 | C2: 196942.28 | D2: =C2-B2 -> 220.03 | E2: 197155.59 | F2: =E2-C2 -> 213.31 | G2: 197383.06 | H2: =G2-E2 -> 227.47 | I2: 197545.26 | J2: =I2-G2 -> 162.2 | K2: 197787.22 | L2: =K2-I2 -> 241.96 | M2: 198073.58 | N2: =M2-K2 -> 286.36 | O2: 198321.23 | P2: =O2-M2 -> 247.65 | Q2: 198631.63 | R2: =Q2-O2 -> 310.4 | S2: 198868.24 | T2: =S2-Q2 -> 236.61 | U2: 199146.37 | V2: =U2-S2 -> 278.13 | W2: 199389.86 | X2: =W2-U2 -> 243.49 | Y2: 199707.76 | Z2: =Y2-W2 -> 317.896 | AA2: 199952.88 | AB2: =AA2-Y2 -> 245.124 | AC2: 200149.22 | AD2: =AC2-AA2 -> 196.34 | AE2: 200357.44 | AF2: =AE2-AC2 -> 208.22 | AG2: 200585.2 | AH2: =AG2-AE2 -> 227.76 | AI2: 200795.18 | AJ2: =AI2-AG2 -> 209.98 | AK2: 200986.9 | AL2: =AK2-AI2 -> 191.72 | AM2: 201284.06 | AN2: =AM2-AK2 -> 297.16 | AO2: 201461.25 | AP2: =AO2-AM2 -> 177.19 | AQ2: 201778.63 | AR2: =AQ2-AO2 -> 317.38 | AS2: 202083.11 | AT2: =AS2-AQ2 -> 304.48 | AU2: 202379.8 | AV2: =AU2-AS2 -> 296.69 | AW2: 202593.6 | AX2: =AW2-AU2 -> 213.8 | AY2: 202787.06 | AZ2: =AY2-AW2 -> 193.46 | BA2: 202988.56 | BB2: =BA2-AY2 -> 201.5 | BC2: 203185.33 | BD2: =BC2-BA2 -> 196.77 | BE2: 203465.35 | BF2: =BE2-BC2 -> 280.02 | BG2: 203718.06 | BH2: =BG2-BE2 -> 252.71 | BI2: 203982.14 | BJ2: =BI2-BG2 -> 264.08
A3: CRUSHER AUXILIRIES(IPMCC-1)-TR3 | B3: 854.54968 | C3: 857.304 | D3: =(C3-B3)*1000 -> 2754.32 | E3: 859.86232 | F3: =(E3-C3)*1000 -> 2558.32 | G3: 862.54512 | H3: =(G3-E3)*1000 -> 2682.8 | I3: 865.41624 | J3: =(I3-G3)*1000 -> 2871.12 | K3: 868.79432 | L3: =(K3-I3)*1000 -> 3378.08 | M3: 871.96 | N3: =(M3-K3)*1000 -> 3165.68 | O3: 874.40504 | P3: =(O3-M3)*1000 -> 2445.04 | Q3: 877.0836 | R3: =(Q3-O3)*1000 -> 2678.56 | S3: 879.56944 | T3: =(S3-Q3)*1000 -> 2485.84 | U3: 882.2264 | V3: =(U3-S3)*1000 -> 2656.96 | W3: 884.79298 | X3: =(W3-U3)*1000 -> 2566.58 | Y3: 888.04648 | Z3: =(Y3-W3)*1000 -> 3253.5 | AA3: 891.4708 | AB3: =(AA3-Y3)*1000 -> 3424.32 | AC3: 895.16112 | AD3: =(AC3-AA3)*1000 -> 3690.32 | AE3: 898.29388 | AF3: =(AE3-AC3)*1000 -> 3132.76 | AG3: 900.72696 | AH3: =(AG3-AE3)*1000 -> 2433.08 | AI3: 903.09408 | AJ3: =(AI3-AG3)*1000 -> 2367.12 | AK3: 905.45664 | AL3: =(AK3-AI3)*1000 -> 2362.56 | AM3: 908.12512 | AN3: =(AM3-AK3)*1000 -> 2668.48 | AO3: 910.08688 | AP3: =(AO3-AM3)*1000 -> 1961.76 | AQ3: 912.6428 | AR3: =(AQ3-AO3)*1000 -> 2555.92 | AS3: 915.07432 | AT3: =(AS3-AQ3)*1000 -> 2431.52 | AU3: 917.55752 | AV3: =(AU3-AS3)*1000 -> 2483.2 | AW3: 919.82388 | AX3: =(AW3-AU3)*1000 -> 2266.36 | AY3: 922.16189 | AZ3: =(AY3-AW3)*1000 -> 2338.01 | BA3: 924.48768 | BB3: =(BA3-AY3)*1000 -> 2325.79 | BC3: 926.77752 | BD3: =(BC3-BA3)*1000 -> 2289.84 | BE3: 929.28304 | BF3: =(BE3-BC3)*1000 -> 2505.52 | BG3: 931.9464 | BH3: =(BG3-BE3)*1000 -> 2663.36 | BI3: 934.47664 | BJ3: =(BI3-BG3)*1000 -> 2530.24
A4: COLONY (TENESCO from LC-1) | B4: 2934393.3 | C4: 2935525.4 | D4: =C4-B4 -> 1132.09 | E4: 2936709.2 | F4: =E4-C4 -> 1183.79 | G4: 2938000.8 | H4: =G4-E4 -> 1291.64 | I4: 2939927 | J4: =I4-G4 -> 1926.18 | K4: 2941951.4 | L4: =K4-I4 -> 2024.42 | M4: 2943848.9 | N4: =M4-K4 -> 1897.52 | O4: 2945174.3 | P4: =O4-M4 -> 1325.36 | Q4: 2946529.9 | R4: =Q4-O4 -> 1355.62 | S4: 2947815.3 | T4: =S4-Q4 -> 1285.42 | U4: 2949126.5 | V4: =U4-S4 -> 1311.19 | W4: 2950321 | X4: =W4-U4 -> 1194.49 | Y4: 2951526.5 | Z4: =Y4-W4 -> 1205.45 | AA4: 2952538.5 | AB4: =AA4-Y4 -> 1012.02 | AC4: 2953663.7 | AD4: =AC4-AA4 -> 1125.25 | AE4: 2954863.1 | AF4: =AE4-AC4 -> 1199.35 | AG4: 2955921.5 | AH4: =AG4-AE4 -> 1058.4 | AI4: 2957065.2 | AJ4: =AI4-AG4 -> 1143.72 | AK4: 2958185.8 | AL4: =AK4-AI4 -> 1120.59 | AM4: 2959343.4 | AN4: =AM4-AK4 -> 1157.65 | AO4: 2960343.2 | AP4: =AO4-AM4 -> 999.73 | AQ4: 2961366.5 | AR4: =AQ4-AO4 -> 1023.35 | AS4: 2962346.6 | AT4: =AS4-AQ4 -> 980.12 | AU4: 2963370.1 | AV4: =AU4-AS4 -> 1023.46 | AW4: 2964507.2 | AX4: =AW4-AU4 -> 1137.15 | AY4: 2965647 | AZ4: =AY4-AW4 -> 1139.72 | BA4: 2966797.9 | BB4: =BA4-AY4 -> 1150.96 | BC4: 2967910.4 | BD4: =BC4-BA4 -> 1112.48 | BE4: 2968999.3 | BF4: =BE4-BC4 -> 1088.88 | BG4: 2970135.2 | BH4: =BG4-BE4 -> 1135.89 | BI4: 2971345.8 | BJ4: =BI4-BG4 -> 1210.64 | BO4: junech
A5: STACKER(IMCC1) | B5: 709935.3 | C5: 710165.69 | D5: =C5-B5 -> 230.39 | E5: 710377.45 | F5: =E5-C5 -> 211.76 | G5: 710611.74 | H5: =G5-E5 -> 234.29 | I5: 710740.33 | J5: =I5-G5 -> 128.59 | K5: 710996.4 | L5: =K5-I5 -> 256.07 | M5: 711257.27 | N5: =M5-K5 -> 260.87 | O5: 711419.57 | P5: =O5-M5 -> 162.3 | Q5: 711663.76 | R5: =Q5-O5 -> 244.19 | S5: 711908.97 | T5: =S5-Q5 -> 245.21 | U5: 712161.8 | V5: =U5-S5 -> 252.83 | W5: 712400.52 | X5: =W5-U5 -> 238.72 | Y5: 712626.23 | Z5: =Y5-W5 -> 225.71 | AA5: 712811.96 | AB5: =AA5-Y5 -> 185.73 | AC5: 713028.68 | AD5: =AC5-AA5 -> 216.72 | AE5: 713259.2 | AF5: =AE5-AC5 -> 230.52 | AG5: 713476.58 | AH5: =AG5-AE5 -> 217.38 | AI5: 713652.89 | AJ5: =AI5-AG5 -> 176.31 | AK5: 713828.34 | AL5: =AK5-AI5 -> 175.45 | AM5: 714071.58 | AN5: =AM5-AK5 -> 243.24 | AO5: 714209.73 | AP5: =AO5-AM5 -> 138.15 | AQ5: 714463.13 | AR5: =AQ5-AO5 -> 253.4 | AS5: 714682.61 | AT5: =AS5-AQ5 -> 219.48 | AU5: 714928.81 | AV5: =AU5-AS5 -> 246.2 | AW5: 715058.29 | AX5: =AW5-AU5 -> 129.48 | AY5: 715221.37 | AZ5: =AY5-AW5 -> 163.08 | BA5: 715428.27 | BB5: =BA5-AY5 -> 206.9 | BC5: 715612.38 | BD5: =BC5-BA5 -> 184.11 | BE5: 715790.32 | BF5: =BE5-BC5 -> 177.94 | BG5: 716016.38 | BH5: =BG5-BE5 -> 226.06 | BI5: 716220.46 | BJ5: =BI5-BG5 -> 204.08
A6: LC-1 LIGHTING | B6: 811788.14 | C6: 811823.61 | D6: =C6-B6 -> 35.47 | E6: 811867.43 | F6: =E6-C6 -> 43.82 | G6: 811906.05 | H6: =G6-E6 -> 38.62 | I6: 811945.81 | J6: =I6-G6 -> 39.76 | K6: 811985.24 | L6: =K6-I6 -> 39.43 | M6: 812025.49 | N6: =M6-K6 -> 40.25 | O6: 812062.64 | P6: =O6-M6 -> 37.15 | Q6: 812102.74 | R6: =Q6-O6 -> 40.1 | S6: 812141.29 | T6: =S6-Q6 -> 38.55 | U6: 812180.58 | V6: =U6-S6 -> 39.29 | W6: 812219.84 | X6: =W6-U6 -> 39.26 | Y6: 812259.49 | Z6: =Y6-W6 -> 39.65 | AA6: 812296.98 | AB6: =AA6-Y6 -> 37.49 | AC6: 812337.68 | AD6: =AC6-AA6 -> 40.7 | AE6: 812376.11 | AF6: =AE6-AC6 -> 38.43 | AG6: 812415.9 | AH6: =AG6-AE6 -> 39.79 | AI6: 812456.52 | AJ6: =AI6-AG6 -> 40.62 | AK6: 812495.42 | AL6: =AK6-AI6 -> 38.9 | AM6: 812537.52 | AN6: =AM6-AK6 -> 42.1 | AO6: 812577.38 | AP6: =AO6-AM6 -> 39.86 | AQ6: 812614.47 | AR6: =AQ6-AO6 -> 37.09 | AS6: 812651.26 | AT6: =AS6-AQ6 -> 36.79 | AU6: 812690.83 | AV6: =AU6-AS6 -> 39.57 | AW6: 812728.6 | AX6: =AW6-AU6 -> 37.77 | AY6: 812765.76 | AZ6: =AY6-AW6 -> 37.16 | BA6: 812802.93 | BB6: =BA6-AY6 -> 37.17 | BC6: 812839.87 | BD6: =BC6-BA6 -> 36.94 | BE6: 812876.41 | BF6: =BE6-BC6 -> 36.54 | BG6: 812934.41 | BH6: =BG6-BE6 -> 58 | BI6: 812947.84 | BJ6: =BI6-BG6 -> 13.43
A7: Welding DB + A/C | B7: 387106.22 | C7: 387113.64 | D7: =C7-B7 -> 7.42 | E7: 387115.79 | F7: =E7-C7 -> 2.15 | G7: 387117.89 | H7: =G7-E7 -> 2.1 | I7: 387128.95 | J7: =I7-G7 -> 11.06 | K7: 387131.08 | L7: =K7-I7 -> 2.13 | M7: 387133.22 | N7: =M7-K7 -> 2.14 | O7: 387183.61 | P7: =O7-M7 -> 50.39 | Q7: 387183.61 | R7: =Q7-O7 -> 0 | S7: 387189.49 | T7: =S7-Q7 -> 5.88 | U7: 387189.6 | V7: =U7-S7 -> 0.11 | W7: 387189.6 | X7: =W7-U7 -> 0 | Y7: 387154.64 | Z7: 0 | AA7: 387156.72 | AB7: =AA7-Y7 -> 2.08 | AC7: 387158.88 | AD7: =AC7-AA7 -> 2.16 | AE7: 387160.97 | AF7: =AE7-AC7 -> 2.09 | AG7: 387163.05 | AH7: =AG7-AE7 -> 2.08 | AI7: 387165 | AJ7: =AI7-AG7 -> 1.95 | AK7: 387167 | AL7: =AK7-AI7 -> 2 | AM7: 387169.7 | AN7: =AM7-AK7 -> 2.7 | AO7: 387171.81 | AP7: =AO7-AM7 -> 2.11 | AQ7: 387173.93 | AR7: =AQ7-AO7 -> 2.12 | AS7: 387176.01 | AT7: =AS7-AQ7 -> 2.08 | AU7: 387178.6 | AV7: =AU7-AS7 -> 2.59 | AW7: 387181.03 | AX7: =AW7-AU7 -> 2.43 | AY7: 387183.46 | AZ7: =AY7-AW7 -> 2.43 | BA7: 387185.92 | BB7: =BA7-AY7 -> 2.46 | BC7: 387190.13 | BD7: =BC7-BA7 -> 4.21 | BE7: 387192.24 | BF7: =BE7-BC7 -> 2.11 | BG7: 387194.34 | BH7: =BG7-BE7 -> 2.1 | BI7: 387196.41 | BJ7: =BI7-BG7 -> 2.07
A8: Rawmill | C8: 0 | E8: 0 | G8: 0 | I8: 0 | K8: 0 | M8: 0 | O8: 0 | Q8: 0 | S8: 0 | U8: 0 | W8: 0 | Y8: 0 | AA8: 0 | AC8: 0 | AE8: 0 | AG8: 0 | AI8: 0 | AK8: 0 | AQ8: 0 | AS8: 0 | AU8: 0 | AW8: 0 | AY8: 0 | BA8: 0 | BC8: 0 | BE8: 0 | BG8: 0 | BI8: 0
A9: 321RM1 | B9: 8745.2792 | C9: 8773.3544 | D9: =(C9-B9)*1000 -> 28075.2 | E9: 8784.4528 | F9: =(E9-C9)*1000 -> 11098.4 | G9: 8807.0232 | H9: =(G9-E9)*1000 -> 22570.4 | I9: 8835.1072 | J9: =(I9-G9)*1000 -> 28084 | K9: 8854.9376 | L9: =(K9-I9)*1000 -> 19830.4 | M9: 8874.8184 | N9: =(M9-K9)*1000 -> 19880.8 | O9: 8895.3136 | P9: =(O9-M9)*1000 -> 20495.2 | Q9: 8915.4216 | R9: =(Q9-O9)*1000 -> 20108 | S9: 8937.192 | T9: =(S9-Q9)*1000 -> 21770.4 | U9: 8960.6832 | V9: =(U9-S9)*1000 -> 23491.2 | W9: 8981.4896 | X9: =(W9-U9)*1000 -> 20806.4 | Y9: 9001.7424 | Z9: =(Y9-W9)*1000 -> 20252.8 | AA9: 9017.5792 | AB9: =(AA9-Y9)*1000 -> 15836.8 | AC9: 9036.8584 | AD9: =(AC9-AA9)*1000 -> 19279.2 | AE9: 9062.2816 | AF9: =(AE9-AC9)*1000 -> 25423.2 | AG9: 9089.4152 | AH9: =(AG9-AE9)*1000 -> 27133.6 | AI9: 9106.364 | AJ9: =(AI9-AG9)*1000 -> 16948.8 | AK9: 9130.4 | AL9: =(AK9-AI9)*1000 -> 24036 | AM9: 9153.7576 | AN9: =(AM9-AK9)*1000 -> 23357.6 | AO9: 9172.5192 | AP9: =(AO9-AM9)*1000 -> 18761.6 | AQ9: 9191.4648 | AR9: =(AQ9-AO9)*1000 -> 18945.6 | AS9: 9209.0592 | AT9: =(AS9-AQ9)*1000 -> 17594.4 | AU9: 9209.0592 | AV9: =(AU9-AS9)*1000 -> 0 | AW9: 9222.1198 | AX9: =(AW9-AU9)*1000 -> 13060.6 | AY9: 9246.8424 | AZ9: =(AY9-AW9)*1000 -> 24722.6 | BA9: 9272.168 | BB9: =(BA9-AY9)*1000 -> 25325.6 | BC9: 9294.6816 | BD9: =(BC9-BA9)*1000 -> 22513.6 | BE9: 9316.5944 | BF9: =(BE9-BC9)*1000 -> 21912.8 | BG9: 9344.7504 | BH9: =(BG9-BE9)*1000 -> 28156 | BI9: 9358.5008 | BJ9: =(BI9-BG9)*1000 -> 13750.4
A10: 321FN3 RM FAN | B10: 8998.076 | C10: 9026.1904 | D10: =(C10-B10)*1000 -> 28114.4 | E10: 9038.216 | F10: =(E10-C10)*1000 -> 12025.6 | G10: 9059.8536 | H10: =(G10-E10)*1000 -> 21637.6 | I10: 9088.0504 | J10: =(I10-G10)*1000 -> 28196.8 | K10: 9107.804 | L10: =(K10-I10)*1000 -> 19753.6 | M10: 9129.88 | N10: =(M10-K10)*1000 -> 22076 | O10: 9153.7704 | P10: =(O10-M10)*1000 -> 23890.4 | Q10: 9177.9896 | R10: =(Q10-O10)*1000 -> 24219.2 | S10: 9202.176 | T10: =(S10-Q10)*1000 -> 24186.4 | U10: 9228.5088 | V10: =(U10-S10)*1000 -> 26332.8 | W10: 9252.224 | X10: =(W10-U10)*1000 -> 23715.2 | Y10: 9274.5788 | Z10: =(Y10-W10)*1000 -> 22354.8 | AA10: 9292.8144 | AB10: =(AA10-Y10)*1000 -> 18235.6 | AC10: 9314.7336 | AD10: =(AC10-AA10)*1000 -> 21919.2 | AE10: 9340.8328 | AF10: =(AE10-AC10)*1000 -> 26099.2 | AG10: 9368.5624 | AH10: =(AG10-AE10)*1000 -> 27729.6 | AI10: 9388.376 | AJ10: =(AI10-AG10)*1000 -> 19813.6 | AK10: 9411.884 | AL10: =(AK10-AI10)*1000 -> 23508 | AM10: 9435.2088 | AN10: =(AM10-AK10)*1000 -> 23324.8 | AO10: 9453.7484 | AP10: =(AO10-AM10)*1000 -> 18539.6 | AQ10: 9474.3304 | AR10: =(AQ10-AO10)*1000 -> 20582 | AS10: 9492.8776 | AT10: =(AS10-AQ10)*1000 -> 18547.2 | AU10: 9493.3176 | AV10: =(AU10-AS10)*1000 -> 440 | AW10: 9507.6112 | AX10: =(AW10-AU10)*1000 -> 14293.6 | AY10: 26928.57 | AZ10: =(AY10-AW10) -> 17420.959 | BA10: 53864.064 | BB10: =(BA10-AY10) -> 26935.494 | BC10: 78455.544 | BD10: =(BC10-BA10) -> 24591.48 | BE10: 102246.86 | BF10: =(BE10-BC10) -> 23791.316 | BG10: 129588.27 | BH10: =(BG10-BE10) -> 27341.41 | BI10: 142544.25 | BJ10: =(BI10-BG10) -> 12955.98
A11: IMCC-3 | B11: 21747876 | C11: 21752820 | D11: =C11-B11 -> 4943.54 | E11: 21758228 | F11: =E11-C11 -> 5407.65 | G11: 21763834 | H11: =G11-E11 -> 5606.79 | I11: 21769956 | J11: =I11-G11 -> 6121.3 | K11: 21775438 | L11: =K11-I11 -> 5482.02 | M11: 21780696 | N11: =M11-K11 -> 5258.19 | O11: 21786378 | P11: =O11-M11 -> 5682.45 | Q11: 21792086 | R11: =Q11-O11 -> 5708.18 | S11: 21797887 | T11: =S11-Q11 -> 5800.64 | U11: 21804190 | V11: =U11-S11 -> 6303.3 | W11: 21810813 | X11: =W11-U11 -> 6622.78 | Y11: 21816930 | Z11: =Y11-W11 -> 6117.27 | AA11: 21822061 | AB11: =AA11-Y11 -> 5130.27 | AC11: 21827386 | AD11: =AC11-AA11 -> 5325.16 | AE11: 21833354 | AF11: =AE11-AC11 -> 5968.39 | AG11: 21839219 | AH11: =AG11-AE11 -> 5864.61 | AI11: 21844450 | AJ11: =AI11-AG11 -> 5231.24 | AK11: 21849862 | AL11: =AK11-AI11 -> 5411.64 | AM11: 21855412 | AN11: =AM11-AK11 -> 5550.32 | AO11: 21860685 | AP11: =AO11-AM11 -> 5272.81 | AQ11: 21865903 | AR11: =AQ11-AO11 -> 5217.89 | AS11: 21870863 | AT11: =AS11-AQ11 -> 4960.48 | AU11: 21873693 | AV11: =AU11-AS11 -> 2829.72 | AW11: 21878161 | AX11: =AW11-AU11 -> 4467.68 | AY11: 21884072 | AZ11: =AY11-AW11 -> 5911.61 | BA11: 21890042 | BB11: =BA11-AY11 -> 5970.15 | BC11: 21895758 | BD11: =BC11-BA11 -> 5715.86 | BE11: 21901487 | BF11: =BE11-BC11 -> 5728.47 | BG11: 21907436 | BH11: =BG11-BE11 -> 5949.64 | BI11: 21911618 | BJ11: =BI11-BG11 -> 4181.59
A12: IMCC-2/RECLAIMER | B12: 948706.22 | C12: 950104.06 | D12: =C12-B12 -> 1397.84 | E12: 950660.97 | F12: =E12-C12 -> 556.91 | G12: 951803.13 | H12: =G12-E12 -> 1142.16 | I12: 953183.56 | J12: =I12-G12 -> 1380.43 | K12: 954319.31 | L12: =K12-I12 -> 1135.75 | M12: 955409.32 | N12: =M12-K12 -> 1090.01 | O12: 956703.48 | P12: =O12-M12 -> 1294.16 | Q12: 957972.24 | R12: =Q12-O12 -> 1268.76 | S12: 959282.3 | T12: =S12-Q12 -> 1310.06 | U12: 960693.16 | V12: =U12-S12 -> 1410.86 | W12: 961876.92 | X12: =W12-U12 -> 1183.76 | Y12: 963174.47 | Z12: =Y12-W12 -> 1297.55 | AA12: 964255.67 | AB12: =AA12-Y12 -> 1081.2 | AC12: 965376.45 | AD12: =AC12-AA12 -> 1120.78 | AE12: 966738.28 | AF12: =AE12-AC12 -> 1361.83 | AG12: 968161.77 | AH12: =AG12-AE12 -> 1423.49 | AI12: 969183.96 | AJ12: =AI12-AG12 -> 1022.19 | AK12: 970382.55 | AL12: =AK12-AI12 -> 1198.59 | AM12: 971587.71 | AN12: =AM12-AK12 -> 1205.16 | AO12: 972621.22 | AP12: =AO12-AM12 -> 1033.51 | AQ12: 973589.24 | AR12: =AQ12-AO12 -> 968.02 | AS12: 974508.23 | AT12: =AS12-AQ12 -> 918.99 | AU12: 974711.92 | AV12: =AU12-AS12 -> 203.69 | AW12: 975378.55 | AX12: =AW12-AU12 -> 666.63 | AY12: 976747.22 | AZ12: =AY12-AW12 -> 1368.67 | BA12: 978179.73 | BB12: =BA12-AY12 -> 1432.51 | BC12: 979447.6 | BD12: =BC12-BA12 -> 1267.87 | BE12: 980776.05 | BF12: =BE12-BC12 -> 1328.45 | BG12: 982148.62 | BH12: =BG12-BE12 -> 1372.57 | BI12: 982891.43 | BJ12: =BI12-BG12 -> 742.81
A13: TR-5(IPMCC-2 = BAG HOUSE AUX.- WORKSHOP) | B13: 605.21424 | C13: 608.65684 | D13: =(C13-B13)*1000 -> 3442.6 | E13: 612.0396 | F13: =(E13-C13)*1000 -> 3382.76 | G13: 615.12216 | H13: =(G13-E13)*1000 -> 3082.56 | I13: 618.41756 | J13: =(I13-G13)*1000 -> 3295.4 | K13: 621.8048 | L13: =(K13-I13)*1000 -> 3387.24 | M13: 625.00664 | N13: =(M13-K13)*1000 -> 3201.84 | O13: 627.93404 | P13: =(O13-M13)*1000 -> 2927.4 | Q13: 631.49824 | R13: =(Q13-O13)*1000 -> 3564.2 | S13: 634.95788 | T13: =(S13-Q13)*1000 -> 3459.64 | U13: 638.43096 | V13: =(U13-S13)*1000 -> 3473.08 | W13: 641.77088 | X13: =(W13-U13)*1000 -> 3339.92 | Y13: 645.00644 | Z13: =(Y13-W13)*1000 -> 3235.56 | AA13: 648.22176 | AB13: =(AA13-Y13)*1000 -> 3215.32 | AC13: 651.31864 | AD13: =(AC13-AA13)*1000 -> 3096.88 | AE13: 653.81552 | AF13: =(AE13-AC13)*1000 -> 2496.88 | AG13: 655.51416 | AH13: =(AG13-AE13)*1000 -> 1698.64 | AI13: 657.29908 | AJ13: =(AI13-AG13)*1000 -> 1784.92 | AK13: 659.25536 | AL13: =(AK13-AI13)*1000 -> 1956.28 | AM13: 661.19972 | AN13: =(AM13-AK13)*1000 -> 1944.36 | AO13: 662.98476 | AP13: =(AO13-AM13)*1000 -> 1785.04 | AQ13: 664.72892 | AR13: =(AQ13-AO13)*1000 -> 1744.16 | AS13: 666.53272 | AT13: =(AS13-AQ13)*1000 -> 1803.8 | AU13: 668.30836 | AV13: =(AU13-AS13)*1000 -> 1775.64 | AW13: 670.07472 | AX13: =(AW13-AU13)*1000 -> 1766.36 | AY13: 673.296 | AZ13: =(AY13-AW13)*1000 -> 3221.28 | BA13: 676.78616 | BB13: =(BA13-AY13)*1000 -> 3490.16 | BC13: 680.07768 | BD13: =(BC13-BA13)*1000 -> 3291.52 | BE13: 683.22848 | BF13: =(BE13-BC13)*1000 -> 3150.8 | BG13: 687.09664 | BH13: =(BG13-BE13)*1000 -> 3868.16 | BI13: 688.7756 | BJ13: =(BI13-BG13)*1000 -> 1678.96
A14: 461FN1-TR1 | B14: 568.0164 | C14: 573.0412 | D14: =(C14-B14)*1000 -> 5024.8 | E14: 579.05812 | F14: =(E14-C14)*1000 -> 6016.92 | G14: 583.47684 | H14: =(G14-E14)*1000 -> 4418.72 | I14: 588.24668 | J14: =(I14-G14)*1000 -> 4769.84 | K14: 593.55084 | L14: =(K14-I14)*1000 -> 5304.16 | M14: 598.68648 | N14: =(M14-K14)*1000 -> 5135.64 | O14: 603.88576 | P14: =(O14-M14)*1000 -> 5199.28 | Q14: 609.08744 | R14: =(Q14-O14)*1000 -> 5201.68 | S14: 614.13516 | T14: =(S14-Q14)*1000 -> 5047.72 | U14: 618.84904 | V14: =(U14-S14)*1000 -> 4713.88 | W14: 623.84928 | X14: =(W14-U14)*1000 -> 5000.24 | Y14: 629.12408 | Z14: =(Y14-W14)*1000 -> 5274.8 | AA14: 634.47588 | AB14: =(AA14-Y14)*1000 -> 5351.8 | AC14: 639.561 | AD14: =(AC14-AA14)*1000 -> 5085.12 | AE14: 644.21976 | AF14: =(AE14-AC14)*1000 -> 4658.76 | AG14: 648.82216 | AH14: =(AG14-AE14)*1000 -> 4602.4 | AI14: 654.07984 | AJ14: =(AI14-AG14)*1000 -> 5257.68 | AK14: 658.90628 | AL14: =(AK14-AI14)*1000 -> 4826.44 | AM14: 663.66424 | AN14: =(AM14-AK14)*1000 -> 4757.96 | AO14: 669.10712 | AP14: =(AO14-AM14)*1000 -> 5442.88 | AQ14: 673.11768 | AR14: =(AQ14-AO14)*1000 -> 4010.56 | AS14: 677.64216 | AT14: =(AS14-AQ14)*1000 -> 4524.48 | AU14: 678.68408 | AV14: =(AU14-AS14)*1000 -> 1041.92 | AW14: 681.63536 | AX14: =(AW14-AU14)*1000 -> 2951.28 | AY14: 686.22316 | AZ14: =(AY14-AW14)*1000 -> 4587.8 | BA14: 690.24 | BB14: =(BA14-AY14)*1000 -> 4016.84 | BC14: 694.88704 | BD14: =(BC14-BA14)*1000 -> 4647.04 | BE14: 699.45128 | BF14: =(BE14-BC14)*1000 -> 4564.24 | BG14: 703.89816 | BH14: =(BG14-BE14)*1000 -> 4446.88 | BI14: 706.56688 | BJ14: =(BI14-BG14)*1000 -> 2668.72
A15: COMPRESSOR-1(PCC-1@321CP1) | B15: 5987972.2 | C15: 5992309.6 | D15: =C15-B15 -> 4337.38 | E15: 5996736.2 | F15: =E15-C15 -> 4426.61 | G15: 6001076.3 | H15: =G15-E15 -> 4340.06 | I15: 6005333.2 | J15: =I15-G15 -> 4256.99 | K15: 6009734.7 | L15: =K15-I15 -> 4401.41 | M15: 6014083.6 | N15: =M15-K15 -> 4348.91 | O15: 6018464.8 | P15: =O15-M15 -> 4381.18 | Q15: 6022949.3 | R15: =Q15-O15 -> 4484.56 | S15: 6027260.4 | T15: =S15-Q15 -> 4311.13 | U15: 6031653 | V15: =U15-S15 -> 4392.55 | W15: 6036080.5 | X15: =W15-U15 -> 4427.5 | Y15: 6040411 | Z15: =Y15-W15 -> 4330.52 | AA15: 6044754.3 | AB15: =AA15-Y15 -> 4343.27 | AC15: 6049205.7 | AD15: =AC15-AA15 -> 4451.42 | AE15: 6053568.7 | AF15: =AE15-AC15 -> 4362.98 | AG15: 6057909.5 | AH15: =AG15-AE15 -> 4340.85 | AI15: 6062349.1 | AJ15: =AI15-AG15 -> 4439.61 | AK15: 6066774.8 | AL15: =AK15-AI15 -> 4425.64 | AM15: 6071232.3 | AN15: =AM15-AK15 -> 4457.53 | AO15: 6075623.3 | AP15: =AO15-AM15 -> 4390.97 | AQ15: 6080033.2 | AR15: =AQ15-AO15 -> 4409.91 | AS15: 6084494 | AT15: =AS15-AQ15 -> 4460.79 | AU15: 6089061.4 | AV15: =AU15-AS15 -> 4567.46 | AW15: 6093544.1 | AX15: =AW15-AU15 -> 4482.62 | AY15: 6097964.7 | AZ15: =AY15-AW15 -> 4420.61 | BA15: 6102383.8 | BB15: =BA15-AY15 -> 4419.16 | BC15: 6106838.8 | BD15: =BC15-BA15 -> 4455.01 | BE15: 6111266.7 | BF15: =BE15-BC15 -> 4427.9 | BG15: 6117147 | BH15: =BG15-BE15 -> 5880.21 | BI15: 6119721.7 | BJ15: =BI15-BG15 -> 2574.77
A16: Welding DB + A/C | C16: 0 | D16: 162 | E16: 0 | F16: 124 | G16: 0 | H16: 162 | I16: 0 | J16: 142 | K16: 0 | L16: 121 | M16: 0 | N16: 121 | O16: 0 | P16: 142 | Q16: 0 | R16: 142 | S16: 0 | T16: 121 | U16: 0 | V16: 121 | W16: 0 | X16: 121 | Y16: 0 | Z16: 121 | AA16: 0 | AB16: 121 | AC16: 0 | AD16: 121 | AE16: 0 | AF16: 121 | AG16: 0 | AH16: 121 | AI16: 0 | AJ16: 121 | AK16: 0 | AL16: 121 | AM16: 0 | AN16: 121 | AO16: 0 | AP16: 121 | AQ16: 0 | AR16: 121 | AS16: 0 | AT16: 121 | AU16: 0 | AV16: 236 | AW16: 0 | AX16: 340 | AY16: 0 | AZ16: 254 | BA16: 0 | BB16: 312 | BC16: 387190.13 | BD16: 328.9 | BE16: 387192.24 | BF16: 322.6 | BG16: 387194.34 | BH16: 289.2 | BI16: 0 | BJ16: 315
A17: 100RM1 | B17: 1227.0746 | C17: 1233.8054 | D17: =(C17-B17)*1000 -> 6730.8 | E17: 1235.9761 | F17: =(E17-C17)*1000 -> 2170.7 | G17: 1240.898 | H17: =(G17-E17)*1000 -> 4921.9 | I17: 1247.0859 | J17: =(I17-G17)*1000 -> 6187.9 | K17: 1252.235 | L17: =(K17-I17)*1000 -> 5149.1 | M17: 1256.9875 | N17: =(M17-K17)*1000 -> 4752.5 | O17: 1260.9397 | P17: =(O17-M17)*1000 -> 3952.2 | Q17: 1266.3003 | R17: =(Q17-O17)*1000 -> 5360.6 | S17: 1272.4436 | T17: =(S17-Q17)*1000 -> 6143.3 | U17: 1277.7474 | V17: =(U17-S17)*1000 -> 5303.8 | W17: 1282.933 | X17: =(W17-U17)*1000 -> 5185.6 | Y17: 1288.5845 | Z17: =(Y17-W17)*1000 -> 5651.5 | AA17: 1293.8656 | AB17: =(AA17-Y17)*1000 -> 5281.1 | AC17: 1299.7936 | AD17: =(AC17-AA17)*1000 -> 5928 | AE17: 1302.46 | AF17: =(AE17-AC17)*1000 -> 2666.4 | AG17: 1302.46 | AH17: =(AG17-AE17)*1000 -> 0 | AI17: 1302.46 | AJ17: =(AI17-AG17)*1000 -> 0 | AK17: 1302.46 | AL17: =(AK17-AI17)*1000 -> 0 | AM17: 1302.46 | AN17: =(AM17-AK17)*1000 -> 0 | AO17: 1302.46 | AP17: =(AO17-AM17)*1000 -> 0 | AQ17: 1302.46 | AR17: =(AQ17-AO17)*1000 -> 0 | AS17: 1302.46 | AT17: =(AS17-AQ17)*1000 -> 0 | AU17: 1302.46 | AV17: =(AU17-AS17)*1000 -> 0 | AW17: 1302.46 | AX17: =(AW17-AU17)*1000 -> 0 | AY17: 1308.3889 | AZ17: =(AY17-AW17)*1000 -> 5928.9 | BA17: 1315.0068 | BB17: =(BA17-AY17)*1000 -> 6617.9 | BC17: 1321.8064 | BD17: =(BC17-BA17)*1000 -> 6799.6 | BE17: 1327.9224 | BF17: =(BE17-BC17)*1000 -> 6116 | BG17: 1334.618 | BH17: =(BG17-BE17)*1000 -> 6695.6 | BI17: 1337.4635 | BJ17: =(BI17-BG17)*1000 -> 2845.5
A18: 100FN2 | B18: 24015203 | C18: 24016843 | D18: =(C18-B18) -> 1639.52 | E18: 24018392 | F18: =E18-C18 -> 1549.43 | G18: 24019734 | H18: =G18-E18 -> 1341.9 | I18: 24021246 | J18: =I18-G18 -> 1512.3 | K18: 24022839 | L18: =K18-I18 -> 1593.13 | M18: 24024242 | N18: =M18-K18 -> 1402.31 | O18: 24025300 | P18: =O18-M18 -> 1058.48 | Q18: 24026867 | R18: =Q18-O18 -> 1566.87 | S18: 24028564 | T18: =S18-Q18 -> 1696.78 | U18: 24030166 | V18: =U18-S18 -> 1602.32 | W18: 24031766 | X18: =W18-U18 -> 1599.6 | Y18: 24033330 | Z18: =Y18-W18 -> 1564.57 | AA18: 24034810 | AB18: =AA18-Y18 -> 1479.9 | AC18: 24036327 | AD18: =AC18-AA18 -> 1516.58 | AE18: 24037046 | AF18: =AE18-AC18 -> 718.76 | AG18: 24037048 | AH18: =AG18-AE18 -> 2.45 | AI18: 24037048 | AJ18: =AI18-AG18 -> 0 | AK18: 24037053 | AL18: =AK18-AI18 -> 5.01 | AM18: 24037053 | AN18: =AM18-AK18 -> -0.010000002 | AO18: 24037053 | AP18: =AO18-AM18 -> 0 | AQ18: 24037053 | AR18: =AQ18-AO18 -> 0 | AS18: 24037063 | AT18: =AS18-AQ18 -> 10.3 | AU18: 24037066 | AV18: =AU18-AS18 -> 2.56 | AW18: 24037066 | AX18: =AW18-AU18 -> 0 | AY18: 24038515 | AZ18: 1278 | BA18: 24040191 | BB18: =BA18-AY18 -> 1676.02 | BC18: 24041811 | BD18: =BC18-BA18 -> 1619.48 | BE18: 24043246 | BF18: =BE18-BC18 -> 1435.47 | BG18: 24044853 | BH18: =BG18-BE18 -> 1607.38 | BI18: 24045490 | BJ18: =BI18-BG18 -> 636.66
C19: 0 | E19: 0 | F19: 814.9 | G19: 0 | H19: 744 | I19: 0 | J19: 1250 | K19: 0 | L19: 1064 | M19: 0 | N19: 822.6 | O19: 0 | P19: 905 | Q19: 0 | R19: 835 | S19: 0 | T19: 1008.9 | U19: 0 | V19: 986.8 | W19: 0 | X19: 854 | Y19: 0 | Z19: 910.6 | AA19: 0 | AB19: 869.5 | AC19: 0 | AD19: 895 | AE19: 0 | AF19: 456 | AG19: 0 | AH19: 821 | AI19: 0 | AJ19: 521 | AK19: 0 | AL19: 120 | AM19: 0 | AN19: 54 | AO19: 0 | AP19: 66 | AQ19: 0 | AR19: 88 | AS19: 0 | AT19: 345 | AU19: 0 | AV19: 622 | AW19: 0 | AX19: 78 | AY19: 0 | AZ19: 822 | BA19: 0 | BB19: 655 | BC19: 0 | BD19: 232 | BE19: 0 | BF19: 68 | BG19: 0 | BH19: 35 | BI19: 0 | BJ19: 122
A20: COAL MILL | C20: 0 | E20: 0 | G20: 0 | I20: 0 | K20: 0 | M20: 0 | O20: 0 | Q20: 0 | S20: 0 | U20: 0 | W20: 0 | Y20: 0 | AA20: 0 | AC20: 0 | AE20: 0 | AG20: 0 | AI20: 0 | AK20: 0 | AM20: 0 | AO20: 0 | AQ20: 0 | AS20: 0 | AU20: 0 | AW20: 0 | AY20: 0 | BA20: 0 | BC20: 0 | BE20: 0 | BG20: 0 | BI20: 0
A21: 521CM1 | B21: 3698.227 | C21: 3707.266 | D21: =(C21-B21)*1000 -> 9039 | E21: 3715.876 | F21: =(E21-C21)*1000 -> 8610 | G21: 3722.566 | H21: =(G21-E21)*1000 -> 6690 | I21: 3731.594 | J21: =(I21-G21)*1000 -> 9028 | K21: 3740.029 | L21: =(K21-I21)*1000 -> 8435 | M21: 3748.049 | N21: =(M21-K21)*1000 -> 8020 | O21: 3755.432 | P21: =(O21-M21)*1000 -> 7383 | Q21: 3763.432 | R21: =(Q21-O21)*1000 -> 8000 | S21: 3771.091 | T21: =(S21-Q21)*1000 -> 7659 | U21: 3780.027 | V21: =(U21-S21)*1000 -> 8936 | W21: 3787.328 | X21: =(W21-U21)*1000 -> 7301 | Y21: 3795.534 | Z21: =(Y21-W21)*1000 -> 8206 | AA21: 3803.336 | AB21: =(AA21-Y21)*1000 -> 7802 | AC21: 3811.141 | AD21: =(AC21-AA21)*1000 -> 7805 | AE21: 3819.014 | AF21: =(AE21-AC21)*1000 -> 7873 | AG21: 3827.588 | AH21: =(AG21-AE21)*1000 -> 8574 | AI21: 3836.13 | AJ21: =(AI21-AG21)*1000 -> 8542 | AK21: 3844.143 | AL21: =(AK21-AI21)*1000 -> 8013 | AM21: 3852.02 | AN21: =(AM21-AK21)*1000 -> 7877 | AO21: 3859.823 | AP21: =(AO21-AM21)*1000 -> 7803 | AQ21: 3866.179 | AR21: =(AQ21-AO21)*1000 -> 6356 | AS21: 3872.246 | AT21: =(AS21-AQ21)*1000 -> 6067 | AU21: 3872.998 | AV21: =(AU21-AS21)*1000 -> 752 | AW21: 3877.579 | AX21: =(AW21-AU21)*1000 -> 4581 | AY21: 3886.523 | AZ21: =(AY21-AW21)*1000 -> 8944 | BA21: 3894.455 | BB21: =(BA21-AY21)*1000 -> 7932 | BC21: 3903.026 | BD21: =(BC21-BA21)*1000 -> 8571 | BE21: 3910.891 | BF21: =(BE21-BC21)*1000 -> 7865 | BG21: 3918.359 | BH21: =(BG21-BE21)*1000 -> 7468 | BI21: 3922.848 | BJ21: =(BI21-BG21)*1000 -> 4489
A22: 521FN1 | B22: 5863295 | C22: 5864063 | D22: =C22-B22 -> 768 | E22: 5864832 | F22: =E22-C22 -> 769 | G22: 5865599 | H22: =G22-E22 -> 767 | I22: 5866368 | J22: =I22-G22 -> 769 | K22: 5867008 | L22: =K22-I22 -> 640 | M22: 5867776 | N22: =M22-K22 -> 768 | O22: 5868543 | P22: =O22-M22 -> 767 | Q22: 5869311 | R22: =Q22-O22 -> 768 | S22: 5869952 | T22: =S22-Q22 -> 641 | U22: 5870719 | V22: =U22-S22 -> 767 | W22: 5871488 | X22: =W22-U22 -> 769 | Y22: 5872256 | Z22: =Y22-W22 -> 768 | AA22: 5873023 | AB22: =AA22-Y22 -> 767 | AC22: 5873792 | AD22: =AC22-AA22 -> 769 | AE22: 5874559 | AF22: =AE22-AC22 -> 767 | AG22: 5875328 | AH22: =AG22-AE22 -> 769 | AI22: 5876096 | AJ22: =AI22-AG22 -> 768 | AK22: 5876864 | AL22: =AK22-AI22 -> 768 | AM22: 5877503 | AN22: =AM22-AK22 -> 639 | AO22: 5878272 | AP22: =AO22-AM22 -> 769 | AQ22: 5878911 | AR22: =AQ22-AO22 -> 639 | AS22: 5879551 | AT22: =AS22-AQ22 -> 640 | AU22: 5879808 | AV22: =AU22-AS22 -> 257 | AW22: 5880320 | AX22: =AW22-AU22 -> 512 | AY22: 5881088 | AZ22: =AY22-AW22 -> 768 | BA22: 5881856 | BB22: =BA22-AY22 -> 768 | BC22: 5882624 | BD22: =BC22-BA22 -> 768 | BE22: 5883263 | BF22: =BE22-BC22 -> 639 | BG22: 5883904 | BH22: =BG22-BE22 -> 641 | BI22: 5884416 | BJ22: =BI22-BG22 -> 512
A23: COAL MILL AUXILIRIES-IPMCC4(TR8) | B23: 1779.9814 | C23: 1787.2026 | D23: =(C23-B23)*1000 -> 7221.2 | E23: 1794.3824 | F23: =(E23-C23)*1000 -> 7179.8 | G23: 1800.868 | H23: =(G23-E23)*1000 -> 6485.6 | I23: 1808.093 | J23: =(I23-G23)*1000 -> 7225 | K23: 1815.176 | L23: =(K23-I23)*1000 -> 7083 | M23: 1822.0716 | N23: =(M23-K23)*1000 -> 6895.6 | O23: 1828.9822 | P23: =(O23-M23)*1000 -> 6910.6 | Q23: 1836.1652 | R23: =(Q23-O23)*1000 -> 7183 | S23: 1843.045 | T23: =(S23-Q23)*1000 -> 6879.8 | U23: 1850.1072 | V23: =(U23-S23)*1000 -> 7062.2 | W23: 1857.0086 | X23: =(W23-U23)*1000 -> 6901.4 | Y23: 1863.8572 | Z23: =(Y23-W23)*1000 -> 6848.6 | AA23: 1870.4768 | AB23: =(AA23-Y23)*1000 -> 6619.6 | AC23: 1877.0634 | AD23: =(AC23-AA23)*1000 -> 6586.6 | AE23: 1883.7872 | AF23: =(AE23-AC23)*1000 -> 6723.8 | AG23: 1890.6244 | AH23: =(AG23-AE23)*1000 -> 6837.2 | AI23: 1897.5716 | AJ23: =(AI23-AG23)*1000 -> 6947.2 | AK23: 1904.2784 | AL23: =(AK23-AI23)*1000 -> 6706.8 | AM23: 1910.881 | AN23: =(AM23-AK23)*1000 -> 6602.6 | AO23: 1917.7192 | AP23: =(AO23-AM23)*1000 -> 6838.2 | AQ23: 1924.507 | AR23: =(AQ23-AO23)*1000 -> 6787.8 | AS23: 1931.2892 | AT23: =(AS23-AQ23)*1000 -> 6782.2 | AU23: 1934.7124 | AV23: =(AU23-AS23)*1000 -> 3423.2 | AW23: 1940.1742 | AX23: =(AW23-AU23)*1000 -> 5461.8 | AY23: 1947.285 | AZ23: =(AY23-AW23)*1000 -> 7110.8 | BA23: 1954.5506 | BB23: =(BA23-AY23)*1000 -> 7265.6 | BC23: 1961.7698 | BD23: =(BC23-BA23)*1000 -> 7219.2 | BE23: 1968.8096 | BF23: =(BE23-BC23)*1000 -> 7039.8 | BG23: 1975.8652 | BH23: =(BG23-BE23)*1000 -> 7055.6 | BI23: 1980.577 | BJ23: =(BI23-BG23)*1000 -> 4711.8
A24: NEW COAL MILL AUX. NEW MCC (TR12) | B24: 385.9956 | C24: 387.1123 | D24: =(C24-B24)*1000 -> 1116.7 | E24: 388.1806 | F24: =(E24-C24)*1000 -> 1068.3 | G24: 389.1664 | H24: =(G24-E24)*1000 -> 985.8 | I24: 390.2438 | J24: =(I24-G24)*1000 -> 1077.4 | K24: 391.2623 | L24: =(K24-I24)*1000 -> 1018.5 | M24: 392.276 | N24: =(M24-K24)*1000 -> 1013.7 | O24: 393.973 | P24: =(O24-M24)*1000 -> 1697 | Q24: 394.3479 | R24: =(Q24-O24)*1000 -> 374.9 | S24: 395.3467 | T24: =(S24-Q24)*1000 -> 998.8 | U24: 396.4021 | V24: =(U24-S24)*1000 -> 1055.4 | W24: 397.3617 | X24: =(W24-U24)*1000 -> 959.6 | Y24: 398.3225 | Z24: =(Y24-W24)*1000 -> 960.8 | AA24: 399.3112 | AB24: =(AA24-Y24)*1000 -> 988.7 | AC24: 400.3126 | AD24: =(AC24-AA24)*1000 -> 1001.4 | AE24: 401.3028 | AF24: =(AE24-AC24)*1000 -> 990.2 | AG24: 402.3324 | AH24: =(AG24-AE24)*1000 -> 1029.6 | AI24: 403.394 | AJ24: =(AI24-AG24)*1000 -> 1061.6 | AK24: 404.4446 | AL24: =(AK24-AI24)*1000 -> 1050.6 | AM24: 405.4915 | AN24: =(AM24-AK24)*1000 -> 1046.9 | AO24: 406.5241 | AP24: =(AO24-AM24)*1000 -> 1032.6 | AQ24: 407.4802 | AR24: =(AQ24-AO24)*1000 -> 956.1 | AS24: 408.3679 | AT24: =(AS24-AQ24)*1000 -> 887.7 | AU24: 408.7323 | AV24: =(AU24-AS24)*1000 -> 364.4 | AW24: 409.4556 | AX24: =(AW24-AU24)*1000 -> 723.3 | AY24: 410.5336 | AZ24: =(AY24-AW24)*1000 -> 1078 | BA24: 411.5876 | BB24: =(BA24-AY24)*1000 -> 1054 | BC24: 412.6499 | BD24: =(BC24-BA24)*1000 -> 1062.3 | BE24: 413.7049 | BF24: =(BE24-BC24)*1000 -> 1055 | BG24: 414.7667 | BH24: =(BG24-BE24)*1000 -> 1061.8 | BI24: 415.5873 | BJ24: =(BI24-BG24)*1000 -> 820.6
A25: LC-2A LIGHTING TR | C25: 0 | D25: =C25-B25 -> 0 | E25: 0 | F25: =E25-C25 -> 0 | G25: 0 | H25: =G25-E25 -> 0 | I25: 0 | J25: =I25-G25 -> 0 | K25: 0 | L25: =K25-I25 -> 0 | M25: 0 | N25: =M25-K25 -> 0 | O25: 0 | P25: =O25-M25 -> 0 | Q25: 0 | R25: =Q25-O25 -> 0 | S25: 0 | T25: =S25-Q25 -> 0 | U25: 0 | V25: =U25-S25 -> 0 | W25: 0 | X25: =W25-U25 -> 0 | Y25: 0 | Z25: =Y25-W25 -> 0 | AA25: 0 | AB25: =AA25-Y25 -> 0 | AC25: 0 | AD25: =AC25-AA25 -> 0 | AE25: 0 | AF25: =AE25-AC25 -> 0 | AG25: 0 | AH25: =AG25-AE25 -> 0 | AI25: 0 | AJ25: =AI25-AG25 -> 0 | AK25: 0 | AL25: =AK25-AI25 -> 0 | AM25: 0 | AN25: =AM25-AK25 -> 0 | AO25: 0 | AP25: =AO25-AM25 -> 0 | AQ25: 0 | AR25: =AQ25-AO25 -> 0 | AS25: 0 | AT25: =AS25-AQ25 -> 0 | AU25: 0 | AV25: =AU25-AS25 -> 0 | AW25: 0 | AX25: =AW25-AU25 -> 0 | AY25: 0 | AZ25: =AY25-AW25 -> 0 | BA25: 0 | BB25: =BA25-AY25 -> 0 | BC25: 0 | BD25: =BC25-BA25 -> 0 | BE25: 0 | BF25: =BE25-BC25 -> 0 | BG25: 0 | BH25: =BG25-BE25 -> 0 | BI25: 0 | BJ25: =BI25-BG25 -> 0
A26: WELDING SUPPLY COAL MILL & KILN | C26: 0 | D26: 79 | E26: 0 | F26: 54 | G26: 0 | H26: 42 | I26: 0 | J26: 79 | K26: 0 | L26: 54 | M26: 0 | N26: 54 | O26: 0 | P26: 54 | Q26: 0 | R26: 54 | S26: 0 | T26: 54 | U26: 0 | V26: 54 | W26: 0 | X26: 54 | Y26: 0 | Z26: 54 | AA26: 0 | AB26: 54 | AC26: 0 | AD26: 52 | AE26: 0 | AF26: 54 | AG26: 0 | AH26: 54 | AI26: 0 | AJ26: 54 | AK26: 0 | AL26: 54 | AM26: 0 | AN26: 54 | AO26: 0 | AP26: 54 | AQ26: 0 | AR26: 54 | AS26: 0 | AT26: 54 | AU26: 0 | AV26: 189 | AW26: 0 | AX26: 68 | AY26: 0 | AZ26: 89 | BA26: 0 | BB26: 89 | BC26: 0 | BD26: 79 | BE26: 0 | BF26: 102 | BG26: 0 | BH26: 98.2 | BI26: 0 | BJ26: 54
A27: A/C Supply LC-3 | C27: 0 | D27: 50 | E27: 0 | F27: 50 | G27: 0 | H27: 50 | I27: 0 | J27: 50 | K27: 0 | L27: 50 | M27: 0 | N27: 50 | O27: 0 | P27: 50 | Q27: 0 | R27: 50 | S27: 0 | T27: 50 | U27: 0 | V27: 50 | W27: 0 | X27: 50 | Y27: 0 | Z27: 50 | AA27: 0 | AB27: 50 | AC27: 0 | AD27: 50 | AE27: 0 | AF27: 50 | AG27: 0 | AH27: 50 | AI27: 0 | AJ27: 50 | AK27: 0 | AL27: 50 | AM27: 0 | AN27: 50 | AO27: 0 | AP27: 50 | AQ27: 0 | AR27: 50 | AS27: 0 | AT27: 50 | AU27: 0 | AV27: 50 | AW27: 2604458.4 | AX27: 50 | AY27: 0 | AZ27: 50 | BA27: 0 | BB27: 50 | BC27: 0 | BD27: 50 | BE27: 0 | BF27: 50 | BG27: 0 | BH27: 50 | BI27: 0 | BJ27: 50
A28: Supply for CCR | B28: 2586445.3 | C28: 2587327.1 | D28: =C28-B28 -> 881.77 | E28: 2588321.6 | F28: =E28-C28 -> 994.54 | G28: 2589267.9 | H28: =G28-E28 -> 946.25 | I28: 2590146 | J28: =I28-G28 -> 878.14 | K28: 2591009 | L28: =K28-I28 -> 862.98 | M28: 2591769.8 | N28: =M28-K28 -> 760.79 | O28: 2592494.2 | P28: =O28-M28 -> 724.45 | Q28: 2593449.5 | R28: =Q28-O28 -> 955.2 | S28: 2594324.8 | T28: =S28-Q28 -> 875.39 | U28: 2595122.3 | V28: =U28-S28 -> 797.45 | W28: 2595868.8 | X28: =W28-U28 -> 746.52 | Y28: 2596628 | Z28: =Y28-W28 -> 759.16 | AA28: 2597229.8 | AB28: =AA28-Y28 -> 601.8 | AC28: 2597764.7 | AD28: =AC28-AA28 -> 534.93 | AE28: 2598507.2 | AF28: =AE28-AC28 -> 742.47 | AG28: 2599218.7 | AH28: =AG28-AE28 -> 711.53 | AI28: 2599921 | AJ28: =AI28-AG28 -> 702.3 | AK28: 2600621.1 | AL28: =AK28-AI28 -> 700.12 | AM28: 2601321.7 | AN28: =AM28-AK28 -> 700.59 | AO28: 2601920.4 | AP28: =AO28-AM28 -> 598.7 | AQ28: 2602378.7 | AR28: =AQ28-AO28 -> 458.31 | AS28: 2603071 | AT28: =AS28-AQ28 -> 692.3 | AU28: 2603736.4 | AV28: =AU28-AS28 -> 665.38 | AW28: 2604458.4 | AX28: =AW28-AU28 -> 722 | AY28: 2605166.7 | AZ28: =AY28-AW28 -> 708.32 | BA28: 2605892 | BB28: =BA28-AY28 -> 725.31 | BC28: 2606602.3 | BD28: =BC28-BA28 -> 710.3 | BE28: 2607265.7 | BF28: =BE28-BC28 -> 663.39 | BG28: 2608023.4 | BH28: =BG28-BE28 -> 757.72 | BI28: 2608778.5 | BJ28: =BI28-BG28 -> 755.07
A29: KILN | C29: 0 | E29: 0 | G29: 0 | I29: 0 | M29: 0 | O29: 0 | Q29: 0 | S29: 0 | U29: 0 | W29: 0 | Y29: 0 | AA29: 0 | AC29: 0 | AE29: 0 | AG29: 0 | AI29: 0 | AK29: 0 | AO29: 0 | AQ29: 0 | AS29: 0 | AU29: 0 | AY29: 0 | BA29: 0 | BC29: 0 | BE29: 0 | BG29: 0 | BI29: 0
A30: 431FN1 PRE-HEATER FAN | B30: 7344.656 | C30: 7370.3864 | D30: =(C30-B30)*1000 -> 25730.4 | E30: 7391.936 | F30: =(E30-C30)*1000 -> 21549.6 | G30: 7409.12 | H30: =(G30-E30)*1000 -> 17184 | I30: 7432.008 | J30: =(I30-G30)*1000 -> 22888 | K30: 7455.6248 | L30: =(K30-I30)*1000 -> 23616.8 | M30: 7474.76 | N30: =(M30-K30)*1000 -> 19135.2 | O30: 7494.068 | P30: =(O30-M30)*1000 -> 19308 | Q30: 7512.5528 | R30: =(Q30-O30)*1000 -> 18484.8 | S30: 7530.0104 | T30: =(S30-Q30)*1000 -> 17457.6 | U30: 7548.7576 | V30: =(U30-S30)*1000 -> 18747.2 | W30: 7566.392 | X30: =(W30-U30)*1000 -> 17634.4 | Y30: 7587.5776 | Z30: =(Y30-W30)*1000 -> 21185.6 | AA30: 7605.1072 | AB30: =(AA30-Y30)*1000 -> 17529.6 | AC30: 7621.7992 | AD30: =(AC30-AA30)*1000 -> 16692 | AE30: 7639.424 | AF30: =(AE30-AC30)*1000 -> 17624.8 | AG30: 7657.0392 | AH30: =(AG30-AE30)*1000 -> 17615.2 | AI30: 7676.3768 | AJ30: =(AI30-AG30)*1000 -> 19337.6 | AK30: 7694.584 | AL30: =(AK30-AI30)*1000 -> 18207.2 | AM30: 7712.3096 | AN30: =(AM30-AK30)*1000 -> 17725.6 | AO30: 7729.7136 | AP30: =(AO30-AM30)*1000 -> 17404 | AQ30: 7743.536 | AR30: =(AQ30-AO30)*1000 -> 13822.4 | AS30: 7754.405 | AT30: =(AS30-AQ30)*1000 -> 10869 | AU30: 1275.1844 | AV30: 1974 | AW30: 9228.556 | AX30: =(AW30-AU30) -> 7953.3716 | AY30: 27922.16 | AZ30: =(AY30-AW30) -> 18693.604 | BA30: 47043.184 | BB30: =(BA30-AY30) -> 19121.024 | BC30: 66322.08 | BD30: =(BC30-BA30) -> 19278.896 | BE30: 84299.728 | BF30: =(BE30-BC30) -> 17977.648 | BG30: 105534.9 | BH30: =(BG30-BE30) -> 21235.172 | BI30: 115574.44 | BJ30: =(BI30-BG30) -> 10039.54
A31: IMCC-4 | B31: 18400234 | C31: 18405791 | D31: =C31-B31 -> 5557.34 | E31: 18411191 | F31: =E31-C31 -> 5399.8 | G31: 18416281 | H31: =G31-E31 -> 5090.35 | I31: 18421834 | J31: =I31-G31 -> 5552.7 | K31: 18427286 | L31: =K31-I31 -> 5451.85 | M31: 18432563 | N31: =M31-K31 -> 5277.11 | O31: 18437823 | P31: =O31-M31 -> 5260.29 | Q31: 18443172 | R31: =Q31-O31 -> 5348.93 | S31: 18448301 | T31: =S31-Q31 -> 5128.75 | U31: 18453224 | V31: =U31-S31 -> 4923.32 | W31: 18457191 | X31: =W31-U31 -> 3966.6 | Y31: 18461410 | Z31: =Y31-W31 -> 4219.73 | AA31: 18465452 | AB31: =AA31-Y31 -> 4041.7 | AC31: 18469549 | AD31: =AC31-AA31 -> 4097.04 | AE31: 18473965 | AF31: =AE31-AC31 -> 4415.92 | AG31: 18479020 | AH31: =AG31-AE31 -> 5055.05 | AI31: 18484111 | AJ31: =AI31-AG31 -> 5090.56 | AK31: 18489008 | AL31: =AK31-AI31 -> 4897.67 | AM31: 18493918 | AN31: =AM31-AK31 -> 4909.9 | AO31: 18498733 | AP31: =AO31-AM31 -> 4815.23 | AQ31: 18503189 | AR31: =AQ31-AO31 -> 4455.11 | AS31: 18507681 | AT31: =AS31-AQ31 -> 4491.92 | AU31: 18510490 | AV31: =AU31-AS31 -> 2809.37 | AW31: 18514524 | AX31: =AW31-AU31 -> 4033.7 | AY31: 18519729 | AZ31: =AY31-AW31 -> 5205.41 | BA31: 18525017 | BB31: =BA31-AY31 -> 5287.88 | BC31: 18530297 | BD31: =BC31-BA31 -> 5280.32 | BE31: 18535399 | BF31: =BE31-BC31 -> 5102.26 | BG31: 18541844 | BH31: =BG31-BE31 -> 6444.35 | BI31: 18544731 | BJ31: =BI31-BG31 -> 2887.55
A32: BOOSTER FAN | C32: 0 | D32: =C32-B32 -> 0 | E32: 0 | F32: =E32-C32 -> 0 | G32: 0 | H32: =G32-E32 -> 0 | I32: 0 | J32: =I32-G32 -> 0 | K32: 0 | L32: =K32-I32 -> 0 | M32: 0 | N32: =M32-K32 -> 0 | O32: 0 | P32: =O32-M32 -> 0 | Q32: 0 | R32: =Q32-O32 -> 0 | S32: 0 | T32: =S32-Q32 -> 0 | U32: 0 | V32: =U32-S32 -> 0 | W32: 0 | X32: =W32-U32 -> 0 | Y32: 0 | Z32: =Y32-W32 -> 0 | AA32: 0 | AB32: =AA32-Y32 -> 0 | AC32: 0 | AD32: =AC32-AA32 -> 0 | AE32: 0 | AF32: =AE32-AC32 -> 0 | AG32: 0 | AH32: =AG32-AE32 -> 0 | AI32: 0 | AJ32: =AI32-AG32 -> 0 | AK32: 0 | AL32: =AK32-AI32 -> 0 | AM32: 0 | AN32: =AM32-AK32 -> 0 | AO32: 0 | AP32: =AO32-AM32 -> 0 | AQ32: 0 | AR32: =AQ32-AO32 -> 0 | AS32: 0 | AT32: =AS32-AQ32 -> 0 | AU32: 0 | AV32: =AU32-AS32 -> 0 | AW32: 0 | AX32: =AW32-AU32 -> 0 | AY32: 0 | AZ32: =AY32-AW32 -> 0 | BA32: 0 | BB32: =BA32-AY32 -> 0 | BC32: 0 | BD32: =BC32-BA32 -> 0 | BE32: 0 | BF32: =BE32-BC32 -> 0 | BG32: 0 | BH32: =BG32-BE32 -> 0 | BI32: 0 | BJ32: =BI32-BG32 -> 0
A33: COOLER DRIVES(IPMCC-3)(TR7) | B33: 1194.4528 | C33: 1208.2633 | D33: =(C33-B33)*1000 -> 13810.5 | E33: 1221.7273 | F33: =(E33-C33)*1000 -> 13464 | G33: 1233.8412 | H33: =(G33-E33)*1000 -> 12113.9 | I33: 1247.801 | J33: =(I33-G33)*1000 -> 13959.8 | K33: 1261.2141 | L33: =(K33-I33)*1000 -> 13413.1 | M33: 1273.9628 | N33: =(M33-K33)*1000 -> 12748.7 | O33: 1286.9339 | P33: =(O33-M33)*1000 -> 12971.1 | Q33: 1300.3213 | R33: =(Q33-O33)*1000 -> 13387.4 | S33: 1312.9429 | T33: =(S33-Q33)*1000 -> 12621.6 | U33: 1325.1456 | V33: =(U33-S33)*1000 -> 12202.7 | W33: 1337.124 | X33: =(W33-U33)*1000 -> 11978.4 | Y33: 1350.1066 | Z33: =(Y33-W33)*1000 -> 12982.6 | AA33: 1362.6001 | AB33: =(AA33-Y33)*1000 -> 12493.5 | AC33: 1376.0795 | AD33: =(AC33-AA33)*1000 -> 13479.4 | AE33: 1388.7268 | AF33: =(AE33-AC33)*1000 -> 12647.3 | AG33: 1400.6527 | AH33: =(AG33-AE33)*1000 -> 11925.9 | AI33: 1412.6958 | AJ33: =(AI33-AG33)*1000 -> 12043.1 | AK33: 1425.095 | AL33: =(AK33-AI33)*1000 -> 12399.2 | AM33: 1436.9167 | AN33: =(AM33-AK33)*1000 -> 11821.7 | AO33: 1449.64 | AP33: =(AO33-AM33)*1000 -> 12723.3 | AQ33: 1460.6619 | AR33: =(AQ33-AO33)*1000 -> 11021.9 | AS33: 1472.4521 | AT33: =(AS33-AQ33)*1000 -> 11790.2 | AU33: 1474.6215 | AV33: =(AU33-AS33)*1000 -> 2169.4 | AW33: 1481.8708 | AX33: =(AW33-AU33)*1000 -> 7249.3 | AY33: 1494.6145 | AZ33: =(AY33-AW33)*1000 -> 12743.7 | BA33: 1507.5487 | BB33: =(BA33-AY33)*1000 -> 12934.2 | BC33: 1520.2628 | BD33: =(BC33-BA33)*1000 -> 12714.1 | BE33: 1532.9308 | BF33: =(BE33-BC33)*1000 -> 12668 | BG33: 1545.9872 | BH33: =(BG33-BE33)*1000 -> 13056.4 | BI33: 1552.3478 | BJ33: =(BI33-BG33)*1000 -> 6360.6
A34: COMPRESSOR-3 (321CP3) | B34: 214588.86 | C34: 214588.86 | D34: =C34-B34 -> 0 | E34: 214588.86 | F34: =E34-C34 -> 0 | G34: 214588.86 | H34: =G34-E34 -> 0 | I34: 214588.86 | J34: =I34-G34 -> 0 | K34: 214588.86 | L34: =K34-I34 -> 0 | M34: 214588.86 | N34: =M34-K34 -> 0 | O34: 214588.86 | P34: =O34-M34 -> 0 | Q34: 214588.86 | R34: =Q34-O34 -> 0 | S34: 214589.93 | T34: =S34-Q34 -> 1.07 | U34: 214589.93 | V34: =U34-S34 -> 0 | W34: 214592.39 | X34: =W34-U34 -> 2.46 | Y34: 214592.39 | Z34: =Y34-W34 -> 0 | AA34: 214594.22 | AB34: =AA34-Y34 -> 1.83 | AC34: 214594.22 | AD34: =AC34-AA34 -> 0 | AE34: 214594.22 | AF34: =AE34-AC34 -> 0 | AG34: 214606.23 | AH34: =AG34-AE34 -> 12.01 | AI34: 214606.23 | AJ34: =AI34-AG34 -> 0 | AK34: 214613.53 | AL34: =AK34-AI34 -> 7.3 | AM34: 214613.53 | AN34: =AM34-AK34 -> 0 | AO34: 214613.56 | AP34: =AO34-AM34 -> 0.03 | AQ34: 214613.56 | AR34: =AQ34-AO34 -> 0 | AS34: 214613.56 | AT34: =AS34-AQ34 -> 0 | AU34: 214613.56 | AV34: =AU34-AS34 -> 0 | AW34: 214613.56 | AX34: =AW34-AU34 -> 0 | AY34: 214613.56 | AZ34: =AY34-AW34 -> 0 | BA34: 214711.32 | BB34: =BA34-AY34 -> 97.76 | BC34: 215392.58 | BD34: =BC34-BA34 -> 681.26 | BE34: 216067.56 | BF34: =BE34-BC34 -> 674.98 | BG34: 216733.76 | BH34: =BG34-BE34 -> 666.2 | BI34: 216734.47 | BJ34: =BI34-BG34 -> 0.71
A35: COMPRESSOR-2(PCC-2 @ 321CP2) | B35: 6074007.1 | C35: 6074007.1 | D35: =C35-B35 -> 0 | E35: 6074007.1 | F35: =E35-C35 -> 0 | G35: 6074007.1 | H35: =G35-E35 -> 0 | I35: 6074030.2 | J35: =I35-G35 -> 23.05 | K35: 6074980.3 | L35: =K35-I35 -> 950.15 | M35: 6074986.7 | N35: =M35-K35 -> 6.39 | O35: 6074986.7 | P35: =O35-M35 -> 0 | Q35: 6074986.7 | R35: =Q35-O35 -> 0 | S35: 6074998.7 | T35: =S35-Q35 -> 11.93 | U35: 6074998.7 | V35: =U35-S35 -> 0 | W35: 6074998.7 | X35: =W35-U35 -> 0 | Y35: 6074998.7 | Z35: =Y35-W35 -> 0 | AA35: 6074998.7 | AB35: =AA35-Y35 -> 0 | AC35: 6074998.7 | AD35: =AC35-AA35 -> 0 | AE35: 6074998.7 | AF35: =AE35-AC35 -> 0 | AG35: 6075148.1 | AH35: =AG35-AE35 -> 149.47 | AI35: 6075148.1 | AJ35: =AI35-AG35 -> 0 | AK35: 6076009.1 | AL35: =AK35-AI35 -> 861 | AM35: 6076009.1 | AN35: =AM35-AK35 -> 0 | AO35: 6076020.9 | AP35: =AO35-AM35 -> 11.77 | AQ35: 6076020.9 | AR35: =AQ35-AO35 -> 0 | AS35: 6076035.6 | AT35: =AS35-AQ35 -> 14.73 | AU35: 6076035.6 | AV35: =AU35-AS35 -> 0 | AW35: 6076035.6 | AX35: =AW35-AU35 -> 0 | AY35: 6077009.3 | AZ35: =AY35-AW35 -> 973.66 | BA35: 6078134.2 | BB35: =BA35-AY35 -> 1124.96 | BC35: 6078134.2 | BD35: =BC35-BA35 -> 0 | BE35: 6078134.2 | BF35: =BE35-BC35 -> 0 | BG35: 6078137.7 | BH35: =BG35-BE35 -> 3.5 | BI35: 6078139.7 | BJ35: =BI35-BG35 -> 1.91
A36: COMPRESSOR-4(PCC-2 @321CP4) | B36: 6676883.9 | C36: 6678269.9 | D36: =C36-B36 -> 1386.04 | E36: 6680050.7 | F36: =E36-C36 -> 1780.75 | G36: 6681561.4 | H36: =G36-E36 -> 1510.76 | I36: 6682362.1 | J36: =I36-G36 -> 800.71 | K36: 6683521.6 | L36: =K36-I36 -> 1159.44 | M36: 6685615.8 | N36: =M36-K36 -> 2094.23 | O36: 6687825.2 | P36: =O36-M36 -> 2209.35 | Q36: 6690118.4 | R36: =Q36-O36 -> 2293.23 | S36: 6692327.9 | T36: =S36-Q36 -> 2209.54 | U36: 6694534.1 | V36: =U36-S36 -> 2206.19 | W36: 6696296.5 | X36: =W36-U36 -> 1762.36 | Y36: 6696386.2 | Z36: =Y36-W36 -> 89.68 | AA36: 6696906.6 | AB36: =AA36-Y36 -> 520.48 | AC36: 6699495.9 | AD36: =AC36-AA36 -> 2589.26 | AE36: 6702142 | AF36: =AE36-AC36 -> 2646.12 | AG36: 6704325.1 | AH36: =AG36-AE36 -> 2183.09 | AI36: 6706616.9 | AJ36: =AI36-AG36 -> 2291.76 | AK36: 6708120.7 | AL36: =AK36-AI36 -> 1503.8 | AM36: 6710493.9 | AN36: =AM36-AK36 -> 2373.22 | AO36: 6712788 | AP36: =AO36-AM36 -> 2294.11 | AQ36: 6715069.9 | AR36: =AQ36-AO36 -> 2281.87 | AS36: 6717370.3 | AT36: =AS36-AQ36 -> 2300.39 | AU36: 6719283.8 | AV36: =AU36-AS36 -> 1913.49 | AW36: 6721448.9 | AX36: =AW36-AU36 -> 2165.12 | AY36: 6722925.2 | AZ36: =AY36-AW36 -> 1476.37 | BA36: 6723884.4 | BB36: =BA36-AY36 -> 959.17 | BC36: 6723987 | BD36: =BC36-BA36 -> 102.59 | BE36: 6724054.5 | BF36: =BE36-BC36 -> 67.52 | BG36: 6724497.6 | BH36: =BG36-BE36 -> 443.07 | BI36: 6725813.9 | BJ36: =BI36-BG36 -> 1316.35
A37: KILN MAIN DRIVE(441MU1-TR14) | B37: 172684.88 | C37: 175153.44 | D37: =(C37-B37) -> 2468.56 | E37: 177491.84 | F37: =(E37-C37) -> 2338.4 | G37: 179274.1 | H37: =(G37-E37) -> 1782.26 | I37: 181580.18 | J37: =(I37-G37) -> 2306.08 | K37: 183818.84 | L37: =(K37-I37) -> 2238.66 | M37: 186093.5 | N37: =(M37-K37) -> 2274.66 | O37: 188029.2 | P37: =(O37-M37) -> 1935.7 | Q37: 189693.5 | R37: =(Q37-O37) -> 1664.3 | S37: 556.9456 | T37: 1718.96 | U37: 2405.3808 | V37: =(U37-S37) -> 1848.4352 | W37: 4099.504 | X37: =(W37-U37) -> 1694.1232 | Y37: 5913.146 | Z37: =Y37-W37 -> 1813.642 | AA37: 7541.632 | AB37: =(AA37-Y37) -> 1628.486 | AC37: 9260.1142 | AD37: =(AC37-AA37) -> 1718.4822 | AE37: 11204.592 | AF37: =(AE37-AC37) -> 1944.4778 | AG37: 13422.257 | AH37: =(AG37-AE37) -> 2217.665 | AI37: 15802.216 | AJ37: =(AI37-AG37) -> 2379.959 | AK37: 18064.434 | AL37: =(AK37-AI37) -> 2262.218 | AM37: 20296.412 | AN37: =(AM37-AK37) -> 2231.978 | AO37: 22207.006 | AP37: =(AO37-AM37) -> 1910.594 | AQ37: 23567.136 | AR37: =(AQ37-AO37) -> 1360.13 | AS37: 25042.448 | AT37: =(AS37-AQ37) -> 1475.312 | AU37: 25066.34 | AV37: =(AU37-AS37) -> 23.892 | AW37: 25902.688 | AX37: =(AW37-AU37) -> 836.348 | AY37: 28154.024 | AZ37: =(AY37-AW37) -> 2251.336 | BA37: 30474.62 | BB37: =(BA37-AY37) -> 2320.596 | BC37: 32508.912 | BD37: =(BC37-BA37) -> 2034.292 | BE37: 34348.96 | BF37: =(BE37-BC37) -> 1840.048 | BG37: 36585.164 | BH37: =(BG37-BE37) -> 2236.204 | BI37: 37728.228 | BJ37: =(BI37-BG37) -> 1143.064
A38: LC-2 LIGHTING TRAFO | B38: 1941885.8 | C38: 1942116.4 | D38: =C38-B38 -> 230.59 | E38: 1942439.7 | F38: =E38-C38 -> 323.29 | G38: 1942715 | H38: =G38-E38 -> 275.27 | I38: 1942994 | J38: =I38-G38 -> 279.07 | K38: 1943268.6 | L38: =K38-I38 -> 274.59 | M38: 1943539.6 | N38: =M38-K38 -> 271.01 | O38: 1943801.5 | P38: =O38-M38 -> 261.82 | Q38: 1944078.7 | R38: =Q38-O38 -> 277.27 | S38: 1944336.1 | T38: =S38-Q38 -> 257.32 | U38: 1944604.3 | V38: =U38-S38 -> 268.24 | W38: 1944674.5 | X38: =W38-U38 -> 70.23 | Y38: 1945132.6 | Z38: =Y38-W38 -> 458.08 | AA38: 1945412.4 | AB38: =AA38-Y38 -> 279.8 | AC38: 1945689.1 | AD38: =AC38-AA38 -> 276.73 | AE38: 1945957.4 | AF38: =AE38-AC38 -> 268.27 | AG38: 1946226.6 | AH38: =AG38-AE38 -> 269.16 | AI38: 1946501.5 | AJ38: =AI38-AG38 -> 274.94 | AK38: 1946775 | AL38: =AK38-AI38 -> 273.48 | AM38: 1947044.3 | AN38: =AM38-AK38 -> 269.28 | AO38: 1947321.2 | AP38: =AO38-AM38 -> 276.9 | AQ38: 1947600.9 | AR38: =AQ38-AO38 -> 279.74 | AS38: 1947875.8 | AT38: =AS38-AQ38 -> 274.87 | AU38: 1948148.4 | AV38: =AU38-AS38 -> 272.66 | AW38: 1948427.5 | AX38: =AW38-AU38 -> 279.04 | AY38: 1948713.2 | AZ38: =AY38-AW38 -> 285.76 | BA38: 1949016.1 | BB38: =BA38-AY38 -> 302.88 | BC38: 1949346.5 | BD38: =BC38-BA38 -> 330.36 | BE38: 1949637.2 | BF38: =BE38-BC38 -> 290.78 | BG38: 1949993.2 | BH38: =BG38-BE38 -> 356 | BI38: 1950209.3 | BJ38: =BI38-BG38 -> 216.07
A39: A/C Supply LC-2 | B39: 1645931.4 | C39: 1646642.3 | D39: =C39-B39 -> 710.94 | E39: 1647318.9 | F39: =E39-C39 -> 676.55 | G39: 1647982.9 | H39: =G39-E39 -> 663.99 | I39: 1648696.4 | J39: =I39-G39 -> 713.56 | K39: 1649410.5 | L39: =K39-I39 -> 714.06 | M39: 1650095.7 | N39: =M39-K39 -> 685.24 | O39: 1650802.5 | P39: =O39-M39 -> 706.76 | Q39: 1651523 | R39: =Q39-O39 -> 720.48 | S39: 1652214.9 | T39: =S39-Q39 -> 691.94 | U39: 1652918.4 | V39: =U39-S39 -> 703.51 | W39: 1653612.9 | X39: =W39-U39 -> 694.48 | Y39: 1654269.7 | Z39: =Y39-W39 -> 656.81 | AA39: 1654905.2 | AB39: =AA39-Y39 -> 635.5 | AC39: 1655565.4 | AD39: =AC39-AA39 -> 660.16 | AE39: 1656251.8 | AF39: =AE39-AC39 -> 686.44 | AG39: 1656946.7 | AH39: =AG39-AE39 -> 694.93 | AI39: 1657661.9 | AJ39: =AI39-AG39 -> 715.19 | AK39: 1658964.7 | AL39: =AK39-AI39 -> 1302.79 | AM39: 1659604.8 | AN39: =AM39-AK39 -> 640.13 | AO39: 1659740.5 | AP39: =AO39-AM39 -> 135.66 | AQ39: 1660403.1 | AR39: =AQ39-AO39 -> 662.56 | AS39: 1660997.3 | AT39: =AS39-AQ39 -> 594.26 | AU39: 1661473.2 | AV39: =AU39-AS39 -> 475.89 | AW39: 1662094.9 | AX39: =AW39-AU39 -> 621.69 | AY39: 1662808.3 | AZ39: =AY39-AW39 -> 713.4 | BA39: 1663527.6 | BB39: =BA39-AY39 -> 719.34 | BC39: 1664138.9 | BD39: =BC39-BA39 -> 611.31 | BE39: 1664755.7 | BF39: =BE39-BC39 -> 616.71 | BG39: 1665534.6 | BH39: =BG39-BE39 -> 778.89 | BI39: 1665906.2 | BJ39: =BI39-BG39 -> 371.69
A40: 471FN2 -Chlorine bypass fan | C40: 0 | D40: =C40-B40 -> 0 | E40: 0 | F40: =E40-C40 -> 0 | G40: 0 | H40: =G40-E40 -> 0 | I40: 0 | J40: =I40-G40 -> 0 | K40: 0 | L40: =K40-I40 -> 0 | M40: 0 | N40: =M40-K40 -> 0 | O40: 0 | P40: =O40-M40 -> 0 | Q40: 0 | R40: =Q40-O40 -> 0 | S40: 0 | T40: =S40-Q40 -> 0 | U40: 0 | V40: =U40-S40 -> 0 | W40: 0 | X40: =W40-U40 -> 0 | Y40: 0 | Z40: =Y40-W40 -> 0 | AA40: 0 | AB40: =AA40-Y40 -> 0 | AC40: 0 | AD40: =AC40-AA40 -> 0 | AE40: 0 | AF40: =AE40-AC40 -> 0 | AG40: 0 | AH40: =AG40-AE40 -> 0 | AI40: 0 | AJ40: =AI40-AG40 -> 0 | AK40: 0 | AL40: =AK40-AI40 -> 0 | AM40: 0 | AN40: =AM40-AK40 -> 0 | AO40: 0 | AP40: =AO40-AM40 -> 0 | AQ40: 0 | AR40: =AQ40-AO40 -> 0 | AS40: 0 | AT40: =AS40-AQ40 -> 0 | AU40: 0 | AV40: =AU40-AS40 -> 0 | AW40: 0 | AX40: =AW40-AU40 -> 0 | AY40: 0 | AZ40: =AY40-AW40 -> 0 | BA40: 0 | BB40: =BA40-AY40 -> 0 | BC40: 0 | BD40: =BC40-BA40 -> 0 | BE40: 0 | BF40: =BE40-BC40 -> 0 | BG40: 0 | BH40: =BG40-BE40 -> 0 | BI40: 0 | BJ40: =BI40-BG40 -> 0
A41: CEMENT MILL-1 | C41: 0 | E41: 0 | G41: 0 | I41: 0 | K41: 0 | M41: 0 | O41: 0 | Q41: 0 | S41: 0 | U41: 0 | W41: 0 | Y41: 0 | AA41: 0 | AC41: 0 | AE41: 0 | AG41: 0 | AI41: 0 | AK41: 0 | AM41: 0 | AS41: 0 | AU41: 0 | AY41: 0 | BA41: 0 | BC41: 0 | BE41: 0 | BG41: 0 | BI41: 0
A42: 631BM1 | B42: 15971.443 | C42: 15993.066 | D42: =(C42-B42)*1000 -> 21623 | E42: 16028.459 | F42: =(E42-C42)*1000 -> 35393 | G42: 16076.41 | H42: =(G42-E42)*1000 -> 47951 | I42: 16121.462 | J42: =(I42-G42)*1000 -> 45052 | K42: 16168.406 | L42: =(K42-I42)*1000 -> 46944 | M42: 16219.408 | N42: =(M42-K42)*1000 -> 51002 | O42: 16262.899 | P42: =(O42-M42)*1000 -> 43491 | Q42: 16313.157 | R42: =(Q42-O42)*1000 -> 50258 | S42: 16362.017 | T42: =(S42-Q42)*1000 -> 48860 | U42: 16409.075 | V42: =(U42-S42)*1000 -> 47058 | W42: 16460.09 | X42: =(W42-U42)*1000 -> 51015 | Y42: 16502.649 | Z42: =(Y42-W42)*1000 -> 42559 | AA42: 16553.806 | AB42: =(AA42-Y42)*1000 -> 51157 | AC42: 16598.77 | AD42: =(AC42-AA42)*1000 -> 44964 | AE42: 16637.196 | AF42: =(AE42-AC42)*1000 -> 38426 | AG42: 16688.771 | AH42: =(AG42-AE42)*1000 -> 51575 | AI42: 16737.896 | AJ42: =(AI42-AG42)*1000 -> 49125 | AK42: 16788.226 | AL42: =(AK42-AI42)*1000 -> 50330 | AM42: 16839.196 | AN42: =(AM42-AK42)*1000 -> 50970 | AO42: 16889.936 | AP42: =(AO42-AM42)*1000 -> 50740 | AQ42: 16939.544 | AR42: =(AQ42-AO42)*1000 -> 49608 | AS42: 16991.33 | AT42: =(AS42-AQ42)*1000 -> 51786 | AU42: 17041.392 | AV42: =(AU42-AS42)*1000-750 -> 49312 | AW42: 17092.85 | AX42: =(AW42-AU42)*1000 -> 51458 | AY42: 17143.538 | AZ42: =(AY42-AW42)*1000 -> 50688 | BA42: 17193.082 | BB42: =(BA42-AY42)*1000 -> 49544 | BC42: 17233.968 | BD42: =(BC42-BA42)*1000 -> 40886 | BE42: 17273.086 | BF42: =(BE42-BC42)*1000 -> 39118 | BG42: 17316.82 | BH42: =(BG42-BE42)*1000 -> 43734 | BI42: 17361.17 | BJ42: =(BI42-BG42)*1000 -> 44350
A43: 631FN6 | B43: 606.289 | C43: 610.18536 | D43: =(C43-B43)*1000 -> 3896.36 | E43: 615.2338 | F43: =(E43-C43)*1000 -> 5048.44 | G43: 621.11668 | H43: =(G43-E43)*1000 -> 5882.88 | I43: 626.70756 | J43: =(I43-G43)*1000 -> 5590.88 | K43: 632.85688 | L43: =(K43-I43)*1000 -> 6149.32 | M43: 639.40636 | N43: =(M43-K43)*1000 -> 6549.48 | O43: 645.20244 | P43: =(O43-M43)*1000 -> 5796.08 | Q43: 651.74552 | R43: =(Q43-O43)*1000 -> 6543.08 | S43: 658.0722 | T43: =(S43-Q43)*1000 -> 6326.68 | U43: 664.37788 | V43: =(U43-S43)*1000 -> 6305.68 | W43: 671.05008 | X43: =(W43-U43)*1000 -> 6672.2 | Y43: 676.51512 | Z43: =(Y43-W43)*1000 -> 5465.04 | AA43: 683.2152 | AB43: =(AA43-Y43)*1000 -> 6700.08 | AC43: 689.67424 | AD43: =(AC43-AA43)*1000 -> 6459.04 | AE43: 695.0108 | AF43: =(AE43-AC43)*1000 -> 5336.56 | AG43: 701.85231 | AH43: =(AG43-AE43)*1000 -> 6841.51 | AI43: 708.57352 | AJ43: =(AI43-AG43)*1000 -> 6721.21 | AK43: 715.62592 | AL43: =(AK43-AI43)*1000 -> 7052.4 | AM43: 722.7592 | AN43: =(AM43-AK43)*1000 -> 7133.28 | AO43: 729.90672 | AP43: =(AO43-AM43)*1000 -> 7147.52 | AQ43: 736.91496 | AR43: =(AQ43-AO43)*1000 -> 7008.24 | AS43: 744.29984 | AT43: =(AS43-AQ43)*1000 -> 7384.88 | AU43: 751.3804 | AV43: =(AU43-AS43)*1000 -> 7080.56 | AW43: 758.59415 | AX43: =(AW43-AU43)*1000 -> 7213.75 | AY43: 765.79616 | AZ43: =(AY43-AW43)*1000 -> 7202.01 | BA43: 772.53064 | BB43: =(BA43-AY43)*1000 -> 6734.48 | BC43: 777.78528 | BD43: =(BC43-BA43)*1000 -> 5254.64 | BE43: 783.08112 | BF43: =(BE43-BC43)*1000 -> 5295.84 | BG43: 788.85664 | BH43: =(BG43-BE43)*1000 -> 5775.52 | BI43: 794.80296 | BJ43: =(BI43-BG43)*1000 -> 5946.32
