Workbook

Sheet Mines (2)
B1: MARCH | C1: HG LS | H1: LG LS | L1: Clay | Q1: Sand | V1: TG | Z1: HGHMGO | AD1: PURCHASED LIMESTONE | AH1: Total
B2: Date | C2: Opening Stock | D2: Production | E2: Total Consumption | F2: CONS R/M1 | G2: Closing Stock | H2: Opening Stock | I2: Production | J2: Consumption | K2: Closing Stock | L2: Opening Stock | M2: Production | N2: TOTAL Consumption | O2: Cons R/M1 | P2: Closing Stock | Q2: Opening Stock | R2: Production | S2: TOTALConsumption | T2: Cons R/M1 | U2: Closing Stock | V2: Opening Stock | W2: Production | X2: Consumption | Y2: Closing Stock | Z2: Opening Stock | AA2: Production | AB2: Consumption | AC2: Closing Stock | AD2: Opening Stock | AE2: Production | AF2: Consumption | AG2: Closing Stock | AH2: P | AI2: C | AJ2: Raw meal | AK2: diff | AL2: LG | AR2: MINES CONS | AS2: MINES RECEIPT
B3: 1 | C3: =9504.32318000297+1.74 -> 9506.0632 | D3: 0 | E3: =F3+'RAW MILL 2'!C3 -> 0 | F3: 0 | G3: =C3+D3-E3 -> 9506.0632 | H3: 13598.809 | I3: 401.14 | J3: 0 | K3: =H3+I3-J3-Cement!Q3 -> 13547.099 | L3: 124.04 | M3: 0 | N3: =O3+'RAW MILL 2'!D3 -> 0 | O3: 0 | P3: =L3+M3-N3 -> 124.04 | Q3: 600.28 | R3: 0 | S3: =T3+'RAW MILL 2'!E3 -> 0 | T3: 0 | U3: =Q3+R3-S3 -> 600.28 | V3: 0 | W3: 0 | X3: 0 | Y3: =V3+W3-X3 -> 0 | Z3: 0 | AA3: 0 | AB3: 0 | AC3: =Z3+AA3-AB3 -> 0 | AD3: 0 | AE3: 0 | AF3: 0 | AG3: =AD3+AE3-AF3 -> 0 | AH3: =D3+I3+M3+R3+W3+AA3+Cement!P3+Cement!T3+AE3 -> 401.14 | AI3: =E3+J3+N3+S3+X3+AB3+Clinker!E3+AF3 -> 0 | AJ3: =Production2!N3 -> 0 | AL3: 3103 | AQ3: =D3+I3+M3+R3+Cement!P3 -> 401.14 | AR3: =AI3+Cement!Q3-Clinker!E3 -> 452.85 | AS3: 940.1 | AT3: =AI3-Production2!N3 -> 0 | AU3: =AI3 -> 0 | AV3: =E3+J3 -> 0 | AW3: =AS3-D3 -> 940.1 | AX3: =I3-AY3 -> -1218.36 | AY3: 1619.5 | AZ3: =(AI3-Production2!N3)/'Mines (2)'!AI3 -> #DIV/0! | BA3: =AZ3*100 -> #DIV/0! | BB3: =E3+J3+AB3 -> 0
B4: 2 | C4: =G3 -> 9506.0632 | D4: 0 | E4: =F4+'RAW MILL 2'!C4 -> 0 | F4: 0 | G4: =C4+D4-E4 -> 9506.0632 | H4: =K3 -> 13547.099 | I4: 808.48 | J4: 0 | K4: =H4+I4-J4-Cement!Q4 -> 13882.179 | L4: =P3 -> 124.04 | M4: 0 | N4: =O4+'RAW MILL 2'!D4 -> 0 | O4: 0 | P4: =L4+M4-N4 -> 124.04 | Q4: =U3 -> 600.28 | R4: 0 | S4: =T4+'RAW MILL 2'!E4 -> 0 | T4: 0 | U4: =Q4+R4-S4 -> 600.28 | V4: =Y3 -> 0 | W4: 0 | X4: 0 | Y4: =V4+W4-X4 -> 0 | Z4: =AC3 -> 0 | AA4: 0 | AB4: 0 | AC4: =Z4+AA4-AB4 -> 0 | AD4: =AG3 -> 0 | AE4: 0 | AF4: 0 | AG4: =AD4+AE4-AF4 -> 0 | AH4: =D4+I4+M4+R4+W4+AA4+Cement!P4+Cement!T4+AE4 -> 808.48 | AI4: =E4+J4+N4+S4+X4+AB4+Clinker!E4+AF4 -> 0 | AJ4: =Production2!N4 -> 0 | AK4: =AJ4-AI4 -> 0 | AL4: 3286 | AQ4: =D4+I4+M4+R4+Cement!P4 -> 808.48 | AR4: =AI4+Cement!Q4-Clinker!E4 -> 473.4 | AS4: 987.54 | AT4: =AI4-Production2!N4 -> 0 | AU4: =AI4 -> 0 | AV4: =E4+J4 -> 0 | AW4: =AS4-D4 -> 987.54 | AX4: =I4-AY4 -> 185.2 | AY4: 623.28 | AZ4: =(AI4-Production2!N4)/'Mines (2)'!AI4 -> #DIV/0! | BA4: =AZ4*100 -> #DIV/0! | BB4: =E4+J4+AB4 -> 0
B5: 3 | C5: =G4 -> 9506.0632 | D5: 0 | E5: =F5+'RAW MILL 2'!C5 -> 488 | F5: 488 | G5: =C5+D5-E5 -> 9018.0632 | H5: =K4 -> 13882.179 | I5: 239.08 | J5: 0 | K5: =H5+I5-J5-Cement!Q5 -> 13671.459 | L5: =P4 -> 124.04 | M5: 0 | N5: =O5+'RAW MILL 2'!D5 -> 0 | O5: 0 | P5: =L5+M5-N5 -> 124.04 | Q5: =U4 -> 600.28 | R5: 0 | S5: =T5+'RAW MILL 2'!E5 -> 0 | T5: 0 | U5: =Q5+R5-S5 -> 600.28 | V5: =Y4 -> 0 | W5: 0 | X5: 0 | Y5: =V5+W5-X5 -> 0 | Z5: =AC4 -> 0 | AA5: 0 | AB5: 0 | AC5: =Z5+AA5-AB5 -> 0 | AD5: =AG4 -> 0 | AE5: 0 | AF5: 0 | AG5: =AD5+AE5-AF5 -> 0 | AH5: =D5+I5+M5+R5+W5+AA5+Cement!P5+Cement!T5+AE5 -> 239.08 | AI5: =E5+J5+N5+S5+X5+AB5+Clinker!E5+AF5 -> 498 | AJ5: =Production2!N5 -> 448.5 | AK5: =AJ5-AI5 -> -49.5 | AL5: 2899 | AQ5: =D5+I5+M5+R5+Cement!P5 -> 239.08 | AR5: =AI5+Cement!Q5-Clinker!E5 -> 937.8 | AS5: 249.34 | AT5: =AI5-Production2!N5 -> 49.5 | AU5: =AI5 -> 498 | AV5: =E5+J5 -> 488 | AW5: =AS5-D5 -> 249.34 | AX5: =I5-AY5 -> -203.42 | AY5: 442.5 | AZ5: =(AI5-Production2!N5)/'Mines (2)'!AI5 -> 0.09939759 | BA5: =AZ5*100 -> 9.939759 | BB5: =E5+J5+AB5 -> 488
B6: 4 | C6: =G5 -> 9018.0632 | D6: 1286.4 | E6: =F6+'RAW MILL 2'!C6 -> 1137 | F6: 1137 | G6: =C6+D6-E6 -> 9167.4632 | H6: =K5 -> 13671.459 | I6: 879.5 | J6: 0 | K6: =H6+I6-J6-Cement!Q6 -> 14149.459 | L6: =P5 -> 124.04 | M6: 0 | N6: =O6+'RAW MILL 2'!D6 -> 0 | O6: 0 | P6: =L6+M6-N6 -> 124.04 | Q6: =U5 -> 600.28 | R6: 0 | S6: =T6+'RAW MILL 2'!E6 -> 0 | T6: 0 | U6: =Q6+R6-S6 -> 600.28 | V6: =Y5 -> 0 | W6: 0 | X6: 0 | Y6: =V6+W6-X6 -> 0 | Z6: =AC5 -> 0 | AA6: 0 | AB6: 0 | AC6: =Z6+AA6-AB6 -> 0 | AD6: =AG5 -> 0 | AE6: 0 | AF6: 0 | AG6: =AD6+AE6-AF6 -> 0 | AH6: =D6+I6+M6+R6+W6+AA6+Cement!P6+Cement!T6+AE6 -> 2165.9 | AI6: =E6+J6+N6+S6+X6+AB6+Clinker!E6+AF6 -> 1160 | AJ6: =Production2!N6 -> 1044.69 | AK6: =AJ6-AI6 -> -115.31 | AL6: 3290 | AQ6: =D6+I6+M6+R6+Cement!P6 -> 2165.9 | AR6: =AI6+Cement!Q6-Clinker!E6 -> 1538.5 | AS6: 1108.96 | AT6: =AI6-Production2!N6 -> 115.31 | AU6: =AI6 -> 1160 | AV6: =E6+J6 -> 1137 | AW6: =AS6-D6 -> -177.44 | AX6: =I6-AY6 -> -1357.26 | AY6: 2236.76 | AZ6: =(AI6-Production2!N6)/'Mines (2)'!AI6 -> 0.099405172 | BA6: =AZ6*100 -> 9.9405172 | BB6: =E6+J6+AB6 -> 1137
B7: 5 | C7: =G6 -> 9167.4632 | D7: 697.96 | E7: =F7+'RAW MILL 2'!C7 -> 0 | F7: 0 | G7: =C7+D7-E7 -> 9865.4232 | H7: =K6 -> 14149.459 | I7: 787.42 | J7: 0 | K7: =H7+I7-J7-Cement!Q7 -> 14348.879 | L7: =P6 -> 124.04 | M7: 0 | N7: =O7+'RAW MILL 2'!D7 -> 0 | O7: 0 | P7: =L7+M7-N7 -> 124.04 | Q7: =U6 -> 600.28 | R7: 0 | S7: =T7+'RAW MILL 2'!E7 -> 0 | T7: 0 | U7: =Q7+R7-S7 -> 600.28 | V7: =Y6 -> 0 | W7: 0 | X7: 0 | Y7: =V7+W7-X7 -> 0 | Z7: =AC6 -> 0 | AA7: 0 | AB7: 0 | AC7: =Z7+AA7-AB7 -> 0 | AD7: =AG6 -> 0 | AE7: 0 | AF7: 0 | AG7: =AD7+AE7-AF7 -> 0 | AH7: =D7+I7+M7+R7+W7+AA7+Cement!P7+Cement!T7+AE7 -> 1485.38 | AI7: =E7+J7+N7+S7+X7+AB7+Clinker!E7+AF7 -> 0 | AJ7: =Production2!N7 -> 0 | AK7: =AJ7-AI7 -> 0 | AL7: 3245 | AQ7: =D7+I7+R7+Cement!P7 -> 1485.38 | AR7: =AI7+Cement!Q7-Clinker!E7 -> 588 | AS7: 0 | AT7: =AI7-Production2!N7 -> 0 | AU7: =AI7 -> 0 | AV7: =E7+J7 -> 0 | AW7: =AS7-D7 -> -697.96 | AX7: =I7-AY7 -> 787.42 | AY7: 0 | AZ7: =(AI7-Production2!N7)/'Mines (2)'!AI7 -> #DIV/0! | BA7: =AZ7*100 -> #DIV/0! | BB7: =E7+J7+AB7 -> 0
B8: 6 | C8: =G7 -> 9865.4232 | D8: 0 | E8: =F8+'RAW MILL 2'!C8 -> 1000 | F8: 1000 | G8: =C8+D8-E8 -> 8865.4232 | H8: =K7 -> 14348.879 | I8: 420.1 | J8: 1471 | K8: =H8+I8-J8-Cement!Q8 -> 12906.299 | L8: =P7 -> 124.04 | M8: 0 | N8: =O8+'RAW MILL 2'!D8 -> 10 | O8: 10 | P8: =L8+M8-N8 -> 114.04 | Q8: =U7 -> 600.28 | R8: 0 | S8: =T8+'RAW MILL 2'!E8 -> 12 | T8: 12 | U8: =Q8+R8-S8 -> 588.28 | V8: =Y7 -> 0 | W8: 0 | X8: 0 | Y8: =V8+W8-X8 -> 0 | Z8: =AC7 -> 0 | AA8: 0 | AB8: 0 | AC8: =Z8+AA8-AB8 -> 0 | AD8: =AG7 -> 0 | AE8: 0 | AF8: 0 | AG8: =AD8+AE8-AF8 -> 0 | AH8: =D8+I8+M8+R8+W8+AA8+Cement!P8+Cement!T8+AE8 -> 420.1 | AI8: =E8+J8+N8+S8+X8+AB8+Clinker!E8+AF8 -> 2549 | AJ8: =Production2!N8 -> 2294.1 | AK8: =AJ8-AI8 -> -254.9 | AL8: 3139 | AQ8: =D8+I8+M8+R8+Cement!P8 -> 420.1 | AR8: =AI8+Cement!Q8-Clinker!E8 -> 2884.68 | AS8: 1300 | AT8: =AI8-Production2!N8 -> 254.9 | AU8: =AI8 -> 2549 | AV8: =E8+J8 -> 2471 | AW8: =AS8-D8 -> 1300 | AX8: =I8-AY8 -> -419.9 | AY8: 840 | AZ8: =(AI8-Production2!N8)/'Mines (2)'!AI8 -> 0.1 | BA8: =AZ8*100 -> 10 | BB8: =E8+J8+AB8 -> 2471
B9: 7 | C9: =G8 -> 8865.4232 | D9: 1837.02 | E9: =F9+'RAW MILL 2'!C9 -> 1314 | F9: 1078 | G9: =C9+D9-E9 -> 9388.4432 | H9: =K8 -> 12906.299 | I9: 1446.6 | J9: 2000 | K9: =H9+I9-J9-Cement!Q9 -> 11947.949 | L9: =P8 -> 114.04 | M9: 0 | N9: =O9+'RAW MILL 2'!D9 -> 14 | O9: 13 | P9: =L9+M9-N9 -> 100.04 | Q9: =U8 -> 588.28 | R9: 0 | S9: =T9+'RAW MILL 2'!E9 -> 0 | T9: 0 | U9: =Q9+R9-S9 -> 588.28 | V9: =Y8 -> 0 | W9: 0 | X9: 0 | Y9: =V9+W9-X9 -> 0 | Z9: =AC8 -> 0 | AA9: 0 | AB9: 0 | AC9: =Z9+AA9-AB9 -> 0 | AD9: =AG8 -> 0 | AE9: 0 | AF9: 0 | AG9: =AD9+AE9-AF9 -> 0 | AH9: =D9+I9+M9+R9+W9+AA9+Cement!P9+Cement!T9+AE9 -> 3283.62 | AI9: =E9+J9+N9+S9+X9+AB9+Clinker!E9+AF9 -> 3396 | AJ9: =Production2!N9 -> 2838 | AK9: =AJ9-AI9 -> -558 | AL9: 1732 | AQ9: =D9+I9+M9+R9+Cement!P9 -> 3283.62 | AR9: =AI9+Cement!Q9-Clinker!E9 -> 3732.95 | AS9: 480 | AT9: =AI9-Production2!N9 -> 558 | AU9: =AI9 -> 3396 | AV9: =E9+J9 -> 3314 | AW9: =AS9-D9 -> -1357.02 | AX9: =I9-AY9 -> -733.4 | AY9: 2180 | AZ9: =(AI9-Production2!N9)/'Mines (2)'!AI9 -> 0.16431095 | BA9: =AZ9*100 -> 16.431095 | BB9: =E9+J9+AB9 -> 3314
B10: 8 | C10: =G9 -> 9388.4432 | D10: 588.58 | E10: =F10+'RAW MILL 2'!C10 -> 2195 | F10: 2000 | G10: =C10+D10-E10 -> 7782.0232 | H10: =K9 -> 11947.949 | I10: 2411.22 | J10: 1117 | K10: =H10+I10-J10-Cement!Q10 -> 12963.169 | L10: =P9 -> 100.04 | M10: 0 | N10: =O10+'RAW MILL 2'!D10 -> 0 | O10: 0 | P10: =L10+M10-N10 -> 100.04 | Q10: =U9 -> 588.28 | R10: 0 | S10: =T10+'RAW MILL 2'!E10 -> 14 | T10: 13 | U10: =Q10+R10-S10 -> 574.28 | V10: =Y9 -> 0 | W10: 0 | X10: 0 | Y10: =V10+W10-X10 -> 0 | Z10: =AC9 -> 0 | AA10: 0 | AB10: 0 | AC10: =Z10+AA10-AB10 -> 0 | AD10: =AG9 -> 0 | AE10: 0 | AF10: 0 | AG10: =AD10+AE10-AF10 -> 0 | AH10: =D10+I10+M10+R10+W10+AA10+Cement!P10+Cement!T10+AE10 -> 2999.8 | AI10: =E10+J10+N10+S10+X10+AB10+Clinker!E10+AF10 -> 3377 | AJ10: =Production2!N10 -> 2860 | AK10: =AJ10-AI10 -> -517 | AL10: 1959 | AQ10: =D10+I10+M10+R10+Cement!P10 -> 2999.8 | AR10: =AI10+Cement!Q10-Clinker!E10 -> 3605 | AS10: 1612.08 | AT10: =AI10-Production2!N10 -> 517 | AU10: =AI10 -> 3377 | AV10: =E10+J10 -> 3312 | AW10: =AS10-D10 -> 1023.5 | AX10: =I10-AY10 -> 1771.22 | AY10: 640 | AZ10: =(AI10-Production2!N10)/'Mines (2)'!AI10 -> 0.15309446 | BA10: =AZ10*100 -> 15.309446 | BB10: =E10+J10+AB10 -> 3312
B11: 9 | C11: =G10 -> 7782.0232 | D11: 0 | E11: =F11+'RAW MILL 2'!C11 -> 1743 | F11: 1661 | G11: =C11+D11-E11 -> 6039.0232 | H11: =K10 -> 12963.169 | I11: 3157.38 | J11: 1000 | K11: =H11+I11-J11-Cement!Q11 -> 14840.299 | L11: =P10 -> 100.04 | M11: 0 | N11: =O11+'RAW MILL 2'!D11 -> 0 | O11: 0 | P11: =L11+M11-N11 -> 100.04 | Q11: =U10 -> 574.28 | R11: 0 | S11: =T11+'RAW MILL 2'!E11 -> 9 | T11: 8 | U11: =Q11+R11-S11 -> 565.28 | V11: =Y10 -> 0 | W11: 0 | X11: 0 | Y11: =V11+W11-X11 -> 0 | Z11: =AC10 -> 0 | AA11: 0 | AB11: 0 | AC11: =Z11+AA11-AB11 -> 0 | AD11: =AG10 -> 0 | AE11: 0 | AF11: 0 | AG11: =AD11+AE11-AF11 -> 0 | AH11: =D11+I11+M11+R11+W11+AA11+Cement!P11+Cement!T11+AE11 -> 3157.38 | AI11: =E11+J11+N11+S11+X11+AB11+Clinker!E11+AF11 -> 2808 | AJ11: =Production2!N11 -> 2453 | AK11: =AJ11-AI11 -> -355 | AL11: 3119 | AQ11: =D11+I11+M11+R11+Cement!P11 -> 3157.38 | AR11: =AI11+Cement!Q11-Clinker!E11 -> 3032.25 | AS11: 2277.26 | AT11: =AI11-Production2!N11 -> 355 | AU11: =AI11 -> 2808 | AV11: =E11+J11 -> 2743 | AW11: =AS11-D11 -> 2277.26 | AX11: =I11-AY11 -> 2539.6 | AY11: 617.78 | AZ11: =(AI11-Production2!N11)/'Mines (2)'!AI11 -> 0.1264245 | BA11: =AZ11*100 -> 12.64245 | BB11: =E11+J11+AB11 -> 2743
B12: 10 | C12: =G11 -> 6039.0232 | D12: 1458.14 | E12: =F12+'RAW MILL 2'!C12 -> 2150 | F12: 1897 | G12: =C12+D12-E12 -> 5347.1632 | H12: =K11 -> 14840.299 | I12: 1302.46 | J12: 1000 | K12: =H12+I12-J12-Cement!Q12 -> 14833.259 | L12: =P11 -> 100.04 | M12: 0 | N12: =O12+'RAW MILL 2'!D12 -> 0 | O12: 0 | P12: =L12+M12-N12 -> 100.04 | Q12: =U11 -> 565.28 | R12: 0 | S12: =T12+'RAW MILL 2'!E12 -> 11 | T12: 10 | U12: =Q12+R12-S12 -> 554.28 | V12: =Y11 -> 0 | W12: 0 | X12: 0 | Y12: =V12+W12-X12 -> 0 | Z12: =AC11 -> 0 | AA12: 0 | AB12: 0 | AC12: =Z12+AA12-AB12 -> 0 | AD12: =AG11 -> 0 | AE12: 0 | AF12: 0 | AG12: =AD12+AE12-AF12 -> 0 | AH12: =D12+I12+M12+R12+W12+AA12+Cement!P12+Cement!T12+AE12 -> 2760.6 | AI12: =E12+J12+N12+S12+X12+AB12+Clinker!E12+AF12 -> 3225 | AJ12: =Production2!N12 -> 2669 | AK12: =AJ12-AI12 -> -556 | AL12: 3017 | AQ12: =D12+I12+M12+R12+Cement!P12 -> 2760.6 | AR12: =AI12+Cement!Q12-Clinker!E12 -> 3470.5 | AS12: 400.64 | AT12: =AI12-Production2!N12 -> 556 | AU12: =AI12 -> 3225 | AV12: =E12+J12 -> 3150 | AW12: =AS12-D12 -> -1057.5 | AX12: =I12-AY12 -> 159.88 | AY12: 1142.58 | AZ12: =(AI12-Production2!N12)/'Mines (2)'!AI12 -> 0.1724031 | BA12: =AZ12*100 -> 17.24031 | BB12: =E12+J12+AB12 -> 3150
B13: 11 | C13: =G12 -> 5347.1632 | D13: 1032.84 | E13: =F13+'RAW MILL 2'!C13 -> 1807 | F13: 1660 | G13: =C13+D13-E13 -> 4573.0032 | H13: =K12 -> 14833.259 | I13: 2249.46 | J13: 1000 | K13: =H13+I13-J13-Cement!Q13 -> 15864.719 | L13: =P12 -> 100.04 | M13: 0 | N13: =O13+'RAW MILL 2'!D13 -> 0 | O13: 0 | P13: =L13+M13-N13 -> 100.04 | Q13: =U12 -> 554.28 | R13: 0 | S13: =T13+'RAW MILL 2'!E13 -> 9 | T13: 8 | U13: =Q13+R13-S13 -> 545.28 | V13: =Y12 -> 0 | W13: 0 | X13: 0 | Y13: =V13+W13-X13 -> 0 | Z13: =AC12 -> 0 | AA13: 0 | AB13: 0 | AC13: =Z13+AA13-AB13 -> 0 | AD13: =AG12 -> 0 | AE13: 0 | AF13: 0 | AG13: =AD13+AE13-AF13 -> 0 | AH13: =D13+I13+M13+R13+W13+AA13+Cement!P13+Cement!T13+AE13 -> 3282.3 | AI13: =E13+J13+N13+S13+X13+AB13+Clinker!E13+AF13 -> 2874 | AJ13: =Production2!N13 -> 2451 | AK13: =AJ13-AI13 -> -423 | AL13: 3256 | AQ13: =D13+I13+M13+R13+Cement!P13 -> 3282.3 | AR13: =AI13+Cement!Q13-Clinker!E13 -> 3034 | AS13: 1843.24 | AT13: =AI13-Production2!N13 -> 423 | AU13: =AI13 -> 2874 | AV13: =E13+J13 -> 2807 | AW13: =AS13-D13 -> 810.4 | AX13: =I13-AY13 -> 1155.98 | AY13: 1093.48 | AZ13: =(AI13-Production2!N13)/'Mines (2)'!AI13 -> 0.14718163 | BA13: =AZ13*100 -> 14.718163 | BB13: =E13+J13+AB13 -> 2807
B14: 12 | C14: =G13 -> 4573.0032 | D14: 1071.7 | E14: =F14+'RAW MILL 2'!C14 -> 1141 | F14: 1007 | G14: =C14+D14-E14 -> 4503.7032 | H14: =K13 -> 15864.719 | I14: 1827.24 | J14: 2000 | K14: =H14+I14-J14-Cement!Q14 -> 15430.709 | L14: =P13 -> 100.04 | M14: 0 | N14: =O14+'RAW MILL 2'!D14 -> 5 | O14: 5 | P14: =L14+M14-N14 -> 95.04 | Q14: =U13 -> 545.28 | R14: 0 | S14: =T14+'RAW MILL 2'!E14 -> 10 | T14: 9 | U14: =Q14+R14-S14 -> 535.28 | V14: =Y13 -> 0 | W14: 0 | X14: 0 | Y14: =V14+W14-X14 -> 0 | Z14: =AC13 -> 0 | AA14: 0 | AB14: 0 | AC14: =Z14+AA14-AB14 -> 0 | AD14: =AG13 -> 0 | AE14: 0 | AF14: 0 | AG14: =AD14+AE14-AF14 -> 0 | AH14: =D14+I14+M14+R14+W14+AA14+Cement!P14+Cement!T14+AE14 -> 2898.94 | AI14: =E14+J14+N14+S14+X14+AB14+Clinker!E14+AF14 -> 3236 | AJ14: =Production2!N14 -> 2790 | AK14: =AJ14-AI14 -> -446 | AL14: 3209 | AQ14: =D14+I14+M14+R14+Cement!P14 -> 2898.94 | AR14: =AI14+Cement!Q14-Clinker!E14 -> 3417.25 | AS14: 665.76 | AT14: =AI14-Production2!N14 -> 446 | AU14: =AI14 -> 3236 | AV14: =E14+J14 -> 3141 | AW14: =AS14-D14 -> -405.94 | AX14: =I14-AY14 -> 641.82 | AY14: 1185.42 | AZ14: =(AI14-Production2!N14)/'Mines (2)'!AI14 -> 0.13782447 | BA14: =AZ14*100 -> 13.782447 | BB14: =E14+J14+AB14 -> 3141
B15: 13 | C15: =G14 -> 4503.7032 | D15: 0 | E15: =F15+'RAW MILL 2'!C15 -> 859 | F15: 639 | G15: =C15+D15-E15 -> 3644.7032 | H15: =K14 -> 15430.709 | I15: 2390.26 | J15: 2000 | K15: =H15+I15-J15-Cement!Q15 -> 15615.669 | L15: =P14 -> 95.04 | M15: 0 | N15: =O15+'RAW MILL 2'!D15 -> 23 | O15: 22 | P15: =L15+M15-N15 -> 72.04 | Q15: =U14 -> 535.28 | R15: 0 | S15: =T15+'RAW MILL 2'!E15 -> 19 | T15: 17 | U15: =Q15+R15-S15 -> 516.28 | V15: =Y14 -> 0 | W15: 0 | X15: 0 | Y15: =V15+W15-X15 -> 0 | Z15: =AC14 -> 0 | AA15: 0 | AB15: 0 | AC15: =Z15+AA15-AB15 -> 0 | AD15: =AG14 -> 0 | AE15: 0 | AF15: 0 | AG15: =AD15+AE15-AF15 -> 0 | AH15: =D15+I15+M15+R15+W15+AA15+Cement!P15+Cement!T15+AE15 -> 2390.26 | AI15: =E15+J15+N15+S15+X15+AB15+Clinker!E15+AF15 -> 2961 | AJ15: =Production2!N15 -> 2460 | AK15: =AJ15-AI15 -> -501 | AL15: 3075 | AQ15: =D15+I15+M15+R15+Cement!P15 -> 2390.26 | AR15: =AI15+Cement!Q15-Clinker!E15 -> 3106.3 | AS15: 776.72 | AT15: =AI15-Production2!N15 -> 501 | AU15: =AI15 -> 2961 | AV15: =E15+J15 -> 2859 | AW15: =AS15-D15 -> 776.72 | AX15: =I15-AY15 -> 1169.74 | AY15: 1220.52 | AZ15: =(AI15-Production2!N15)/'Mines (2)'!AI15 -> 0.16919959 | BA15: =AZ15*100 -> 16.919959 | BB15: =E15+J15+AB15 -> 2859
B16: 14 | C16: =G15 -> 3644.7032 | D16: 0 | E16: =F16+'RAW MILL 2'!C16 -> 912 | F16: 697 | G16: =C16+D16-E16 -> 2732.7032 | H16: =K15 -> 15615.669 | I16: 2389.26 | J16: 2000 | K16: =H16+I16-J16-Cement!Q16 -> 15725.329 | L16: =P15 -> 72.04 | M16: 0 | N16: =O16+'RAW MILL 2'!D16 -> 27 | O16: 25 | P16: =L16+M16-N16 -> 45.04 | Q16: =U15 -> 516.28 | R16: 0 | S16: =T16+'RAW MILL 2'!E16 -> 0 | T16: 0 | U16: =Q16+R16-S16 -> 516.28 | V16: =Y15 -> 0 | W16: 0 | X16: 0 | Y16: =V16+W16-X16 -> 0 | Z16: =AC15 -> 0 | AA16: 0 | AB16: 0 | AC16: =Z16+AA16-AB16 -> 0 | AD16: =AG15 -> 0 | AE16: 0 | AF16: 0 | AG16: =AD16+AE16-AF16 -> 0 | AH16: =D16+I16+M16+R16+W16+AA16+Cement!P16+Cement!T16+AE16 -> 2389.26 | AI16: =E16+J16+N16+S16+X16+AB16+Clinker!E16+AF16 -> 2999 | AJ16: =Production2!N16 -> 2501 | AK16: =AJ16-AI16 -> -498 | AL16: 2456 | AQ16: =D16+I16+M16+R16+Cement!P16 -> 2389.26 | AR16: =AI16+Cement!Q16-Clinker!E16 -> 3218.6 | AS16: 1682.06 | AT16: =AI16-Production2!N16 -> 498 | AU16: =AI16 -> 2999 | AV16: =E16+J16 -> 2912 | AW16: =AS16-D16 -> 1682.06 | AX16: =I16-AY16 -> 1331.1 | AY16: 1058.16 | AZ16: =(AI16-Production2!N16)/'Mines (2)'!AI16 -> 0.16605535 | BA16: =AZ16*100 -> 16.605535 | BB16: =E16+J16+AB16 -> 2912
B17: 15 | C17: =G16 -> 2732.7032 | D17: 926.16 | E17: =F17+'RAW MILL 2'!C17 -> 666 | F17: 413 | G17: =C17+D17-E17 -> 2992.8632 | H17: =K16 -> 15725.329 | I17: 1252.42 | J17: 2000 | K17: =H17+I17-J17-Cement!Q17 -> 14613.899 | L17: =P16 -> 45.04 | M17: 0 | N17: =O17+'RAW MILL 2'!D17 -> 5 | O17: 4 | P17: =L17+M17-N17 -> 40.04 | Q17: =U16 -> 516.28 | R17: 0 | S17: =T17+'RAW MILL 2'!E17 -> 0 | T17: 0 | U17: =Q17+R17-S17 -> 516.28 | V17: =Y16 -> 0 | W17: 0 | X17: 0 | Y17: =V17+W17-X17 -> 0 | Z17: =AC16 -> 0 | AA17: 0 | AB17: 0 | AC17: =Z17+AA17-AB17 -> 0 | AD17: =AG16 -> 0 | AE17: 0 | AF17: 0 | AG17: =AD17+AE17-AF17 -> 0 | AH17: =D17+I17+M17+R17+W17+AA17+Cement!P17+Cement!T17+AE17 -> 2178.58 | AI17: =E17+J17+N17+S17+X17+AB17+Clinker!E17+AF17 -> 2739 | AJ17: =Production2!N17 -> 2232 | AK17: =AJ17-AI17 -> -507 | AL17: 2956 | AM17: =E17/AJ17 -> 0.2983871 | AN17: =J17/AJ17 -> 0.89605735 | AO17: =N17/AJ17 -> 0.0022401434 | AP17: =S17/AJ17 -> 0 | AQ17: =D17+I17+M17+R17+Cement!P17 -> 2178.58 | AR17: =AI17+Cement!Q17-Clinker!E17 -> 3034.85 | AS17: 593.68 | AT17: =AI17-Production2!N17 -> 507 | AU17: =AI17 -> 2739 | AV17: =E17+J17 -> 2666 | AW17: =AS17-D17 -> -332.48 | AX17: =I17-AY17 -> 681.5 | AY17: 570.92 | AZ17: =(AI17-Production2!N17)/'Mines (2)'!AI17 -> 0.18510405 | BA17: =AZ17*100 -> 18.510405 | BB17: =E17+J17+AB17 -> 2666
B18: 16 | C18: =G17 -> 2992.8632 | D18: 1284.46 | E18: =F18+'RAW MILL 2'!C18 -> 542 | F18: 335 | G18: =C18+D18-E18 -> 3735.3232 | H18: =K17 -> 14613.899 | I18: 1488.7 | J18: 2000 | K18: =H18+I18-J18-Cement!Q18 -> 13729.749 | L18: =P17 -> 40.04 | M18: 100 | N18: =O18+'RAW MILL 2'!D18 -> 5 | O18: 4 | P18: =L18+M18-N18 -> 135.04 | Q18: =U17 -> 516.28 | R18: 0 | S18: =T18+'RAW MILL 2'!E18 -> 1 | T18: 1 | U18: =Q18+R18-S18 -> 515.28 | V18: =Y17 -> 0 | W18: 0 | X18: 0 | Y18: =V18+W18-X18 -> 0 | Z18: =AC17 -> 0 | AA18: 0 | AB18: 0 | AC18: =Z18+AA18-AB18 -> 0 | AD18: =AG17 -> 0 | AE18: 0 | AF18: 0 | AG18: =AD18+AE18-AF18 -> 0 | AH18: =D18+I18+M18+R18+W18+AA18+Cement!P18+Cement!T18+AE18 -> 2873.16 | AI18: =E18+J18+N18+S18+X18+AB18+Clinker!E18+AF18 -> 2600 | AJ18: =Production2!N18 -> 2150 | AK18: =AJ18-AI18 -> -450 | AL18: 3022 | AM18: =E18/AJ18 -> 0.25209302 | AN18: =J18/AJ18 -> 0.93023256 | AO18: =N18/AJ18 -> 0.0023255814 | AP18: =S18/AJ18 -> 0.00046511628 | AQ18: =D18+I18+M18+R18+Cement!P18 -> 2873.16 | AR18: =AI18+Cement!Q18-Clinker!E18 -> 2920.85 | AS18: 1924.02 | AT18: =AI18-Production2!N18 -> 450 | AU18: =AI18 -> 2600 | AV18: =E18+J18 -> 2542 | AW18: =AS18-D18 -> 639.56 | AX18: =I18-AY18 -> -439.88 | AY18: 1928.58 | AZ18: =(AI18-Production2!N18)/'Mines (2)'!AI18 -> 0.17307692 | BA18: =AZ18*100 -> 17.307692
B19: 17 | C19: =G18 -> 3735.3232 | D19: 295.02 | E19: =F19+'RAW MILL 2'!C19 -> 609 | F19: 406 | G19: =C19+D19-E19 -> 3421.3432 | H19: =K18 -> 13729.749 | I19: 2219.62 | J19: 2000 | K19: =H19+I19-J19-Cement!Q19 -> 13788.869 | L19: =P18 -> 135.04 | M19: 0 | N19: =O19+'RAW MILL 2'!D19 -> 5 | O19: 4 | P19: =L19+M19-N19 -> 130.04 | Q19: =U18 -> 515.28 | R19: 0 | S19: =T19+'RAW MILL 2'!E19 -> 1 | T19: 1 | U19: =Q19+R19-S19 -> 514.28 | V19: =Y18 -> 0 | W19: 0 | X19: 0 | Y19: =V19+W19-X19 -> 0 | Z19: =AC18 -> 0 | AA19: 0 | AB19: 0 | AC19: =Z19+AA19-AB19 -> 0 | AD19: =AG18 -> 0 | AE19: 0 | AF19: 0 | AG19: =AD19+AE19-AF19 -> 0 | AH19: =D19+I19+M19+R19+W19+AA19+Cement!P19+Cement!T19+AE19 -> 2514.64 | AI19: =E19+J19+N19+S19+X19+AB19+Clinker!E19+AF19 -> 2668 | AJ19: =Production2!N19 -> 2214 | AK19: =AJ19-AI19 -> -454 | AL19: 2379 | AM19: =E19/AJ19 -> 0.27506775 | AN19: =J19/AJ19 -> 0.90334237 | AO19: =N19/AJ19 -> 0.0022583559 | AP19: =S19/AJ19 -> 0.00045167118 | AQ19: =D19+I19+M19+R19+Cement!P19 -> 2514.64 | AR19: =AI19+Cement!Q19-Clinker!E19 -> 2775.5 | AS19: 2200 | AT19: =AI19-Production2!N19 -> 454 | AU19: =AI19 -> 2668 | AV19: =E19+J19 -> 2609 | AW19: =AS19-D19 -> 1904.98 | AX19: =I19-AY19 -> 1319.62 | AY19: 900 | AZ19: =(AI19-Production2!N19)/'Mines (2)'!AI19 -> 0.17016492 | BA19: =AZ19*100 -> 17.016492
B20: 18 | C20: =G19 -> 3421.3432 | D20: 1353.7 | E20: =F20+'RAW MILL 2'!C20 -> 1073 | F20: 879 | G20: =C20+D20-E20 -> 3702.0432 | H20: =K19 -> 13788.869 | I20: 853.64 | J20: 1000 | K20: =H20+I20-J20-Cement!Q20 -> 13251.509 | L20: =P19 -> 130.04 | M20: 314.56 | N20: =O20+'RAW MILL 2'!D20 -> 3 | O20: 3 | P20: =L20+M20-N20 -> 441.6 | Q20: =U19 -> 514.28 | R20: 0 | S20: =T20+'RAW MILL 2'!E20 -> 1 | T20: 1 | U20: =Q20+R20-S20 -> 513.28 | V20: =Y19 -> 0 | W20: 0 | X20: 0 | Y20: =V20+W20-X20 -> 0 | Z20: =AC19 -> 0 | AA20: 0 | AB20: 0 | AC20: =Z20+AA20-AB20 -> 0 | AD20: =AG19 -> 0 | AE20: 0 | AF20: 0 | AG20: =AD20+AE20-AF20 -> 0 | AH20: =D20+I20+M20+R20+W20+AA20+Cement!P20+Cement!T20+AE20 -> 2521.9 | AI20: =E20+J20+N20+S20+X20+AB20+Clinker!E20+AF20 -> 2120 | AJ20: =Production2!N20 -> 1729 | AK20: =AJ20-AI20 -> -391 | AL20: 3157 | AM20: =E20/AJ20 -> 0.62058994 | AN20: =J20/AJ20 -> 0.578369 | AO20: =N20/AJ20 -> 0.001735107 | AP20: =S20/AJ20 -> 0.000578369 | AQ20: =D20+I20+M20+R20+Cement!P20 -> 2521.9 | AR20: =AI20+Cement!Q20-Clinker!E20 -> 2468 | AS20: 1275.56 | AT20: =AI20-Production2!N20 -> 391 | AU20: =AI20 -> 2120 | AV20: =E20+J20 -> 2073 | AW20: =AS20-D20 -> -78.14 | AX20: =I20-AY20 -> 272.32 | AY20: 581.32 | AZ20: =(AI20-Production2!N20)/'Mines (2)'!AI20 -> 0.18443396 | BA20: =AZ20*100 -> 18.443396
B21: 19 | C21: =G20 -> 3702.0432 | D21: 2799.8 | E21: =F21+'RAW MILL 2'!C21 -> 991 | F21: 882 | G21: =C21+D21-E21 -> 5510.8432 | H21: =K20 -> 13251.509 | I21: 852.26 | J21: 1000 | K21: =H21+I21-J21-Cement!Q21 -> 12952.469 | L21: =P20 -> 441.6 | M21: 61.34 | N21: =O21+'RAW MILL 2'!D21 -> 0 | O21: 0 | P21: =L21+M21-N21 -> 502.94 | Q21: =U20 -> 513.28 | R21: 92.54 | S21: =T21+'RAW MILL 2'!E21 -> 0 | T21: 0 | U21: =Q21+R21-S21 -> 605.82 | V21: =Y20 -> 0 | W21: 0 | X21: 0 | Y21: =V21+W21-X21 -> 0 | Z21: =AC20 -> 0 | AA21: 0 | AB21: 0 | AC21: =Z21+AA21-AB21 -> 0 | AD21: =AG20 -> 0 | AE21: 0 | AF21: 0 | AG21: =AD21+AE21-AF21 -> 0 | AH21: =D21+I21+M21+R21+W21+AA21+Cement!P21+Cement!T21+AE21 -> 3805.94 | AI21: =E21+J21+N21+S21+X21+AB21+Clinker!E21+AF21 -> 2033 | AJ21: =Production2!N21 -> 1730 | AK21: =AJ21-AI21 -> -303 | AL21: 2838 | AM21: =E21/AJ21 -> 0.57283237 | AN21: =J21/AJ21 -> 0.57803468 | AO21: =N21/AJ21 -> 0 | AP21: =S21/AJ21 -> 0 | AQ21: =D21+I21+M21+R21+Cement!P21 -> 3805.94 | AR21: =AI21+Cement!Q21-Clinker!E21 -> 2142.3 | AS21: 244.68 | AT21: =AI21-Production2!N21 -> 303 | AU21: =AI21 -> 2033 | AV21: =E21+J21 -> 1991 | AW21: =AS21-D21 -> -2555.12 | AX21: =I21-AY21 -> -527.86 | AY21: 1380.12 | AZ21: =(AI21-Production2!N21)/'Mines (2)'!AI21 -> 0.14904083 | BA21: =AZ21*100 -> 14.904083
B22: 20 | C22: =G21 -> 5510.8432 | D22: 1451.92 | E22: =F22+'RAW MILL 2'!C22 -> 979 | F22: 896 | G22: =C22+D22-E22 -> 5983.7632 | H22: =K21 -> 12952.469 | I22: 1355 | J22: 1000 | K22: =H22+I22-J22-Cement!Q22 -> 13132.159 | L22: =P21 -> 502.94 | M22: 0 | N22: =O22+'RAW MILL 2'!D22 -> 0 | O22: 0 | P22: =L22+M22-N22 -> 502.94 | Q22: =U21 -> 605.82 | R22: 0 | S22: =T22+'RAW MILL 2'!E22 -> 21 | T22: 20 | U22: =Q22+R22-S22 -> 584.82 | V22: =Y21 -> 0 | W22: 0 | X22: 0 | Y22: =V22+W22-X22 -> 0 | Z22: =AC21 -> 0 | AA22: 0 | AB22: 0 | AC22: =Z22+AA22-AB22 -> 0 | AD22: =AG21 -> 0 | AE22: 0 | AF22: 0 | AG22: =AD22+AE22-AF22 -> 0 | AH22: =D22+I22+M22+R22+W22+AA22+Cement!P22+Cement!T22+AE22 -> 2806.92 | AI22: =E22+J22+N22+S22+X22+AB22+Clinker!E22+AF22 -> 2041 | AJ22: =Production2!N22 -> 1760 | AK22: =AJ22-AI22 -> -281 | AL22: 3051 | AM22: =E22/AJ22 -> 0.55625 | AN22: =J22/AJ22 -> 0.56818182 | AO22: =N22/AJ22 -> 0 | AP22: =S22/AJ22 -> 0.011931818 | AQ22: =D22+I22+M22+R22+Cement!P22 -> 2806.92 | AR22: =AI22+Cement!Q22-Clinker!E22 -> 2175.31 | AS22: 841.18 | AT22: =AI22-Production2!N22 -> 281 | AU22: =AI22 -> 2041 | AV22: =E22+J22 -> 1979 | AW22: =AS22-D22 -> -610.74 | AX22: =I22-AY22 -> -245.8 | AY22: 1600.8 | AZ22: =(AI22-Production2!N22)/'Mines (2)'!AI22 -> 0.13767761 | BA22: =AZ22*100 -> 13.767761
B23: 21 | C23: =G22 -> 5983.7632 | D23: 3063.96 | E23: =F23+'RAW MILL 2'!C23 -> 894 | F23: 788 | G23: =C23+D23-E23 -> 8153.7232 | H23: =K22 -> 13132.159 | I23: 183.94 | J23: 1000 | K23: =H23+I23-J23-Cement!Q23 -> 12099.449 | L23: =P22 -> 502.94 | M23: 118.24 | N23: =O23+'RAW MILL 2'!D23 -> 3 | O23: 2 | P23: =L23+M23-N23 -> 618.18 | Q23: =U22 -> 584.82 | R23: 45.22 | S23: =T23+'RAW MILL 2'!E23 -> 81 | T23: 76 | U23: =Q23+R23-S23 -> 549.04 | V23: =Y22 -> 0 | W23: 0 | X23: 0 | Y23: =V23+W23-X23 -> 0 | Z23: =AC22 -> 0 | AA23: 0 | AB23: 0 | AC23: =Z23+AA23-AB23 -> 0 | AD23: =AG22 -> 0 | AE23: 0 | AF23: 0 | AG23: =AD23+AE23-AF23 -> 0 | AH23: =D23+I23+M23+R23+W23+AA23+Cement!P23+Cement!T23+AE23 -> 3411.36 | AI23: =E23+J23+N23+S23+X23+AB23+Clinker!E23+AF23 -> 2025 | AJ23: =Production2!N23 -> 1720 | AK23: =AJ23-AI23 -> -305 | AL23: 2232 | AM23: =E23/AJ23 -> 0.51976744 | AN23: =J23/AJ23 -> 0.58139535 | AO23: =N23/AJ23 -> 0.001744186 | AP23: =S23/AJ23 -> 0.047093023 | AQ23: =D23+I23+R23+#REF!+Cement!P23 -> #REF! | AR23: =AI23+Cement!Q23-Clinker!E23 -> 2194.65 | AS23: 0 | AT23: =AI23-Production2!N23 -> 305 | AU23: =AI23 -> 2025 | AV23: =E23+J23 -> 1894 | AW23: =AS23-D23 -> -3063.96 | AX23: =I23-AY23 -> -843.64 | AY23: 1027.58 | AZ23: =(AI23-Production2!N23)/'Mines (2)'!AI23 -> 0.15061728 | BA23: =AZ23*100 -> 15.061728
B24: 22 | C24: =G23 -> 8153.7232 | D24: 1054.56 | E24: =F24+'RAW MILL 2'!C24 -> 419 | F24: 237 | G24: =C24+D24-E24 -> 8789.2832 | H24: =K23 -> 12099.449 | I24: 0 | J24: 2000 | K24: =H24+I24-J24-Cement!Q24 -> 10061.649 | L24: =P23 -> 618.18 | M24: 0 | N24: =O24+'RAW MILL 2'!D24 -> 15 | O24: 14 | P24: =L24+M24-N24 -> 603.18 | Q24: =U23 -> 549.04 | R24: 0 | S24: =T24+'RAW MILL 2'!E24 -> 36 | T24: 33 | U24: =Q24+R24-S24 -> 513.04 | V24: =Y23 -> 0 | W24: 0 | X24: 0 | Y24: =V24+W24-X24 -> 0 | Z24: =AC23 -> 0 | AA24: 0 | AB24: 0 | AC24: =Z24+AA24-AB24 -> 0 | AD24: =AG23 -> 0 | AE24: 0 | AF24: 0 | AG24: =AD24+AE24-AF24 -> 0 | AH24: =D24+I24+M24+R24+W24+AA24+Cement!P24+Cement!T24+AE24 -> 1054.56 | AI24: =E24+J24+N24+S24+X24+AB24+Clinker!E24+AF24 -> 2523 | AJ24: =Production2!N24 -> 2099 | AK24: =AJ24-AI24 -> -424 | AM24: =E24/AJ24 -> 0.19961887 | AN24: =J24/AJ24 -> 0.95283468 | AO24: =N24/AJ24 -> 0.0071462601 | AP24: =S24/AJ24 -> 0.017151024 | AQ24: =D24+I24+M24+R24+Cement!P24 -> 1054.56 | AR24: =AI24+Cement!Q24-Clinker!E24 -> 2507.8 | AT24: =AI24-Production2!N24 -> 424 | AU24: =AI24 -> 2523 | AV24: =E24+J24 -> 2419 | AW24: =AS24-D24 -> -1054.56 | AX24: =I24-AY24 -> 0 | AY24: 0 | AZ24: =(AI24-Production2!N24)/'Mines (2)'!AI24 -> 0.1680539 | BA24: =AZ24*100 -> 16.80539
B25: 23 | C25: =G24 -> 8789.2832 | D25: 2007.16 | E25: =F25+'RAW MILL 2'!C25 -> 1013 | F25: 895 | G25: =C25+D25-E25 -> 9783.4432 | H25: =K24 -> 10061.649 | I25: 0 | J25: 1000 | K25: =H25+I25-J25-Cement!Q25 -> 9023.0685 | L25: =P24 -> 603.18 | M25: 196.2 | N25: =O25+'RAW MILL 2'!D25 -> 90 | O25: 85 | P25: =L25+M25-N25 -> 709.38 | Q25: =U24 -> 513.04 | R25: 0 | S25: =T25+'RAW MILL 2'!E25 -> 88 | T25: 83 | U25: =Q25+R25-S25 -> 425.04 | V25: =Y24 -> 0 | W25: 0 | X25: 0 | Y25: =V25+W25-X25 -> 0 | Z25: =AC24 -> 0 | AA25: 0 | AB25: 0 | AC25: =Z25+AA25-AB25 -> 0 | AD25: =AG24 -> 0 | AE25: 0 | AF25: 0 | AG25: =AD25+AE25-AF25 -> 0 | AH25: =D25+I25+M25+R25+W25+AA25+Cement!P25+Cement!T25+AE25 -> 2203.36 | AI25: =E25+J25+N25+S25+X25+AB25+Clinker!E25+AF25 -> 2259 | AJ25: =Production2!N25 -> 1915 | AK25: =AJ25-AI25 -> -344 | AM25: =E25/AJ25 -> 0.52898172 | AN25: =J25/AJ25 -> 0.52219321 | AO25: =N25/AJ25 -> 0.046997389 | AP25: =S25/AJ25 -> 0.045953003 | AQ25: =D25+I25+M25+R25+Cement!P25 -> 2203.36 | AR25: =AI25+Cement!Q25-Clinker!E25 -> 2229.58 | AT25: =AI25-Production2!N25 -> 344 | AU25: =AI25 -> 2259 | AV25: =E25+J25 -> 2013 | AW25: =AS25-D25 -> -2007.16 | AX25: =I25-AY25 -> 0 | AY25: 0 | AZ25: =(AI25-Production2!N25)/'Mines (2)'!AI25 -> 0.15227977 | BA25: =AZ25*100 -> 15.227977
B26: 24 | C26: =G25 -> 9783.4432 | D26: 2244.14 | E26: =F26+'RAW MILL 2'!C26 -> 375 | F26: 319 | G26: =C26+D26-E26 -> 11652.583 | H26: =K25 -> 9023.0685 | I26: 990.24 | J26: 2000 | K26: =H26+I26-J26-Cement!Q26 -> 7854.9085 | L26: =P25 -> 709.38 | M26: 253.46 | N26: =O26+'RAW MILL 2'!D26 -> 16 | O26: 15 | P26: =L26+M26-N26 -> 946.84 | Q26: =U25 -> 425.04 | R26: 0 | S26: =T26+'RAW MILL 2'!E26 -> 35 | T26: 34 | U26: =Q26+R26-S26 -> 390.04 | V26: =Y25 -> 0 | W26: 0 | X26: 0 | Y26: =V26+W26-X26 -> 0 | Z26: =AC25 -> 0 | AA26: 0 | AB26: 0 | AC26: =Z26+AA26-AB26 -> 0 | AD26: =AG25 -> 0 | AE26: 0 | AF26: 0 | AG26: =AD26+AE26-AF26 -> 0 | AH26: =D26+I26+M26+R26+W26+AA26+Cement!P26+Cement!T26+AE26 -> 3487.84 | AI26: =E26+J26+N26+S26+X26+AB26+Clinker!E26+AF26 -> 2478 | AJ26: =Production2!N26 -> 2177 | AK26: =AJ26-AI26 -> -301 | AM26: =E26/AJ26 -> 0.1722554 | AN26: =J26/AJ26 -> 0.91869545 | AO26: =N26/AJ26 -> 0.0073495636 | AP26: =S26/AJ26 -> 0.01607717 | AQ26: =D26+I26+M26+R26+Cement!P26 -> 3487.84 | AR26: =AI26+Cement!Q26-Clinker!E26 -> 2584.4 | AT26: =AI26-Production2!N26 -> 301 | AU26: =AI26 -> 2478 | AV26: =E26+J26 -> 2375 | AW26: =AS26-D26 -> -2244.14 | AX26: =D26-AY26 -> 2244.14 | AY26: 0 | AZ26: =(AI26-Production2!N26)/'Mines (2)'!AI26 -> 0.12146893 | BA26: =AZ26*100 -> 12.146893
B27: 25 | C27: =G26 -> 11652.583 | D27: 1926.2 | E27: =F27+'RAW MILL 2'!C27 -> 356 | F27: 356 | G27: =C27+D27-E27 -> 13222.783 | H27: =K26 -> 7854.9085 | I27: 1783.74 | J27: 2000 | K27: =H27+I27-J27-Cement!Q27 -> 7405.6485 | L27: =P26 -> 946.84 | M27: 307.66 | N27: =O27+'RAW MILL 2'!D27 -> 15 | O27: 15 | P27: =L27+M27-N27 -> 1239.5 | Q27: =U26 -> 390.04 | R27: 0 | S27: =T27+'RAW MILL 2'!E27 -> 34 | T27: 34 | U27: =Q27+R27-S27 -> 356.04 | V27: =Y26 -> 0 | W27: 0 | X27: 0 | Y27: =V27+W27-X27 -> 0 | Z27: =AC26 -> 0 | AA27: 0 | AB27: 0 | AC27: =Z27+AA27-AB27 -> 0 | AD27: =AG26 -> 0 | AE27: 0 | AF27: 0 | AG27: =AD27+AE27-AF27 -> 0 | AH27: =D27+I27+M27+R27+W27+AA27+Cement!P27+Cement!T27+AE27 -> 4017.6 | AI27: =E27+J27+N27+S27+X27+AB27+Clinker!E27+AF27 -> 2457 | AJ27: =Production2!N27 -> 2212.86 | AK27: =AJ27-AI27 -> -244.14 | AM27: =E27/AJ27 -> 0.16087778 | AN27: =J27/AJ27 -> 0.90380774 | AO27: =N27/AJ27 -> 0.0067785581 | AP27: =S27/AJ27 -> 0.015364732 | AQ27: =D27+I27+M27+R27+Cement!P27 -> 4017.6 | AR27: =AI27+Cement!Q27-Clinker!E27 -> 2638 | AT27: =AI27-Production2!N27 -> 244.14 | AU27: =AI27 -> 2457 | AV27: 25 | AY27: 0 | AZ27: =(AI27-Production2!N27)/'Mines (2)'!AI27 -> 0.099365079 | BA27: =AZ27*100 -> 9.9365079
B28: 26 | C28: =G27 -> 13222.783 | D28: 2946.46 | E28: =F28+'RAW MILL 2'!C28 -> 634 | F28: 511 | G28: =C28+D28-E28 -> 15535.243 | H28: =K27 -> 7405.6485 | I28: 144.54 | J28: 2000 | K28: =H28+I28-J28-Cement!Q28 -> 5191.4385 | L28: =P27 -> 1239.5 | M28: 0 | N28: =O28+'RAW MILL 2'!D28 -> 27 | O28: 26 | P28: =L28+M28-N28 -> 1212.5 | Q28: =U27 -> 356.04 | R28: 0 | S28: =T28+'RAW MILL 2'!E28 -> 8 | T28: 8 | U28: =Q28+R28-S28 -> 348.04 | V28: =Y27 -> 0 | W28: 0 | X28: 0 | Y28: =V28+W28-X28 -> 0 | Z28: =AC27 -> 0 | AA28: 0 | AB28: 0 | AC28: =Z28+AA28-AB28 -> 0 | AD28: =AG27 -> 0 | AE28: 0 | AF28: 0 | AG28: =AD28+AE28-AF28 -> 0 | AH28: =D28+I28+M28+R28+W28+AA28+Cement!P28+Cement!T28+AE28 -> 3091 | AI28: =E28+J28+N28+S28+X28+AB28+Clinker!E28+AF28 -> 2710 | AJ28: =Production2!N28 -> 2325 | AK28: =AJ28-AI28 -> -385 | AM28: =E28/AJ28 -> 0.27268817 | AN28: =J28/AJ28 -> 0.86021505 | AO28: =N28/AJ28 -> 0.011612903 | AP28: =S28/AJ28 -> 0.0034408602 | AQ28: =D28+I28+M28+R28+Cement!P28 -> 3091 | AR28: =AI28+Cement!Q28-Clinker!E28 -> 3027.75 | AT28: =AI28-Production2!N28 -> 385 | AU28: =AI28 -> 2710 | AV28: 26 | AY28: 0 | AZ28: =(AI28-Production2!N28)/'Mines (2)'!AI28 -> 0.14206642 | BA28: =AZ28*100 -> 14.206642
B29: 27 | C29: =G28 -> 15535.243 | D29: =2697.24+42.3 -> 2739.54 | E29: =F29+'RAW MILL 2'!C29 -> 2871 | F29: 2665 | G29: =C29+D29-E29 -> 15403.783 | H29: =K28 -> 5191.4385 | I29: 1086.28 | J29: 0 | K29: =H29+I29-J29-Cement!Q29 -> 5975.1685 | L29: =P28 -> 1212.5 | M29: 0 | N29: =O29+'RAW MILL 2'!D29 -> 12 | O29: 11 | P29: =L29+M29-N29 -> 1200.5 | Q29: =U28 -> 348.04 | R29: 0 | S29: =T29+'RAW MILL 2'!E29 -> 12 | T29: 11 | U29: =Q29+R29-S29 -> 336.04 | V29: =Y28 -> 0 | W29: 0 | X29: 0 | Y29: =V29+W29-X29 -> 0 | Z29: =AC28 -> 0 | AA29: 0 | AB29: 0 | AC29: =Z29+AA29-AB29 -> 0 | AD29: =AG28 -> 0 | AE29: 0 | AF29: 0 | AG29: =AD29+AE29-AF29 -> 0 | AH29: =D29+I29+M29+R29+W29+AA29+Cement!P29+Cement!T29+AE29 -> 3825.82 | AI29: =E29+J29+N29+S29+X29+AB29+Clinker!E29+AF29 -> 2954 | AJ29: =Production2!N29 -> 2468 | AK29: =AJ29-AI29 -> -486 | AM29: =E29/AJ29 -> 1.1632901 | AN29: =J29/AJ29 -> 0 | AO29: =N29/AJ29 -> 0.0048622366 | AP29: =S29/AJ29 -> 0.0048622366 | AR29: =AI29+Cement!Q29-Clinker!E29 -> 3197.55 | AT29: =AI29-Production2!N29 -> 486 | AU29: =AI29 -> 2954 | AV29: 27 | AY29: 0 | AZ29: =(AI29-Production2!N29)/'Mines (2)'!AI29 -> 0.16452268 | BA29: =AZ29*100 -> 16.452268
B30: 28 | C30: =G29 -> 15403.783 | D30: 0 | E30: =F30+'RAW MILL 2'!C30 -> 2779 | F30: 2620 | G30: =C30+D30-E30 -> 12624.783 | H30: =K29 -> 5975.1685 | I30: 0 | J30: 0 | K30: =H30+I30-J30-Cement!Q30 -> 5810.4685 | L30: =P29 -> 1200.5 | M30: 0 | N30: =O30+'RAW MILL 2'!D30 -> 66 | O30: 62 | P30: =L30+M30-N30 -> 1134.5 | Q30: =U29 -> 336.04 | R30: 0 | S30: =T30+'RAW MILL 2'!E30 -> 23 | T30: 22 | U30: =Q30+R30-S30 -> 313.04 | V30: =Y29 -> 0 | W30: 0 | X30: 0 | Y30: =V30+W30-X30 -> 0 | Z30: =AC29 -> 0 | AA30: 0 | AB30: 0 | AC30: =Z30+AA30-AB30 -> 0 | AD30: =AG29 -> 0 | AE30: 0 | AF30: 0 | AG30: =AD30+AE30-AF30 -> 0 | AH30: =D30+I30+M30+R30+W30+AA30+Cement!P30+Cement!T30+AE30 -> 0 | AI30: =E30+J30+N30+S30+X30+AB30+Clinker!E30+AF30 -> 2923 | AJ30: =Production2!N30 -> 2480 | AK30: =AJ30-AI30 -> -443 | AM30: =E30/AJ30 -> 1.1205645 | AN30: =J30/AJ30 -> 0 | AO30: =N30/AJ30 -> 0.026612903 | AP30: =S30/AJ30 -> 0.0092741935 | AR30: =AI30+Cement!Q30-Clinker!E30 -> 3032.7 | AT30: =AI30-Production2!N30 -> 443 | AU30: =AI30 -> 2923 | AV30: 28 | AY30: 0 | AZ30: =(AI30-Production2!N30)/'Mines (2)'!AI30 -> 0.15155662 | BA30: =AZ30*100 -> 15.155662
B31: 29 | C31: =G30 -> 12624.783 | D31: 0 | E31: =F31+'RAW MILL 2'!C31 -> 2702 | F31: 2499 | G31: =C31+D31-E31 -> 9922.7832 | H31: =K30 -> 5810.4685 | I31: 0 | J31: 0 | K31: =H31+I31-J31-Cement!Q31 -> 5536.5685 | L31: =P30 -> 1134.5 | M31: 0 | N31: =O31+'RAW MILL 2'!D31 -> 71 | O31: 65 | P31: =L31+M31-N31 -> 1063.5 | Q31: =U30 -> 313.04 | R31: 0 | S31: =T31+'RAW MILL 2'!E31 -> 67 | T31: 62 | U31: =Q31+R31-S31 -> 246.04 | V31: =Y30 -> 0 | W31: 0 | X31: 0 | Y31: =V31+W31-X31 -> 0 | Z31: =AC30 -> 0 | AA31: 0 | AB31: 0 | AC31: =Z31+AA31-AB31 -> 0 | AD31: =AG30 -> 0 | AE31: 0 | AF31: 0 | AG31: =AD31+AE31-AF31 -> 0 | AH31: =D31+I31+M31+R31+W31+AA31+Cement!P31+Cement!T31+AE31 -> 0 | AI31: =E31+J31+N31+S31+X31+AB31+Clinker!E31+AF31 -> 2907 | AJ31: =Production2!N31 -> 2420 | AK31: =AJ31-AI31 -> -487 | AM31: =E31/AJ31 -> 1.1165289 | AN31: =J31/AJ31 -> 0 | AO31: =N31/AJ31 -> 0.029338843 | AP31: =S31/AJ31 -> 0.02768595 | AR31: =AI31+Cement!Q31-Clinker!E31 -> 3113.9 | AT31: =AI31-Production2!N31 -> 487 | AU31: =AI31 -> 2907 | AV31: 29 | AY31: 0 | AZ31: =(AI31-Production2!N31)/'Mines (2)'!AI31 -> 0.16752666 | BA31: =AZ31*100 -> 16.752666
B32: 30 | C32: =G31 -> 9922.7832 | D32: 0 | E32: =F32+'RAW MILL 2'!C32 -> 2650 | F32: 2468 | G32: =C32+D32-E32 -> 7272.7832 | H32: =K31 -> 5536.5685 | I32: 0 | J32: 0 | K32: =H32+I32-J32-Cement!Q32 -> 5298.9685 | L32: =P31 -> 1063.5 | M32: 0 | N32: =O32+'RAW MILL 2'!D32 -> 117 | O32: 107 | P32: =L32+M32-N32 -> 946.5 | Q32: =U31 -> 246.04 | R32: 0 | S32: =T32+'RAW MILL 2'!E32 -> 55 | T32: 54 | U32: =Q32+R32-S32 -> 191.04 | V32: =Y31 -> 0 | W32: 0 | X32: 0 | Y32: =V32+W32-X32 -> 0 | Z32: =AC31 -> 0 | AA32: 0 | AB32: 0 | AC32: =Z32+AA32-AB32 -> 0 | AD32: =AG31 -> 0 | AE32: 0 | AF32: 0 | AG32: =AD32+AE32-AF32 -> 0 | AH32: =D32+I32+M32+R32+W32+AA32+Cement!P32+Cement!T32+AE32 -> 0 | AI32: =E32+J32+N32+S32+X32+AB32+Clinker!E32+AF32 -> 2880 | AJ32: =Production2!N32 -> 2416 | AK32: =AJ32-AI32 -> -464 | AM32: =E32/AJ32 -> 1.0968543 | AN32: =J32/AJ32 -> 0 | AO32: =N32/AJ32 -> 0.048427152 | AP32: =S32/AJ32 -> 0.022764901 | AR32: =AI32+Cement!Q32-Clinker!E32 -> 3059.6 | AT32: =AI32-Production2!N32 -> 464 | AU32: =AI32 -> 2880 | AV32: 30 | AY32: 0 | AZ32: =(AI32-Production2!N32)/'Mines (2)'!AI32 -> 0.16111111
B33: 31 | C33: =G32 -> 7272.7832 | D33: 0 | E33: =F33+'RAW MILL 2'!C33 -> 0 | F33: 0 | G33: =C33+D33-E33 -> 7272.7832 | H33: =K32 -> 5298.9685 | I33: 0 | J33: 0 | K33: =H33+I33-J33-Cement!Q33 -> 5298.9685 | L33: =P32 -> 946.5 | M33: 0 | N33: =O33+'RAW MILL 2'!D33 -> 0 | O33: 0 | P33: =L33+M33-N33 -> 946.5 | Q33: =U32 -> 191.04 | R33: 0 | S33: =T33+'RAW MILL 2'!E33 -> 0 | T33: 0 | U33: =Q33+R33-S33 -> 191.04 | V33: =Y32 -> 0 | W33: 0 | X33: 0 | Y33: =V33+W33-X33 -> 0 | Z33: =AC32 -> 0 | AA33: 0 | AB33: 0 | AC33: =Z33+AA33-AB33 -> 0 | AD33: =AG32 -> 0 | AE33: 0 | AF33: 0 | AG33: =AD33+AE33-AF33 -> 0 | AH33: =D33+I33+M33+R33+W33+AA33+Cement!P33+Cement!T33+AE33 -> 0 | AI33: =E33+J33+N33+S33+X33+AB33+Clinker!E33+AF33 -> 0 | AT33: =AI33-Production2!N33 -> 0
B34: MTD | D34: =SUM(D3:D33) -> 32065.72 | E34: =SUM(E3:E33) -> 34299 | I34: =SUM(I3:I33) -> 32919.98 | J34: =SUM(J3:J33) -> 32588 | M34: =SUM(M3:M33) -> 1351.46 | N34: =SUM(N3:N33) -> 529 | O34: =SUM(O3:O33) -> 492 | R34: =SUM(R3:R33) -> 137.76 | S34: =SUM(S3:S33) -> 547 | T34: =SUM(T3:T33) -> 517 | U34: =SUM(U3:U33) -> 15093.12 | V34: =SUM(V3:V33) -> 0 | W34: =SUM(W3:W33) -> 0 | X34: =SUM(X3:X33) -> 0 | Y34: =SUM(Y3:Y33) -> 0 | ... AG34: =SUM(AG3:AG33) -> 0 | AI34: =SUM(AI3:AI33) -> 69400
B35: YTD | D35: =D36+SUM(D3:D33) -> 32065.72 | E35: =E36+SUM(E3:E33) -> 34299 | I35: =I36+SUM(I3:I33) -> 32919.98 | J35: =J36+SUM(J3:J33) -> 32588 | M35: =M36+SUM(M3:M33) -> 1351.46 | N35: =N36+SUM(N3:N33) -> 529 | O35: =O36+SUM(O3:O33) -> 492 | R35: =R36+SUM(R3:R33) -> 137.76 | S35: =S36+SUM(S3:S33) -> 547 | T35: =T36+SUM(T3:T33) -> 517 | W35: =W36+SUM(W3:W33) -> 0 | X35: =X36+SUM(X3:X33) -> 0 | AA35: =AA36+SUM(AA3:AA33) -> 0 | AB35: =AB36+SUM(AB3:AB33) -> 0 | AE35: =AE36+SUM(AE3:AE33) -> 0 | AF35: =AF36+SUM(AF3:AF33) -> 0
B36: YTD | D36: 0 | E36: 0 | I36: 0 | J36: 0 | M36: 0 | N36: 0 | O36: 0 | R36: 0 | S36: 0 | T36: 0 | W36: 0 | X36: 0 | AA36: 0 | AB36: 0 | AE36: 0 | AF36: 0 | AN36: =G33+G33 -> 14545.566
I39: =D36+I36+W36+AA36+Cement!P36+Cement!T36 -> 0 | J39: =E36+J36+X36+AB36+Cement!Q36+Cement!U36 -> 0 | Q39: 3103 | R39: 3286 | S39: 2899 | T39: 2899 | U39: 3290 | V39: 3245 | W39: 3139 | X39: 1732 | Y39: 1959 | Z39: 3119 | AA39: 3017 | AB39: 3256 | AC39: 3209 | AD39: 3075 | AE39: 2456 | AF39: 2956 | AG39: 3022 | AH39: 2379 | AI39: 3157 | AJ39: 2838 | AK39: 3051 | AL39: 2232

Sheet Clinker
B1: DEC | C1: Iron Ore | H1: Raw Meal | L1: Tan Coal | R1: EDENVILLEY coal | X1: RUVUMA coal | AC1: GODMWANGA coal | AG1: STAMICO coal | AK1: Ash Coal | AO1: Ariim Coal | AT1: Lik & Lambert coal | AY1: JITEGEMEE | BD1: MAX COAL | BI1: SINO COAL | BN1: Ibrico | BS1: MEGA CJ | BX1: MABENGA COAL | CC1: TENCO | CH1: Scolastica | CM1: Connect | CR1: Yongda | CW1: Kindaini | DB1: MONTREAL | DG1: ludewa | DL1: MCHEKANE | DQ1: MARKET | DV1: SIAAS | EA1: KILN COAL | EE1: cpp coal | EI1: Clinker | EO1: Spg TRACKING
B2: Date | C2: Opening Stock | D2: Production | E2: Consumption/RM1 | G2: Closing Stock | H2: Opening Stock | I2: Production | J2: total Consumption | K2: Closing Stock | L2: Opening Stock | M2: Production | N2: CPP | O2: KILN | P2: Consumption | Q2: Closing Stock | R2: Opening Stock | S2: Production | T2: Consumption CPP | U2: Consump Kiln | V2: Total Consumption | W2: Closing Stock | X2: Opening Stock | Y2: Production | Z2: CPP | AA2: Consumption | AB2: Closing Stock | AC2: Opening Stock | AD2: Production | AE2: Consumption | AF2: Closing Stock | AG2: Opening Stock | AH2: Production | AI2: Consumption | AJ2: Closing Stock | AK2: Opening Stock | AL2: Production | AM2: Consumption | AN2: Closing Stock | AO2: Opening Stock | AP2: Production | AQ2: Consumption | AR2: CONS CPP | AS2: Closing Stock | AT2: Opening Stock | AU2: Production | AV2: Consumption | AW2: CONS CPP | AX2: Closing Stock | AY2: Opening Stock | AZ2: Production | BA2: Consumption | BB2: CONS CPP | BC2: Closing Stock | BD2: Opening Stock | BE2: Production | BF2: Consumption | BG2: CONS CPP | BH2: Closing Stock | BI2: Opening Stock | BJ2: Production | BK2: Consumption | BL2: CONS CPP | BM2: Closing Stock | BN2: Opening Stock | BO2: Production | BP2: Consumption | BQ2: CONS CPP | BR2: Closing Stock | BS2: Opening Stock | BT2: Production | BU2: Consumption | BV2: CONS CPP | BW2: Closing Stock | BX2: Opening Stock | BY2: Production | BZ2: Consumption | CA2: CONS CPP | CB2: Closing Stock | CC2: Opening Stock | CD2: Production | CE2: Consumption | CF2: CONS CPP | CG2: Closing Stock | CH2: Opening Stock | CI2: Production | CJ2: Consumption | CK2: CONS CPP | CL2: Closing Stock | CM2: Opening Stock | CN2: Production | CO2: Consumption | CP2: CONS CPP | CQ2: Closing Stock | CR2: Opening Stock | CS2: Production | CT2: Consumption | CU2: CONS CPP | CV2: Closing Stock | CW2: Opening Stock | CX2: Production | CY2: Consumption | CZ2: CONS CPP | DA2: Closing Stock | DB2: Opening Stock | DC2: Production | DD2: Consumption | DE2: CONS CPP | DF2: Closing Stock | DG2: Opening Stock | DH2: Production | DI2: Consumption | DJ2: CONS CPP | DK2: Closing Stock | DL2: Opening Stock | DM2: Production | DN2: Consumption | DO2: CONS CPP | DP2: Closing Stock | DQ2: Opening Stock | DR2: Production | DS2: Consumption | DT2: CONS CPP | DU2: Closing Stock | DV2: Opening Stock | DW2: Production | DX2: Consumption | DY2: CONS CPP | DZ2: Closing Stock | EA2: Closing Stock | EB2: Production | EC2: Consumption | ED2: Closing Stock | EE2: Opening Stock | EF2: Production | EG2: Consumption | EH2: Closing Stock | EI2: Opening Stock | EJ2: Production | EK2: Consumption | EL2: Closing Stock | EM2: clinker despatch | EN2: OP | EO2: CLINKER PURCHASED | EP2: CLINKER CONS | EQ2: CLOSING
B3: 1 | C3: =5364.45+1.19 -> 5365.64 | D3: 0 | E3: =F3+'RAW MILL 2'!F3 -> 0 | F3: 0 | G3: =C3+D3-E3 -> 5365.64 | H3: 1996 | I3: =Production2!N3 -> 0 | J3: =Production2!K3 -> 0 | K3: =H3+I3-J3 -> 1996 | L3: 0 | M3: 0 | N3: =CPP!D3 -> 0 | O3: 0 | P3: =N3+O3 -> 0 | Q3: =L3+M3-O3-N3 -> 0 | R3: 0 | S3: 0 | T3: =CPP!E3 -> 0 | U3: 0 | V3: =T3+U3 -> 0 | W3: =R3+S3-V3 -> 0 | X3: 10013.88 | Y3: 0 | Z3: =CPP!H3 -> 0 | AA3: 0 | AB3: =X3+Y3-AA3-Z3 -> 10013.88 | AC3: 0 | AD3: 0 | AE3: 0 | AF3: =AC3+AD3-AE3 -> 0 | AG3: 12785.6 | AH3: 33.35 | AI3: =CPP!G3 -> 22 | AJ3: =AG3+AH3-AI3 -> 12796.95 | AK3: 0 | AL3: 0 | AM3: 0 | AN3: =AK3+AL3-AM3 -> 0 | AO3: 0 | AP3: 0 | AQ3: 0 | AR3: =CPP!I3 -> 0 | AS3: =AO3+AP3-AQ3-AR3 -> 0 | AT3: 0 | AU3: 0 | AV3: 0 | AW3: =CPP!J3 -> 0 | AX3: =AT3+AU3-AV3-AW3 -> 0 | AY3: =0.296999999990248-0.01 -> 0.287 | AZ3: 0 | BA3: 0 | BB3: =CPP!K3 -> 0 | BC3: =AY3+AZ3-BA3-BB3 -> 0.287 | BD3: 0 | BE3: 0 | BF3: 0 | BG3: =CPP!L3 -> 0 | BH3: =BD3+BE3-BF3-BG3 -> 0 | BI3: 0 | BJ3: 0 | BK3: 0 | BL3: =CPP!M3 -> 0 | BM3: =BI3+BJ3-BK3-BL3 -> 0 | BN3: 0 | BO3: 0 | BP3: 0 | BQ3: =CPP!N3 -> 0 | BR3: =BN3+BO3-BP3-BQ3 -> 0 | BS3: 0 | BT3: 0 | BU3: 0 | BV3: =CPP!O3 -> 0 | BW3: =BS3+BT3-BU3-BV3 -> 0 | BX3: 0.01 | BY3: 0 | BZ3: 0 | CB3: 0 | CC3: 0 | CD3: 0 | CE3: 0 | CF3: =CPP!P3 -> 0 | CG3: =CC3+CD3-CE3-CF3 -> 0 | CH3: 0 | CI3: 0 | CJ3: 0 | CK3: =CPP!Q3 -> 0 | CL3: =CH3+CI3-CJ3-CK3 -> 0 | CM3: 0.05 | CN3: 0 | CO3: 0 | CP3: =CPP!R3 -> 0 | CQ3: =CM3+CN3-CO3-CP3 -> 0.05 | CR3: 0 | CS3: 0 | CT3: 0 | CU3: =CPP!S3 -> 0 | CV3: =CR3+CS3-CT3-CU3 -> 0 | CW3: 0 | CX3: 0 | CY3: 0 | CZ3: =CPP!T3 -> 0 | DA3: =CW3+CX3-CY3-CZ3 -> 0 | DB3: 306 | DC3: 0 | DD3: 0 | DE3: =CPP!U3 -> 0 | DF3: =DB3+DC3-DD3-DE3 -> 306 | DG3: 0 | DH3: 0 | DI3: 0 | DJ3: =CPP!V3 -> 0 | DK3: =DG3+DH3-DI3-DJ3 -> 0 | DL3: 0 | DM3: 0 | DN3: 0 | DO3: =CPP!W3 -> 0 | DP3: =DL3+DM3-DN3-DO3 -> 0 | DQ3: 5514.1 | DR3: 60 | DS3: 0 | DT3: =CPP!X3 -> 0 | DU3: =DQ3+DR3-DS3-DT3 -> 5574.1 | DV3: 0 | DW3: 0 | DX3: 0 | DY3: =CPP!Y3 -> 0 | DZ3: =DV3+DW3-DX3-DY3 -> 0 | EA3: =L3+AO3+AT3+AY3+BD3+BI3+BS3+BX3+CC3+CH3+CR3+CW3+DB3+DG3+DL3+DV3+X3+DQ3 -> 15834.277 | EB3: =M3+Y3+AL3+AP3+AU3+AZ3+BE3+BJ3+BO3+BT3+BY3+CS3+CX3+DC3+DH3+DM3+DW3+DR3 -> 60 | EC3: =O3+AA3+AM3+AQ3+AV3+BA3+BF3+BK3+BP3+BU3+BZ3+CT3+CY3+DD3+DI3+DN3+DX3+DS3 -> 0 | ED3: =EA3+EB3-EC3-N3-Z3-AR3-AW3-BB3-BG3-BL3-BQ3-BV3-CU3-CZ3-DE3-DJ3-DO3-DY3-DT3 -> 15894.277 | EE3: =R3+AC3+AG3+AK3+CM3 -> 12785.65 | EF3: =S3+AD3+AH3+CD3+CI3+CN3 -> 33.35 | EG3: =CPP!D3+CPP!E3+CPP!F3+CPP!G3+CPP!H3+CPP!I3+CPP!J3+CPP!K3+CPP!L3+CPP!M3+CPP!N3+CPP!O3+CPP!P3+CPP!Q3+CPP!R3+CPP!S3+CZ3+DE3+DJ3+CPP!W3+DT3 -> 22 | EH3: =EE3+EF3-CPP!G3-CPP!E3-CPP!F3-CPP!P3-CPP!Q3-CK3-CP3-DT3 -> 12797 | EI3: =3283.86009962673-2.32 -> 3281.5401 | EJ3: 0 | EK3: ='Daily CEM-1'!AG4+'Daily CEM - 2'!AF4-EP3 -> 0.049999832 | EL3: =EI3+EJ3-EK3-EM3 -> 3281.4901 | EM3: 0 | EN3: 8849.549 | EO3: 657.16 | EP3: 1857.1 | EQ3: =EN3+EO3-EP3 -> 7649.609 | ER3: =ES3-EO3 -> 1065.41 | ES3: 1722.57 | ET3: =EK3+EP3 -> 1857.15 | EU3: =EK3+EP3 -> 1857.15 | EV3: =EU3/Production2!CG3 -> 0.76363076 | EW3: #DIV/0! | EX3: =EW3*100 -> #DIV/0!
B4: 2 | C4: =G3 -> 5365.64 | D4: 0 | E4: =F4+'RAW MILL 2'!F4 -> 0 | F4: 0 | G4: =C4+D4-E4 -> 5365.64 | H4: =K3 -> 1996 | I4: =Production2!N4 -> 0 | J4: =Production2!K4 -> 0 | K4: =H4+I4-J4 -> 1996 | L4: =Q3 -> 0 | M4: 0 | N4: =CPP!D4 -> 0 | O4: 0 | P4: =N4+O4 -> 0 | Q4: =L4+M4-O4-N4 -> 0 | R4: =W3 -> 0 | S4: 0 | T4: =CPP!E4 -> 0 | U4: 0 | V4: =T4+U4 -> 0 | W4: =R4+S4-V4 -> 0 | X4: =AB3 -> 10013.88 | Y4: 0 | Z4: =CPP!H4 -> 0 | AA4: 0 | AB4: =X4+Y4-AA4-Z4 -> 10013.88 | AC4: =AF3 -> 0 | AD4: 0 | AE4: 0 | AF4: =AC4+AD4-AE4 -> 0 | AG4: =AJ3 -> 12796.95 | AH4: 61.7 | AI4: =CPP!G4 -> 138 | AJ4: =AG4+AH4-AI4 -> 12720.65 | AK4: =AN3 -> 0 | AL4: 0 | AM4: 0 | AN4: =AK4+AL4-AM4 -> 0 | AO4: =AS3 -> 0 | AP4: 0 | AQ4: 0 | AR4: =CPP!I4 -> 0 | AS4: =AO4+AP4-AQ4-AR4 -> 0 | AT4: =AX3 -> 0 | AU4: 0 | AV4: 0 | AW4: =CPP!J4 -> 0 | AX4: =AT4+AU4-AV4-AW4 -> 0 | AY4: =BC3 -> 0.287 | AZ4: 0 | BA4: 0 | BB4: =CPP!K4 -> 0 | BC4: =AY4+AZ4-BA4-BB4 -> 0.287 | BD4: =BH3 -> 0 | BE4: 0 | BF4: 0 | BG4: =CPP!L4 -> 0 | BH4: =BD4+BE4-BF4-BG4 -> 0 | BI4: =BM3 -> 0 | BJ4: 0 | BK4: 0 | BL4: =CPP!M4 -> 0 | BM4: =BI4+BJ4-BK4-BL4 -> 0 | BN4: =BR3 -> 0 | BO4: 0 | BP4: 0 | BQ4: =CPP!N4 -> 0 | BR4: =BN4+BO4-BP4-BQ4 -> 0 | BS4: =BW3 -> 0 | BT4: 0 | BU4: 0 | BV4: =CPP!O4 -> 0 | BW4: =BS4+BT4-BU4-BV4 -> 0 | BX4: =CB3 -> 0 | BY4: 0 | BZ4: 0 | CB4: =BX4+BY4-BZ4-CA4 -> 0 | CC4: =CG3 -> 0 | CD4: 0 | CE4: 0 | CF4: =CPP!P4 -> 0 | CG4: =CC4+CD4-CE4-CF4 -> 0 | CH4: =CL3 -> 0 | CI4: 0 | CJ4: 0 | CK4: =CPP!Q4 -> 0 | CL4: =CH4+CI4-CJ4-CK4 -> 0 | CM4: =CQ3 -> 0.05 | CN4: 0 | CO4: 0 | CP4: =CPP!R4 -> 0 | CQ4: =CM4+CN4-CO4-CP4 -> 0.05 | CR4: =CV3 -> 0 | CS4: 0 | CT4: 0 | CU4: =CPP!S4 -> 0 | CV4: =CR4+CS4-CT4-CU4 -> 0 | CW4: =DA3 -> 0 | CX4: 0 | CY4: 0 | CZ4: =CPP!T4 -> 0 | DA4: =CW4+CX4-CY4-CZ4 -> 0 | DB4: =DF3 -> 306 | DC4: 0 | DD4: 0 | DE4: =CPP!U4 -> 0 | DF4: =DB4+DC4-DD4-DE4 -> 306 | DG4: =DK3 -> 0 | DH4: 0 | DI4: 0 | DJ4: =CPP!V4 -> 0 | DK4: =DG4+DH4-DI4-DJ4 -> 0 | DL4: =DP3 -> 0 | DM4: 0 | DN4: 0 | DO4: =CPP!W4 -> 0 | DP4: =DL4+DM4-DN4-DO4 -> 0 | DQ4: =DU3 -> 5574.1 | DR4: 60.5 | DS4: 11.11 | DT4: =CPP!X4 -> 0 | DU4: =DQ4+DR4-DS4-DT4 -> 5623.49 | DV4: =DZ3 -> 0 | DW4: 0 | DX4: 0 | DY4: =CPP!Y4 -> 0 | DZ4: =DV4+DW4-DX4-DY4 -> 0 | EA4: =L4+AO4+AT4+AY4+BD4+BI4+BS4+BX4+CC4+CH4+CR4+CW4+DB4+DG4+DL4+DV4+X4+DQ4 -> 15894.267 | EB4: =M4+Y4+AL4+AP4+AU4+AZ4+BE4+BJ4+BO4+BT4+BY4+CS4+CX4+DC4+DH4+DM4+DW4+DR4 -> 60.5 | EC4: =O4+AA4+AM4+AQ4+AV4+BA4+BF4+BK4+BP4+BU4+BZ4+CT4+CY4+DD4+DI4+DN4+DX4+DS4 -> 11.11 | ED4: =EA4+EB4-EC4-N4-Z4-AR4-AW4-BB4-BG4-BL4-BQ4-BV4-CU4-CZ4-DE4-DJ4-DO4-DY4-DT4 -> 15943.657 | EE4: =R4+AC4+AG4+AK4+CM4 -> 12797 | EF4: =S4+AD4+AH4+CD4+CI4+CN4 -> 61.7 | EG4: =CPP!D4+CPP!E4+CPP!F4+CPP!G4+CPP!H4+CPP!I4+CPP!J4+CPP!K4+CPP!L4+CPP!M4+CPP!N4+CPP!O4+CPP!P4+CPP!Q4+CPP!R4+CPP!S4+CZ4+DE4+DJ4+CPP!W4+DT4 -> 138 | EH4: =EE4+EF4-CPP!G4-CPP!E4-CPP!F4-CPP!P4-CPP!Q4-CK4-CP4-DT4 -> 12720.7 | EI4: =EL3 -> 3281.4901 | EJ4: 0 | EK4: ='Daily CEM-1'!AG5+'Daily CEM - 2'!AF5-EP4 -> 2.6725002e-06 | EL4: =EI4+EJ4-EK4-EM4 -> 3281.4901 | EM4: 0 | EN4: =EQ3 -> 7649.609 | EO4: 1503.82 | EP4: 2110.2 | EQ4: =EN4+EO4-EP4 -> 7043.229 | ER4: =ES4-EO4 -> -332.72 | ES4: 1171.1 | ET4: =EK4+EP4 -> 2110.2 | EU4: =EK4+EP4 -> 2110.2 | EV4: =EU4/Production2!CG4 -> 0.77580882 | EW4: #DIV/0! | EX4: =EW4*100 -> #DIV/0!
B5: 3 | C5: =G4 -> 5365.64 | D5: 0 | E5: =F5+'RAW MILL 2'!F5 -> 10 | F5: 10 | G5: =C5+D5-E5 -> 5355.64 | H5: =K4 -> 1996 | I5: =Production2!N5 -> 448.5 | J5: =Production2!K5 -> 852.5 | K5: =H5+I5-J5 -> 1592 | L5: =Q4 -> 0 | M5: 0 | N5: =CPP!D5 -> 0 | O5: 0 | P5: =N5+O5 -> 0 | Q5: =L5+M5-O5-N5 -> 0 | R5: =W4 -> 0 | S5: 0 | T5: =CPP!E5 -> 0 | U5: 0 | V5: =T5+U5 -> 0 | W5: =R5+S5-V5 -> 0 | X5: =AB4 -> 10013.88 | Y5: 0 | Z5: =CPP!H5 -> 34 | AA5: 0 | AB5: =X5+Y5-AA5-Z5 -> 9979.88 | AC5: =AF4 -> 0 | AD5: 0 | AE5: 0 | AF5: =AC5+AD5-AE5 -> 0 | AG5: =AJ4 -> 12720.65 | AH5: 0 | AI5: =CPP!G5 -> 92 | AJ5: =AG5+AH5-AI5 -> 12628.65 | AK5: =AN4 -> 0 | AL5: 0 | AM5: 0 | AN5: =AK5+AL5-AM5 -> 0 | AO5: =AS4 -> 0 | AP5: 0 | AQ5: 0 | AR5: =CPP!I5 -> 0 | AS5: =AO5+AP5-AQ5-AR5 -> 0 | AT5: =AX4 -> 0 | AU5: 0 | AV5: 0 | AW5: =CPP!J5 -> 0 | AX5: =AT5+AU5-AV5-AW5 -> 0 | AY5: =BC4 -> 0.287 | AZ5: 0 | BA5: 0 | BB5: =CPP!K5 -> 0 | BC5: =AY5+AZ5-BA5-BB5 -> 0.287 | BD5: =BH4 -> 0 | BE5: 0 | BF5: 0 | BG5: =CPP!L5 -> 0 | BH5: =BD5+BE5-BF5-BG5 -> 0 | BI5: =BM4 -> 0 | BJ5: 0 | BK5: 0 | BL5: =CPP!M5 -> 0 | BM5: =BI5+BJ5-BK5-BL5 -> 0 | BN5: =BR4 -> 0 | BO5: 0 | BP5: 0 | BQ5: =CPP!N5 -> 0 | BR5: =BN5+BO5-BP5-BQ5 -> 0 | BS5: =BW4 -> 0 | BT5: 0 | BU5: 0 | BV5: =CPP!O5 -> 0 | BW5: =BS5+BT5-BU5-BV5 -> 0 | BX5: =CB4 -> 0 | BY5: 0 | BZ5: 0 | CB5: =BX5+BY5-BZ5-CA5 -> 0 | CC5: =CG4 -> 0 | CD5: 0 | CE5: 0 | CF5: =CPP!P5 -> 0 | CG5: =CC5+CD5-CE5-CF5 -> 0 | CH5: =CL4 -> 0 | CI5: 0 | CJ5: 0 | CK5: =CPP!Q5 -> 0 | CL5: =CH5+CI5-CJ5-CK5 -> 0 | CM5: =CQ4 -> 0.05 | CN5: 0 | CO5: 0 | CP5: =CPP!R5 -> 0 | CQ5: =CM5+CN5-CO5-CP5 -> 0.05 | CR5: =CV4 -> 0 | CS5: 0 | CT5: 0 | CU5: =CPP!S5 -> 0 | CV5: =CR5+CS5-CT5-CU5 -> 0 | CW5: =DA4 -> 0 | CX5: 0 | CY5: 0 | CZ5: =CPP!T5 -> 0 | DA5: =CW5+CX5-CY5-CZ5 -> 0 | DB5: =DF4 -> 306 | DC5: 0 | DD5: 0 | DE5: =CPP!U5 -> 0 | DF5: =DB5+DC5-DD5-DE5 -> 306 | DG5: =DK4 -> 0 | DH5: 0 | DI5: 0 | DJ5: =CPP!V5 -> 0 | DK5: =DG5+DH5-DI5-DJ5 -> 0 | DL5: =DP4 -> 0 | DM5: 0 | DN5: 0 | DO5: =CPP!W5 -> 0 | DP5: =DL5+DM5-DN5-DO5 -> 0 | DQ5: =DU4 -> 5623.49 | DR5: 0 | DS5: 133.33 | DT5: =CPP!X5 -> 0 | DU5: =DQ5+DR5-DS5-DT5 -> 5490.16 | DV5: =DZ4 -> 0 | DW5: 0 | DX5: 0 | DY5: =CPP!Y5 -> 0 | DZ5: =DV5+DW5-DX5-DY5 -> 0 | EA5: =L5+AO5+AT5+AY5+BD5+BI5+BS5+BX5+CC5+CH5+CR5+CW5+DB5+DG5+DL5+DV5+X5+DQ5 -> 15943.657 | EB5: =M5+Y5+AL5+AP5+AU5+AZ5+BE5+BJ5+BO5+BT5+BY5+CS5+CX5+DC5+DH5+DM5+DW5+DR5 -> 0 | EC5: =O5+AA5+AM5+AQ5+AV5+BA5+BF5+BK5+BP5+BU5+BZ5+CT5+CY5+DD5+DI5+DN5+DX5+DS5 -> 133.33 | ED5: =EA5+EB5-EC5-N5-Z5-AR5-AW5-BB5-BG5-BL5-BQ5-BV5-CU5-CZ5-DE5-DJ5-DO5-DY5-DT5 -> 15776.327 | EE5: =R5+AC5+AG5+AK5+CM5 -> 12720.7 | EF5: =S5+AD5+AH5+CD5+CI5+CN5 -> 0 | EG5: =CPP!D5+CPP!E5+CPP!F5+CPP!G5+CPP!H5+CPP!I5+CPP!J5+CPP!K5+CPP!L5+CPP!M5+CPP!N5+CPP!O5+CPP!P5+CPP!Q5+CPP!R5+CPP!S5+CZ5+DE5+DJ5+CPP!W5+DT5 -> 126 | EH5: =EE5+EF5-CPP!G5-CPP!E5-CPP!F5-CPP!P5-CPP!Q5-CK5-CP5-DT5 -> 12628.7 | EI5: =EL4 -> 3281.4901 | EJ5: 550 | EK5: ='Daily CEM-1'!AG6+'Daily CEM - 2'!AF6-EP5 -> 1.6124e-06 | EL5: =EI5+EJ5-EK5-EM5 -> 3831.4901 | EM5: 0 | EN5: =EQ4 -> 7043.229 | EO5: 0 | EP5: 1934.3 | EQ5: =EN5+EO5-EP5 -> 5108.929 | ER5: =ES5-EO5 -> 1446.55 | ES5: 1446.55 | ET5: =EK5+EP5 -> 1934.3 | EU5: =EK5+EP5 -> 1934.3 | EV5: =EU5/Production2!CG5 -> 0.77063745 | EW5: #DIV/0! | EX5: =EW5*100 -> #DIV/0!
B6: 4 | C6: =G5 -> 5355.64 | D6: 0 | E6: =F6+'RAW MILL 2'!F6 -> 23 | F6: 23 | G6: =C6+D6-E6 -> 5332.64 | H6: =K5 -> 1592 | I6: =Production2!N6 -> 1044.69 | J6: =Production2!K6 -> 1162.5 | K6: =H6+I6-J6 -> 1474.19 | L6: =Q5 -> 0 | M6: 0 | N6: =CPP!D6 -> 0 | O6: 0 | P6: =N6+O6 -> 0 | Q6: =L6+M6-O6-N6 -> 0 | R6: =W5 -> 0 | S6: 0 | T6: =CPP!E6 -> 0 | U6: 0 | V6: =T6+U6 -> 0 | W6: =R6+S6-V6 -> 0 | X6: =AB5 -> 9979.88 | Y6: 0 | Z6: =CPP!H6 -> 0 | AA6: 0 | AB6: =X6+Y6-AA6-Z6 -> 9979.88 | AC6: =AF5 -> 0 | AD6: 0 | AE6: 0 | AF6: =AC6+AD6-AE6 -> 0 | AG6: =AJ5 -> 12628.65 | AH6: 0 | AI6: =CPP!G6 -> 97 | AJ6: =AG6+AH6-AI6 -> 12531.65 | AK6: =AN5 -> 0 | AL6: 0 | AM6: 0 | AN6: =AK6+AL6-AM6 -> 0 | AO6: =AS5 -> 0 | AP6: 0 | AQ6: 0 | AR6: =CPP!I6 -> 0 | AS6: =AO6+AP6-AQ6-AR6 -> 0 | AT6: =AX5 -> 0 | AU6: 0 | AV6: 0 | AW6: =CPP!J6 -> 0 | AX6: =AT6+AU6-AV6-AW6 -> 0 | AY6: =BC5 -> 0.287 | AZ6: 0 | BA6: 0 | BB6: =CPP!K6 -> 0 | BC6: =AY6+AZ6-BA6-BB6 -> 0.287 | BD6: =BH5 -> 0 | BE6: 0 | BF6: 0 | BG6: =CPP!L6 -> 0 | BH6: =BD6+BE6-BF6-BG6 -> 0 | BI6: =BM5 -> 0 | BJ6: 0 | BK6: 0 | BL6: =CPP!M6 -> 0 | BM6: =BI6+BJ6-BK6-BL6 -> 0 | BN6: =BR5 -> 0 | BO6: 0 | BP6: 0 | BQ6: =CPP!N6 -> 0 | BR6: =BN6+BO6-BP6-BQ6 -> 0 | BS6: =BW5 -> 0 | BT6: 0 | BU6: 0 | BV6: =CPP!O6 -> 0 | BW6: =BS6+BT6-BU6-BV6 -> 0 | BX6: =CB5 -> 0 | BY6: 0 | BZ6: 0 | CB6: =BX6+BY6-BZ6-CA6 -> 0 | CC6: =CG5 -> 0 | CD6: 0 | CE6: 0 | CF6: =CPP!P6 -> 0 | CG6: =CC6+CD6-CE6-CF6 -> 0 | CH6: =CL5 -> 0 | CI6: 0 | CJ6: 0 | CK6: =CPP!Q6 -> 0 | CL6: =CH6+CI6-CJ6-CK6 -> 0 | CM6: =CQ5 -> 0.05 | CN6: 0 | CO6: 0 | CP6: =CPP!R6 -> 0 | CQ6: =CM6+CN6-CO6-CP6 -> 0.05 | CR6: =CV5 -> 0 | CS6: 0 | CT6: 0 | CU6: =CPP!S6 -> 0 | CV6: =CR6+CS6-CT6-CU6 -> 0 | CW6: =DA5 -> 0 | CX6: 0 | CY6: 0 | CZ6: =CPP!T6 -> 0 | DA6: =CW6+CX6-CY6-CZ6 -> 0 | DB6: =DF5 -> 306 | DC6: 0 | DD6: 0 | DE6: =CPP!U6 -> 0 | DF6: =DB6+DC6-DD6-DE6 -> 306 | DG6: =DK5 -> 0 | DH6: 0 | DI6: 0 | DJ6: =CPP!V6 -> 0 | DK6: =DG6+DH6-DI6-DJ6 -> 0 | DL6: =DP5 -> 0 | DM6: 0 | DN6: 0 | DO6: =CPP!W6 -> 0 | DP6: =DL6+DM6-DN6-DO6 -> 0 | DQ6: =DU5 -> 5490.16 | DR6: 31 | DS6: 137.78 | DT6: =CPP!X6 -> 0 | DU6: =DQ6+DR6-DS6-DT6 -> 5383.38 | DV6: =DZ5 -> 0 | DW6: 0 | DX6: 0 | DY6: =CPP!Y6 -> 0 | DZ6: =DV6+DW6-DX6-DY6 -> 0 | EA6: =L6+AO6+AT6+AY6+BD6+BI6+BS6+BX6+CC6+CH6+CR6+CW6+DB6+DG6+DL6+DV6+X6+DQ6 -> 15776.327 | EB6: =M6+Y6+AL6+AP6+AU6+AZ6+BE6+BJ6+BO6+BT6+BY6+CS6+CX6+DC6+DH6+DM6+DW6+DR6 -> 31 | EC6: =O6+AA6+AM6+AQ6+AV6+BA6+BF6+BK6+BP6+BU6+BZ6+CT6+CY6+DD6+DI6+DN6+DX6+DS6 -> 137.78 | ED6: =EA6+EB6-EC6-N6-Z6-AR6-AW6-BB6-BG6-BL6-BQ6-BV6-CU6-CZ6-DE6-DJ6-DO6-DY6-DT6 -> 15669.547 | EE6: =R6+AC6+AG6+AK6+CM6 -> 12628.7 | EF6: =S6+AD6+AH6+CD6+CI6+CN6 -> 0 | EG6: =CPP!D6+CPP!E6+CPP!F6+CPP!G6+CPP!H6+CPP!I6+CPP!J6+CPP!K6+CPP!L6+CPP!M6+CPP!N6+CPP!O6+CPP!P6+CPP!Q6+CPP!R6+CPP!S6+CZ6+DE6+DJ6+CPP!W6+DT6 -> 97 | EH6: =EE6+EF6-CPP!G6-CPP!E6-CPP!F6-CPP!P6-CPP!Q6-CK6-CP6-DT6 -> 12531.7 | EI6: =EL5 -> 3831.4901 | EJ6: 750 | EK6: ='Daily CEM-1'!AG7+'Daily CEM - 2'!AF7-EP6 -> 1.7293999e-06 | EL6: =EI6+EJ6-EK6-EM6 -> 4581.4901 | EM6: 0 | EN6: =EQ5 -> 5108.929 | EO6: 1617.32 | EP6: 1714.2 | EQ6: =EN6+EO6-EP6 -> 5012.049 | ER6: =ES6-EO6 -> -117.03 | ES6: 1500.29 | ET6: =EK6+EP6 -> 1714.2 | EU6: =EK6+EP6 -> 1714.2 | EV6: =EU6/Production2!CG6 -> 0.77008086 | EW6: 0.77 | EX6: =EW6*100 -> 77
B7: 5 | C7: =G6 -> 5332.64 | D7: 0 | E7: =F7+'RAW MILL 2'!F7 -> 0 | F7: 0 | G7: =C7+D7-E7 -> 5332.64 | H7: =K6 -> 1474.19 | I7: =Production2!N7 -> 0 | J7: =Production2!K7 -> 0 | K7: =H7+I7-J7 -> 1474.19 | L7: =Q6 -> 0 | M7: 0 | N7: =CPP!D7 -> 0 | O7: 0 | P7: =N7+O7 -> 0 | Q7: =L7+M7-O7-N7 -> 0 | R7: =W6 -> 0 | S7: 0 | T7: =CPP!E7 -> 0 | U7: 0 | V7: =T7+U7 -> 0 | W7: =R7+S7-V7 -> 0 | X7: =AB6 -> 9979.88 | Y7: 0 | Z7: =CPP!H7 -> 0 | AA7: 0 | AB7: =X7+Y7-AA7-Z7 -> 9979.88 | AC7: =AF6 -> 0 | AD7: 0 | AE7: 0 | AF7: =AC7+AD7-AE7 -> 0 | AG7: =AJ6 -> 12531.65 | AH7: 0 | AI7: =CPP!G7 -> 91 | AJ7: =AG7+AH7-AI7 -> 12440.65 | AK7: =AN6 -> 0 | AL7: 0 | AM7: 0 | AN7: =AK7+AL7-AM7 -> 0 | AO7: =AS6 -> 0 | AP7: 0 | AQ7: 0 | AR7: =CPP!I7 -> 0 | AS7: =AO7+AP7-AQ7-AR7 -> 0 | AT7: =AX6 -> 0 | AU7: 0 | AV7: 0 | AW7: =CPP!J7 -> 0 | AX7: =AT7+AU7-AV7-AW7 -> 0 | AY7: =BC6 -> 0.287 | AZ7: 0 | BA7: 0 | BB7: =CPP!K7 -> 0 | BC7: =AY7+AZ7-BA7-BB7 -> 0.287 | BD7: =BH6 -> 0 | BE7: 0 | BF7: 0 | BG7: =CPP!L7 -> 0 | BH7: =BD7+BE7-BF7-BG7 -> 0 | BI7: =BM6 -> 0 | BJ7: 0 | BK7: 0 | BL7: =CPP!M7 -> 0 | BM7: =BI7+BJ7-BK7-BL7 -> 0 | BN7: =BR6 -> 0 | BO7: 0 | BP7: 0 | BQ7: =CPP!N7 -> 0 | BR7: =BN7+BO7-BP7-BQ7 -> 0 | BS7: =BW6 -> 0 | BT7: 0 | BU7: 0 | BV7: =CPP!O7 -> 0 | BW7: =BS7+BT7-BU7-BV7 -> 0 | BX7: =CB6 -> 0 | BY7: 0 | BZ7: 0 | CB7: =BX7+BY7-BZ7-CA7 -> 0 | CC7: =CG6 -> 0 | CD7: 0 | CE7: 0 | CF7: =CPP!P7 -> 0 | CG7: =CC7+CD7-CE7-CF7 -> 0 | CH7: =CL6 -> 0 | CI7: 0 | CJ7: 0 | CK7: =CPP!Q7 -> 0 | CL7: =CH7+CI7-CJ7-CK7 -> 0 | CM7: =CQ6 -> 0.05 | CN7: 0 | CO7: 0 | CP7: =CPP!R7 -> 0 | CQ7: =CM7+CN7-CO7-CP7 -> 0.05 | CR7: =CV6 -> 0 | CS7: 0 | CT7: 0 | CU7: =CPP!S7 -> 0 | CV7: =CR7+CS7-CT7-CU7 -> 0 | CW7: =DA6 -> 0 | CX7: 0 | CY7: 0 | CZ7: =CPP!T7 -> 0 | DA7: =CW7+CX7-CY7-CZ7 -> 0 | DB7: =DF6 -> 306 | DC7: 0 | DD7: 0 | DE7: =CPP!U7 -> 0 | DF7: =DB7+DC7-DD7-DE7 -> 306 | DG7: =DK6 -> 0 | DH7: 0 | DI7: 0 | DJ7: =CPP!V7 -> 0 | DK7: =DG7+DH7-DI7-DJ7 -> 0 | DL7: =DP6 -> 0 | DM7: 0 | DN7: 0 | DO7: =CPP!W7 -> 0 | DP7: =DL7+DM7-DN7-DO7 -> 0 | DQ7: =DU6 -> 5383.38 | DR7: 0 | DS7: 0 | DT7: =CPP!X7 -> 0 | DU7: =DQ7+DR7-DS7-DT7 -> 5383.38 | DV7: =DZ6 -> 0 | DW7: 0 | DX7: 0 | DY7: =CPP!Y7 -> 0 | DZ7: =DV7+DW7-DX7-DY7 -> 0 | EA7: =L7+AO7+AT7+AY7+BD7+BI7+BS7+BX7+CC7+CH7+CR7+CW7+DB7+DG7+DL7+DV7+X7+DQ7 -> 15669.547 | EB7: =M7+Y7+AL7+AP7+AU7+AZ7+BE7+BJ7+BO7+BT7+BY7+CS7+CX7+DC7+DH7+DM7+DW7+DR7 -> 0 | EC7: =O7+AA7+AM7+AQ7+AV7+BA7+BF7+BK7+BP7+BU7+BZ7+CT7+CY7+DD7+DI7+DN7+DX7+DS7 -> 0 | ED7: =EA7+EB7-EC7-N7-Z7-AR7-AW7-BB7-BG7-BL7-BQ7-BV7-CU7-CZ7-DE7-DJ7-DO7-DY7-DT7 -> 15669.547 | EE7: =R7+AC7+AG7+AK7+CM7 -> 12531.7 | EF7: =S7+AD7+AH7+CD7+CI7+CN7 -> 0 | EG7: =CPP!D7+CPP!E7+CPP!F7+CPP!G7+CPP!H7+CPP!I7+CPP!J7+CPP!K7+CPP!L7+CPP!M7+CPP!N7+CPP!O7+CPP!P7+CPP!Q7+CPP!R7+CPP!S7+CZ7+DE7+DJ7+CPP!W7+DT7 -> 91 | EH7: =EE7+EF7-CPP!G7-CPP!E7-CPP!F7-CPP!P7-CPP!Q7-CK7-CP7-DT7 -> 12440.7 | EI7: =EL6 -> 4581.4901 | EJ7: 0 | EK7: ='Daily CEM-1'!AG8+'Daily CEM - 2'!AF8-EP7 -> 217.5 | EL7: =EI7+EJ7-EK7-EM7 -> 4363.9901 | EM7: 0 | EN7: =EQ6 -> 5012.049 | EO7: 0 | EP7: 1958.8 | EQ7: =EN7+EO7-EP7 -> 3053.249 | ER7: =ES7-EO7 -> 0 | ET7: =EK7+EP7 -> 2176.3 | EU7: =EK7+EP7 -> 2176.3 | EV7: =EU7/Production2!CG7 -> 0.74786942 | EW7: 0.78583916 | EX7: =EW7*100 -> 78.583916
B8: 6 | C8: =G7 -> 5332.64 | D8: 0 | E8: =F8+'RAW MILL 2'!F8 -> 56 | F8: 56 | G8: =C8+D8-E8 -> 5276.64 | H8: =K7 -> 1474.19 | I8: =Production2!N8 -> 2294.1 | J8: =Production2!K8 -> 2139 | K8: =H8+I8-J8 -> 1629.29 | L8: =Q7 -> 0 | M8: 0 | N8: =CPP!D8 -> 0 | O8: 0 | P8: =N8+O8 -> 0 | Q8: =L8+M8-O8-N8 -> 0 | R8: =W7 -> 0 | S8: 0 | T8: =CPP!E8 -> 0 | U8: 0 | V8: =T8+U8 -> 0 | W8: =R8+S8-V8 -> 0 | X8: =AB7 -> 9979.88 | Y8: 0 | Z8: =CPP!H8 -> 0 | AA8: 217 | AB8: =X8+Y8-AA8-Z8 -> 9762.88 | AC8: =AF7 -> 0 | AD8: 0 | AE8: 0 | AF8: =AC8+AD8-AE8 -> 0 | AG8: =AJ7 -> 12440.65 | AH8: 0 | AI8: =CPP!G8 -> 122 | AJ8: =AG8+AH8-AI8 -> 12318.65 | AK8: =AN7 -> 0 | AL8: 0 | AM8: 0 | AN8: =AK8+AL8-AM8 -> 0 | AO8: =AS7 -> 0 | AP8: 0 | AQ8: 0 | AR8: =CPP!I8 -> 0 | AS8: =AO8+AP8-AQ8-AR8 -> 0 | AT8: =AX7 -> 0 | AU8: 0 | AV8: 0 | AW8: =CPP!J8 -> 0 | AX8: =AT8+AU8-AV8-AW8 -> 0 | AY8: =BC7 -> 0.287 | AZ8: 0 | BA8: 0 | BB8: =CPP!K8 -> 0 | BC8: =AY8+AZ8-BA8-BB8 -> 0.287 | BD8: =BH7 -> 0 | BE8: 0 | BF8: 0 | BG8: =CPP!L8 -> 0 | BH8: =BD8+BE8-BF8-BG8 -> 0 | BI8: =BM7 -> 0 | BJ8: 0 | BK8: 0 | BL8: =CPP!M8 -> 0 | BM8: =BI8+BJ8-BK8-BL8 -> 0 | BN8: =BR7 -> 0 | BO8: 0 | BP8: 0 | BQ8: =CPP!N8 -> 0 | BR8: =BN8+BO8-BP8-BQ8 -> 0 | BS8: =BW7 -> 0 | BT8: 0 | BU8: 0 | BV8: =CPP!O8 -> 0 | BW8: =BS8+BT8-BU8-BV8 -> 0 | BX8: =CB7 -> 0 | BY8: 0 | BZ8: 0 | CB8: =BX8+BY8-BZ8-CA8 -> 0 | CC8: =CG7 -> 0 | CD8: 0 | CE8: 0 | CF8: =CPP!P8 -> 0 | CG8: =CC8+CD8-CE8-CF8 -> 0 | CH8: =CL7 -> 0 | CI8: 0 | CJ8: 0 | CK8: =CPP!Q8 -> 0 | CL8: =CH8+CI8-CJ8-CK8 -> 0 | CM8: =CQ7 -> 0.05 | CN8: 0 | CO8: 0 | CP8: =CPP!R8 -> 0 | CQ8: =CM8+CN8-CO8-CP8 -> 0.05 | CR8: =CV7 -> 0 | CS8: 0 | CT8: 0 | CU8: =CPP!S8 -> 0 | CV8: =CR8+CS8-CT8-CU8 -> 0 | CW8: =DA7 -> 0 | CX8: 0 | CY8: 0 | CZ8: =CPP!T8 -> 0 | DA8: =CW8+CX8-CY8-CZ8 -> 0 | DB8: =DF7 -> 306 | DC8: 0 | DD8: 0 | DE8: =CPP!U8 -> 0 | DF8: =DB8+DC8-DD8-DE8 -> 306 | DG8: =DK7 -> 0 | DH8: 0 | DI8: 0 | DJ8: =CPP!V8 -> 0 | DK8: =DG8+DH8-DI8-DJ8 -> 0 | DL8: =DP7 -> 0 | DM8: 0 | DN8: 0 | DO8: =CPP!W8 -> 0 | DP8: =DL8+DM8-DN8-DO8 -> 0 | DQ8: =DU7 -> 5383.38 | DR8: 0 | DS8: 55.22 | DT8: =CPP!X8 -> 0 | DU8: =DQ8+DR8-DS8-DT8 -> 5328.16 | DV8: =DZ7 -> 0 | DW8: 0 | DX8: 0 | DY8: =CPP!Y8 -> 0 | DZ8: =DV8+DW8-DX8-DY8 -> 0 | EA8: =L8+AO8+AT8+AY8+BD8+BI8+BS8+BX8+CC8+CH8+CR8+CW8+DB8+DG8+DL8+DV8+X8+DQ8 -> 15669.547 | EB8: =M8+Y8+AL8+AP8+AU8+AZ8+BE8+BJ8+BO8+BT8+BY8+CS8+CX8+DC8+DH8+DM8+DW8+DR8 -> 0 | EC8: =O8+AA8+AM8+AQ8+AV8+BA8+BF8+BK8+BP8+BU8+BZ8+CT8+CY8+DD8+DI8+DN8+DX8+DS8 -> 272.22 | ED8: =EA8+EB8-EC8-N8-Z8-AR8-AW8-BB8-BG8-BL8-BQ8-BV8-CU8-CZ8-DE8-DJ8-DO8-DY8-DT8 -> 15397.327 | EE8: =R8+AC8+AG8+AK8+CM8 -> 12440.7 | EF8: =S8+AD8+AH8+CD8+CI8+CN8 -> 0 | EG8: =CPP!D8+CPP!E8+CPP!F8+CPP!G8+CPP!H8+CPP!I8+CPP!J8+CPP!K8+CPP!L8+CPP!M8+CPP!N8+CPP!O8+CPP!P8+CPP!Q8+CPP!R8+CPP!S8+CZ8+DE8+DJ8+CPP!W8+DT8 -> 122 | EH8: =EE8+EF8-CPP!G8-CPP!E8-CPP!F8-CPP!P8-CPP!Q8-CK8-CP8-DT8 -> 12318.7 | EI8: =EL7 -> 4363.9901 | EJ8: 1380 | EK8: ='Daily CEM-1'!AG9+'Daily CEM - 2'!AF9-EP8 -> 440.27 | EL8: =EI8+EJ8-EK8-EM8 -> 5303.7201 | EM8: 0 | EN8: =EQ7 -> 3053.249 | EO8: 0 | EP8: 1339.75 | EQ8: =EN8+EO8-EP8 -> 1713.499 | ER8: =ES8-EO8 -> 2036.63 | ES8: 2036.63 | ET8: =EK8+EP8 -> 1780.02 | EU8: =EK8+EP8 -> 1780.02 | EV8: =EU8/Production2!CG8 -> 0.77866142 | EW8: 0.77 | EX8: =EW8*100 -> 77
B9: 7 | C9: =G8 -> 5276.64 | D9: 0 | E9: =F9+'RAW MILL 2'!F9 -> 68 | F9: 63 | G9: =C9+D9-E9 -> 5208.64 | H9: =K8 -> 1629.29 | I9: =Production2!N9 -> 2838 | J9: =Production2!K9 -> 2929.5 | K9: =H9+I9-J9 -> 1537.79 | L9: =Q8 -> 0 | M9: 0 | N9: =CPP!D9 -> 0 | O9: 0 | P9: =N9+O9 -> 0 | Q9: =L9+M9-O9-N9 -> 0 | R9: =W8 -> 0 | S9: 0 | T9: =CPP!E9 -> 0 | U9: 0 | V9: =T9+U9 -> 0 | W9: =R9+S9-V9 -> 0 | X9: =AB8 -> 9762.88 | Y9: 0 | Z9: =CPP!H9 -> 0 | AA9: 242 | AB9: =X9+Y9-AA9-Z9 -> 9520.88 | AC9: =AF8 -> 0 | AD9: 0 | AE9: 0 | AF9: =AC9+AD9-AE9 -> 0 | AG9: =AJ8 -> 12318.65 | AH9: 0 | AI9: =CPP!G9 -> 142 | AJ9: =AG9+AH9-AI9 -> 12176.65 | AK9: =AN8 -> 0 | AL9: 0 | AM9: 0 | AN9: =AK9+AL9-AM9 -> 0 | AO9: =AS8 -> 0 | AP9: 0 | AQ9: 0 | AR9: =CPP!I9 -> 0 | AS9: =AO9+AP9-AQ9-AR9 -> 0 | AT9: =AX8 -> 0 | AU9: 0 | AV9: 0 | AW9: =CPP!J9 -> 0 | AX9: =AT9+AU9-AV9-AW9 -> 0 | AY9: =BC8 -> 0.287 | AZ9: 0 | BA9: 0 | BB9: =CPP!K9 -> 0 | BC9: =AY9+AZ9-BA9-BB9 -> 0.287 | BD9: =BH8 -> 0 | BE9: 0 | BF9: 0 | BG9: =CPP!L9 -> 0 | BH9: =BD9+BE9-BF9-BG9 -> 0 | BI9: =BM8 -> 0 | BJ9: 0 | BK9: 0 | BL9: =CPP!M9 -> 0 | BM9: =BI9+BJ9-BK9-BL9 -> 0 | BN9: =BR8 -> 0 | BO9: 0 | BP9: 0 | BQ9: =CPP!N9 -> 0 | BR9: =BN9+BO9-BP9-BQ9 -> 0 | BS9: =BW8 -> 0 | BT9: 0 | BU9: 0 | BV9: =CPP!O9 -> 0 | BW9: =BS9+BT9-BU9-BV9 -> 0 | BX9: =CB8 -> 0 | BY9: 0 | BZ9: 0 | CB9: =BX9+BY9-BZ9-CA9 -> 0 | CC9: =CG8 -> 0 | CD9: 0 | CE9: 0 | CF9: =CPP!P9 -> 0 | CG9: =CC9+CD9-CE9-CF9 -> 0 | CH9: =CL8 -> 0 | CI9: 0 | CJ9: 0 | CK9: =CPP!Q9 -> 0 | CL9: =CH9+CI9-CJ9-CK9 -> 0 | CM9: =CQ8 -> 0.05 | CN9: 0 | CO9: 0 | CP9: =CPP!R9 -> 0 | CQ9: =CM9+CN9-CO9-CP9 -> 0.05 | CR9: =CV8 -> 0 | CS9: 0 | CT9: 0 | CU9: =CPP!S9 -> 0 | CV9: =CR9+CS9-CT9-CU9 -> 0 | CW9: =DA8 -> 0 | CX9: 0 | CY9: 0 | CZ9: =CPP!T9 -> 0 | DA9: =CW9+CX9-CY9-CZ9 -> 0 | DB9: =DF8 -> 306 | DC9: 0 | DD9: 0 | DE9: =CPP!U9 -> 0 | DF9: =DB9+DC9-DD9-DE9 -> 306 | DG9: =DK8 -> 0 | DH9: 0 | DI9: 0 | DJ9: =CPP!V9 -> 0 | DK9: =DG9+DH9-DI9-DJ9 -> 0 | DL9: =DP8 -> 0 | DM9: 0 | DN9: 0 | DO9: =CPP!W9 -> 0 | DP9: =DL9+DM9-DN9-DO9 -> 0 | DQ9: =DU8 -> 5328.16 | DR9: 0 | DS9: 60.22 | DT9: =CPP!X9 -> 0 | DU9: =DQ9+DR9-DS9-DT9 -> 5267.94 | DV9: =DZ8 -> 0 | DW9: 0 | DX9: 0 | DY9: =CPP!Y9 -> 0 | DZ9: =DV9+DW9-DX9-DY9 -> 0 | EA9: =L9+AO9+AT9+AY9+BD9+BI9+BS9+BX9+CC9+CH9+CR9+CW9+DB9+DG9+DL9+DV9+X9+DQ9 -> 15397.327 | EB9: =M9+Y9+AL9+AP9+AU9+AZ9+BE9+BJ9+BO9+BT9+BY9+CS9+CX9+DC9+DH9+DM9+DW9+DR9 -> 0 | EC9: =O9+AA9+AM9+AQ9+AV9+BA9+BF9+BK9+BP9+BU9+BZ9+CT9+CY9+DD9+DI9+DN9+DX9+DS9 -> 302.22 | ED9: =EA9+EB9-EC9-N9-Z9-AR9-AW9-BB9-BG9-BL9-BQ9-BV9-CU9-CZ9-DE9-DJ9-DO9-DY9-DT9 -> 15095.107 | EE9: =R9+AC9+AG9+AK9+CM9 -> 12318.7 | EF9: =S9+AD9+AH9+CD9+CI9+CN9 -> 0 | EG9: =CPP!D9+CPP!E9+CPP!F9+CPP!G9+CPP!H9+CPP!I9+CPP!J9+CPP!K9+CPP!L9+CPP!M9+CPP!N9+CPP!O9+CPP!P9+CPP!Q9+CPP!R9+CPP!S9+CZ9+DE9+DJ9+CPP!W9+DT9 -> 142 | EH9: =EE9+EF9-CPP!G9-CPP!E9-CPP!F9-CPP!P9-CPP!Q9-CK9-CP9-DT9 -> 12176.7 | EI9: =EL8 -> 5303.7201 | EJ9: 1890 | EK9: ='Daily CEM-1'!AG10+'Daily CEM - 2'!AF10-EP9 -> 1727.8 | EL9: =EI9+EJ9-EK9-EM9 -> 5465.9201 | EM9: 0 | EN9: =EQ8 -> 1713.499 | EO9: 0 | EP9: 95 | EQ9: =EN9+EO9-EP9 -> 1618.499 | ER9: =ES9-EO9 -> 0 | ET9: =EK9+EP9 -> 1822.8 | EU9: =EK9+EP9 -> 1822.8 | EV9: =EU9/Production2!CG9 -> 0.77731343 | EW9: 0.79222566 | EX9: =EW9*100 -> 79.222566
B10: 8 | C10: =G9 -> 5208.64 | D10: 0 | E10: =F10+'RAW MILL 2'!F10 -> 51 | F10: 48 | G10: =C10+D10-E10 -> 5157.64 | H10: =K9 -> 1537.79 | I10: =Production2!N10 -> 2860 | J10: =Production2!K10 -> 3107.75 | K10: =H10+I10-J10 -> 1290.04 | L10: =Q9 -> 0 | M10: 0 | N10: =CPP!D10 -> 0 | O10: 0 | P10: =N10+O10 -> 0 | Q10: =L10+M10-O10-N10 -> 0 | R10: =W9 -> 0 | S10: 0 | T10: =CPP!E10 -> 0 | U10: 0 | V10: =T10+U10 -> 0 | W10: =R10+S10-V10 -> 0 | X10: =AB9 -> 9520.88 | Y10: 0 | Z10: =CPP!H10 -> 0 | AA10: 264 | AB10: =X10+Y10-AA10-Z10 -> 9256.88 | AC10: =AF9 -> 0 | AD10: 0 | AE10: 0 | AF10: =AC10+AD10-AE10 -> 0 | AG10: =AJ9 -> 12176.65 | AH10: 30 | AI10: =CPP!G10 -> 149 | AJ10: =AG10+AH10-AI10 -> 12057.65 | AK10: =AN9 -> 0 | AL10: 0 | AM10: 0 | AN10: =AK10+AL10-AM10 -> 0 | AO10: =AS9 -> 0 | AP10: 0 | AQ10: 0 | AR10: =CPP!I10 -> 0 | AS10: =AO10+AP10-AQ10-AR10 -> 0 | AT10: =AX9 -> 0 | AU10: 0 | AV10: 0 | AW10: =CPP!J10 -> 0 | AX10: =AT10+AU10-AV10-AW10 -> 0 | AY10: =BC9 -> 0.287 | AZ10: 0 | BA10: 0 | BB10: =CPP!K10 -> 0 | BC10: =AY10+AZ10-BA10-BB10 -> 0.287 | BD10: =BH9 -> 0 | BE10: 0 | BF10: 0 | BG10: =CPP!L10 -> 0 | BH10: =BD10+BE10-BF10-BG10 -> 0 | BI10: =BM9 -> 0 | BJ10: 0 | BK10: 0 | BL10: =CPP!M10 -> 0 | BM10: =BI10+BJ10-BK10-BL10 -> 0 | BN10: =BR9 -> 0 | BO10: 0 | BP10: 0 | BQ10: =CPP!N10 -> 0 | BR10: =BN10+BO10-BP10-BQ10 -> 0 | BS10: =BW9 -> 0 | BT10: 0 | BU10: 0 | BV10: =CPP!O10 -> 0 | BW10: =BS10+BT10-BU10-BV10 -> 0 | BX10: =CB9 -> 0 | BY10: 0 | BZ10: 0 | CB10: =BX10+BY10-BZ10-CA10 -> 0 | CC10: =CG9 -> 0 | CD10: 0 | CE10: 0 | CF10: =CPP!P10 -> 0 | CG10: =CC10+CD10-CE10-CF10 -> 0 | CH10: =CL9 -> 0 | CI10: 0 | CJ10: 0 | CK10: =CPP!Q10 -> 0 | CL10: =CH10+CI10-CJ10-CK10 -> 0 | CM10: =CQ9 -> 0.05 | CN10: 0 | CO10: 0 | CP10: =CPP!R10 -> 0 | CQ10: =CM10+CN10-CO10-CP10 -> 0.05 | CR10: =CV9 -> 0 | CS10: 0 | CT10: 0 | CU10: =CPP!S10 -> 0 | CV10: =CR10+CS10-CT10-CU10 -> 0 | CW10: =DA9 -> 0 | CX10: 0 | CY10: 0 | CZ10: =CPP!T10 -> 0 | DA10: =CW10+CX10-CY10-CZ10 -> 0 | DB10: =DF9 -> 306 | DC10: 0 | DD10: 0 | DE10: =CPP!U10 -> 0 | DF10: =DB10+DC10-DD10-DE10 -> 306 | DG10: =DK9 -> 0 | DH10: 0 | DI10: 0 | DJ10: =CPP!V10 -> 0 | DK10: =DG10+DH10-DI10-DJ10 -> 0 | DL10: =DP9 -> 0 | DM10: 0 | DN10: 0 | DO10: =CPP!W10 -> 0 | DP10: =DL10+DM10-DN10-DO10 -> 0 | DQ10: =DU9 -> 5267.94 | DR10: 0 | DS10: 66 | DT10: =CPP!X10 -> 0 | DU10: =DQ10+DR10-DS10-DT10 -> 5201.94 | DV10: =DZ9 -> 0 | DW10: 0 | DX10: 0 | DY10: =CPP!Y10 -> 0 | DZ10: =DV10+DW10-DX10-DY10 -> 0 | EA10: =L10+AO10+AT10+AY10+BD10+BI10+BS10+BX10+CC10+CH10+CR10+CW10+DB10+DG10+DL10+DV10+X10+DQ10 -> 15095.107 | EB10: =M10+Y10+AL10+AP10+AU10+AZ10+BE10+BJ10+BO10+BT10+BY10+CS10+CX10+DC10+DH10+DM10+DW10+DR10 -> 0 | EC10: =O10+AA10+AM10+AQ10+AV10+BA10+BF10+BK10+BP10+BU10+BZ10+CT10+CY10+DD10+DI10+DN10+DX10+DS10 -> 330 | ED10: =EA10+EB10-EC10-N10-Z10-AR10-AW10-BB10-BG10-BL10-BQ10-BV10-CU10-CZ10-DE10-DJ10-DO10-DY10-DT10 -> 14765.107 | EE10: =R10+AC10+AG10+AK10+CM10 -> 12176.7 | EF10: =S10+AD10+AH10+CD10+CI10+CN10 -> 30 | EG10: =CPP!D10+CPP!E10+CPP!F10+CPP!G10+CPP!H10+CPP!I10+CPP!J10+CPP!K10+CPP!L10+CPP!M10+CPP!N10+CPP!O10+CPP!P10+CPP!Q10+CPP!R10+CPP!S10+CZ10+DE10+DJ10+CPP!W10+DT10 -> 149 | EH10: =EE10+EF10-CPP!G10-CPP!E10-CPP!F10-CPP!P10-CPP!Q10-CK10-CP10-DT10 -> 12057.7 | EI10: =EL9 -> 5465.9201 | EJ10: 2005 | EK10: ='Daily CEM-1'!AG11+'Daily CEM - 2'!AF11-EP10 -> 135.95 | EL10: =EI10+EJ10-EK10-EM10 -> 7334.9701 | EM10: 0 | EN10: =EQ9 -> 1618.499 | EO10: 1486.03 | EP10: 1076.55 | EQ10: =EN10+EO10-EP10 -> 2027.979 | ER10: =ES10-EO10 -> 665.66 | ES10: 2151.69 | ET10: =EK10+EP10 -> 1212.5 | EU10: =EK10+EP10 -> 1212.5 | EV10: =EU10/Production2!CG10 -> 0.77229299 | EW10: 0.78679825 | EX10: =EW10*100 -> 78.679825
B11: 9 | C11: =G10 -> 5157.64 | D11: 0 | E11: =F11+'RAW MILL 2'!F11 -> 56 | F11: 54 | G11: =C11+D11-E11 -> 5101.64 | H11: =K10 -> 1290.04 | I11: =Production2!N11 -> 2453 | J11: =Production2!K11 -> 2774.5 | K11: =H11+I11-J11 -> 968.54002 | L11: =Q10 -> 0 | M11: 0 | N11: =CPP!D11 -> 0 | O11: 0 | P11: =N11+O11 -> 0 | Q11: =L11+M11-O11-N11 -> 0 | R11: =W10 -> 0 | S11: 0 | T11: =CPP!E11 -> 0 | U11: 0 | V11: =T11+U11 -> 0 | W11: =R11+S11-V11 -> 0 | X11: =AB10 -> 9256.88 | Y11: 0 | Z11: =CPP!H11 -> 0 | AA11: 244 | AB11: =X11+Y11-AA11-Z11 -> 9012.88 | AC11: =AF10 -> 0 | AD11: 0 | AE11: 0 | AF11: =AC11+AD11-AE11 -> 0 | AG11: =AJ10 -> 12057.65 | AH11: 0 | AI11: =CPP!G11 -> 137 | AJ11: =AG11+AH11-AI11 -> 11920.65 | AK11: =AN10 -> 0 | AL11: 0 | AM11: 0 | AN11: =AK11+AL11-AM11 -> 0 | AO11: =AS10 -> 0 | AP11: 0 | AQ11: 0 | AR11: =CPP!I11 -> 0 | AS11: =AO11+AP11-AQ11-AR11 -> 0 | AT11: =AX10 -> 0 | AU11: 0 | AV11: 0 | AW11: =CPP!J11 -> 0 | AX11: =AT11+AU11-AV11-AW11 -> 0 | AY11: =BC10 -> 0.287 | AZ11: 0 | BA11: 0 | BB11: =CPP!K11 -> 0 | BC11: =AY11+AZ11-BA11-BB11 -> 0.287 | BD11: =BH10 -> 0 | BE11: 0 | BF11: 0 | BG11: =CPP!L11 -> 0 | BH11: =BD11+BE11-BF11-BG11 -> 0 | BI11: =BM10 -> 0 | BJ11: 0 | BK11: 0 | BL11: =CPP!M11 -> 0 | BM11: =BI11+BJ11-BK11-BL11 -> 0 | BN11: =BR10 -> 0 | BO11: 0 | BP11: 0 | BQ11: =CPP!N11 -> 0 | BR11: =BN11+BO11-BP11-BQ11 -> 0 | BS11: =BW10 -> 0 | BT11: 0 | BU11: 0 | BV11: =CPP!O11 -> 0 | BW11: =BS11+BT11-BU11-BV11 -> 0 | BX11: =CB10 -> 0 | BY11: 0 | BZ11: 0 | CB11: =BX11+BY11-BZ11-CA11 -> 0 | CC11: =CG10 -> 0 | CD11: 0 | CE11: 0 | CF11: =CPP!P11 -> 0 | CG11: =CC11+CD11-CE11-CF11 -> 0 | CH11: =CL10 -> 0 | CI11: 0 | CJ11: 0 | CK11: =CPP!Q11 -> 0 | CL11: =CH11+CI11-CJ11-CK11 -> 0 | CM11: =CQ10 -> 0.05 | CN11: 0 | CO11: 0 | CP11: =CPP!R11 -> 0 | CQ11: =CM11+CN11-CO11-CP11 -> 0.05 | CR11: =CV10 -> 0 | CS11: 0 | CT11: 0 | CU11: =CPP!S11 -> 0 | CV11: =CR11+CS11-CT11-CU11 -> 0 | CW11: =DA10 -> 0 | CX11: 0 | CY11: 0 | CZ11: =CPP!T11 -> 0 | DA11: =CW11+CX11-CY11-CZ11 -> 0 | DB11: =DF10 -> 306 | DC11: 0 | DD11: 0 | DE11: =CPP!U11 -> 0 | DF11: =DB11+DC11-DD11-DE11 -> 306 | DG11: =DK10 -> 0 | DH11: 0 | DI11: 0 | DJ11: =CPP!V11 -> 0 | DK11: =DG11+DH11-DI11-DJ11 -> 0 | DL11: =DP10 -> 0 | DM11: 0 | DN11: 0 | DO11: =CPP!W11 -> 0 | DP11: =DL11+DM11-DN11-DO11 -> 0 | DQ11: =DU10 -> 5201.94 | DR11: 0 | DS11: 60.44 | DT11: =CPP!X11 -> 0 | DU11: =DQ11+DR11-DS11-DT11 -> 5141.5 | DV11: =DZ10 -> 0 | DW11: 0 | DX11: 0 | DY11: =CPP!Y11 -> 0 | DZ11: =DV11+DW11-DX11-DY11 -> 0 | EA11: =L11+AO11+AT11+AY11+BD11+BI11+BS11+BX11+CC11+CH11+CR11+CW11+DB11+DG11+DL11+DV11+X11+DQ11 -> 14765.107 | EB11: =M11+Y11+AL11+AP11+AU11+AZ11+BE11+BJ11+BO11+BT11+BY11+CS11+CX11+DC11+DH11+DM11+DW11+DR11 -> 0 | EC11: =O11+AA11+AM11+AQ11+AV11+BA11+BF11+BK11+BP11+BU11+BZ11+CT11+CY11+DD11+DI11+DN11+DX11+DS11 -> 304.44 | ED11: =EA11+EB11-EC11-N11-Z11-AR11-AW11-BB11-BG11-BL11-BQ11-BV11-CU11-CZ11-DE11-DJ11-DO11-DY11-DT11 -> 14460.667 | EE11: =R11+AC11+AG11+AK11+CM11 -> 12057.7 | EF11: =S11+AD11+AH11+CD11+CI11+CN11 -> 0 | EG11: =CPP!D11+CPP!E11+CPP!F11+CPP!G11+CPP!H11+CPP!I11+CPP!J11+CPP!K11+CPP!L11+CPP!M11+CPP!N11+CPP!O11+CPP!P11+CPP!Q11+CPP!R11+CPP!S11+CZ11+DE11+DJ11+CPP!W11+DT11 -> 137 | EH11: =EE11+EF11-CPP!G11-CPP!E11-CPP!F11-CPP!P11-CPP!Q11-CK11-CP11-DT11 -> 11920.7 | EI11: =EL10 -> 7334.9701 | EJ11: 1790 | EK11: ='Daily CEM-1'!AG12+'Daily CEM - 2'!AF12-EP11 -> 924.55 | EL11: =EI11+EJ11-EK11-EM11 -> 8200.4201 | EM11: 0 | EN11: =EQ10 -> 2027.979 | EO11: 506.38 | EP11: 275.75 | EQ11: =EN11+EO11-EP11 -> 2258.609 | ER11: =ES11-EO11 -> 181.66 | ES11: 688.04 | ET11: =EK11+EP11 -> 1200.3 | EU11: =EK11+EP11 -> 1200.3 | EV11: =EU11/Production2!CG11 -> 0.76991661 | EW11: 0.78031168 | EX11: =EW11*100 -> 78.031168
B12: 10 | C12: =G11 -> 5101.64 | D12: 0 | E12: =F12+'RAW MILL 2'!F12 -> 64 | F12: 59 | G12: =C12+D12-E12 -> 5037.64 | H12: =K11 -> 968.54002 | I12: =Production2!N12 -> 2669 | J12: =Production2!K12 -> 2960.5 | K12: =H12+I12-J12 -> 677.04002 | L12: =Q11 -> 0 | M12: 0 | N12: =CPP!D12 -> 0 | O12: 0 | P12: =N12+O12 -> 0 | Q12: =L12+M12-O12-N12 -> 0 | R12: =W11 -> 0 | S12: 0 | T12: =CPP!E12 -> 0 | U12: 0 | V12: =T12+U12 -> 0 | W12: =R12+S12-V12 -> 0 | X12: =AB11 -> 9012.88 | Y12: 0 | Z12: =CPP!H12 -> 35 | AA12: 250 | AB12: =X12+Y12-AA12-Z12 -> 8727.88 | AC12: =AF11 -> 0 | AD12: 0 | AE12: 0 | AF12: =AC12+AD12-AE12 -> 0 | AG12: =AJ11 -> 11920.65 | AH12: 0 | AI12: =CPP!G12 -> 108 | AJ12: =AG12+AH12-AI12 -> 11812.65 | AK12: =AN11 -> 0 | AL12: 0 | AM12: 0 | AN12: =AK12+AL12-AM12 -> 0 | AO12: =AS11 -> 0 | AP12: 0 | AQ12: 0 | AR12: =CPP!I12 -> 0 | AS12: =AO12+AP12-AQ12-AR12 -> 0 | AT12: =AX11 -> 0 | AU12: 0 | AV12: 0 | AW12: =CPP!J12 -> 0 | AX12: =AT12+AU12-AV12-AW12 -> 0 | AY12: =BC11 -> 0.287 | AZ12: 0 | BA12: 0 | BB12: =CPP!K12 -> 0 | BC12: =AY12+AZ12-BA12-BB12 -> 0.287 | BD12: =BH11 -> 0 | BE12: 0 | BF12: 0 | BG12: =CPP!L12 -> 0 | BH12: =BD12+BE12-BF12-BG12 -> 0 | BI12: =BM11 -> 0 | BJ12: 0 | BK12: 0 | BL12: =CPP!M12 -> 0 | BM12: =BI12+BJ12-BK12-BL12 -> 0 | BN12: =BR11 -> 0 | BO12: 0 | BP12: 0 | BQ12: =CPP!N12 -> 0 | BR12: =BN12+BO12-BP12-BQ12 -> 0 | BS12: =BW11 -> 0 | BT12: 0 | BU12: 0 | BV12: =CPP!O12 -> 0 | BW12: =BS12+BT12-BU12-BV12 -> 0 | BX12: =CB11 -> 0 | BY12: 0 | BZ12: 0 | CB12: =BX12+BY12-BZ12-CA12 -> 0 | CC12: =CG11 -> 0 | CD12: 0 | CE12: 0 | CF12: =CPP!P12 -> 0 | CG12: =CC12+CD12-CE12-CF12 -> 0 | CH12: =CL11 -> 0 | CI12: 0 | CJ12: 0 | CK12: =CPP!Q12 -> 0 | CL12: =CH12+CI12-CJ12-CK12 -> 0 | CM12: =CQ11 -> 0.05 | CN12: 0 | CO12: 0 | CP12: =CPP!R12 -> 0 | CQ12: =CM12+CN12-CO12-CP12 -> 0.05 | CR12: =CV11 -> 0 | CS12: 0 | CT12: 0 | CU12: =CPP!S12 -> 0 | CV12: =CR12+CS12-CT12-CU12 -> 0 | CW12: =DA11 -> 0 | CX12: 0 | CY12: 0 | CZ12: =CPP!T12 -> 0 | DA12: =CW12+CX12-CY12-CZ12 -> 0 | DB12: =DF11 -> 306 | DC12: 0 | DD12: 0 | DE12: =CPP!U12 -> 0 | DF12: =DB12+DC12-DD12-DE12 -> 306 | DG12: =DK11 -> 0 | DH12: 0 | DI12: 0 | DJ12: =CPP!V12 -> 0 | DK12: =DG12+DH12-DI12-DJ12 -> 0 | DL12: =DP11 -> 0 | DM12: 0 | DN12: 0 | DO12: =CPP!W12 -> 0 | DP12: =DL12+DM12-DN12-DO12 -> 0 | DQ12: =DU11 -> 5141.5 | DR12: 0 | DS12: 50 | DT12: =CPP!X12 -> 0 | DU12: =DQ12+DR12-DS12-DT12 -> 5091.5 | DV12: =DZ11 -> 0 | DW12: 0 | DX12: 0 | DY12: =CPP!Y12 -> 0 | DZ12: =DV12+DW12-DX12-DY12 -> 0 | EA12: =L12+AO12+AT12+AY12+BD12+BI12+BS12+BX12+CC12+CH12+CR12+CW12+DB12+DG12+DL12+DV12+X12+DQ12 -> 14460.667 | EB12: =M12+Y12+AL12+AP12+AU12+AZ12+BE12+BJ12+BO12+BT12+BY12+CS12+CX12+DC12+DH12+DM12+DW12+DR12 -> 0 | EC12: =O12+AA12+AM12+AQ12+AV12+BA12+BF12+BK12+BP12+BU12+BZ12+CT12+CY12+DD12+DI12+DN12+DX12+DS12 -> 300 | ED12: =EA12+EB12-EC12-N12-Z12-AR12-AW12-BB12-BG12-BL12-BQ12-BV12-CU12-CZ12-DE12-DJ12-DO12-DY12-DT12 -> 14125.667 | EE12: =R12+AC12+AG12+AK12+CM12 -> 11920.7 | EF12: =S12+AD12+AH12+CD12+CI12+CN12 -> 0 | EG12: =CPP!D12+CPP!E12+CPP!F12+CPP!G12+CPP!H12+CPP!I12+CPP!J12+CPP!K12+CPP!L12+CPP!M12+CPP!N12+CPP!O12+CPP!P12+CPP!Q12+CPP!R12+CPP!S12+CZ12+DE12+DJ12+CPP!W12+DT12 -> 143 | EH12: =EE12+EF12-CPP!G12-CPP!E12-CPP!F12-CPP!P12-CPP!Q12-CK12-CP12-DT12 -> 11812.7 | EI12: =EL11 -> 8200.4201 | EJ12: 1910 | EK12: ='Daily CEM-1'!AG13+'Daily CEM - 2'!AF13-EP12 -> 1105.75 | EL12: =EI12+EJ12-EK12-EM12 -> 9004.6701 | EM12: 0 | EN12: =EQ11 -> 2258.609 | EO12: 477.99 | EP12: 0 | EQ12: =EN12+EO12-EP12 -> 2736.599 | ER12: =ES12-EO12 -> 808.54 | ES12: 1286.53 | ET12: =EK12+EP12 -> 1105.75 | EU12: =EK12+EP12 -> 1105.75 | EV12: =EU12/Production2!CG12 -> 0.74211409 | EW12: #DIV/0! | EX12: =EW12*100 -> #DIV/0!
B13: 11 | C13: =G12 -> 5037.64 | D13: 0 | E13: =F13+'RAW MILL 2'!F13 -> 58 | F13: 55 | G13: =C13+D13-E13 -> 4979.64 | H13: =K12 -> 677.04002 | I13: =Production2!N13 -> 2451 | J13: =Production2!K13 -> 2797.75 | K13: =H13+I13-J13 -> 330.29002 | L13: =Q12 -> 0 | M13: 0 | N13: =CPP!D13 -> 0 | O13: 0 | P13: =N13+O13 -> 0 | Q13: =L13+M13-O13-N13 -> 0 | R13: =W12 -> 0 | S13: 0 | T13: =CPP!E13 -> 0 | U13: 0 | V13: =T13+U13 -> 0 | W13: =R13+S13-V13 -> 0 | X13: =AB12 -> 8727.88 | Y13: 0 | Z13: =CPP!H13 -> 20 | AA13: 300 | AB13: =X13+Y13-AA13-Z13 -> 8407.88 | AC13: =AF12 -> 0 | AD13: 0 | AE13: 0 | AF13: =AC13+AD13-AE13 -> 0 | AG13: =AJ12 -> 11812.65 | AH13: 0 | AI13: =CPP!G13 -> 119 | AJ13: =AG13+AH13-AI13 -> 11693.65 | AK13: =AN12 -> 0 | AL13: 0 | AM13: 0 | AN13: =AK13+AL13-AM13 -> 0 | AO13: =AS12 -> 0 | AP13: 0 | AQ13: 0 | AR13: =CPP!I13 -> 0 | AS13: =AO13+AP13-AQ13-AR13 -> 0 | AT13: =AX12 -> 0 | AU13: 0 | AV13: 0 | AW13: =CPP!J13 -> 0 | AX13: =AT13+AU13-AV13-AW13 -> 0 | AY13: =BC12 -> 0.287 | AZ13: 0 | BA13: 0 | BB13: =CPP!K13 -> 0 | BC13: =AY13+AZ13-BA13-BB13 -> 0.287 | BD13: =BH12 -> 0 | BE13: 0 | BF13: 0 | BG13: =CPP!L13 -> 0 | BH13: =BD13+BE13-BF13-BG13 -> 0 | BI13: =BM12 -> 0 | BJ13: 0 | BK13: 0 | BL13: =CPP!M13 -> 0 | BM13: =BI13+BJ13-BK13-BL13 -> 0 | BN13: =BR12 -> 0 | BO13: 0 | BP13: 0 | BQ13: =CPP!N13 -> 0 | BR13: =BN13+BO13-BP13-BQ13 -> 0 | BS13: =BW12 -> 0 | BT13: 0 | BU13: 0 | BV13: =CPP!O13 -> 0 | BW13: =BS13+BT13-BU13-BV13 -> 0 | BX13: =CB12 -> 0 | BY13: 0 | BZ13: 0 | CB13: =BX13+BY13-BZ13-CA13 -> 0 | CC13: =CG12 -> 0 | CD13: 0 | CE13: 0 | CF13: =CPP!P13 -> 0 | CG13: =CC13+CD13-CE13-CF13 -> 0 | CH13: =CL12 -> 0 | CI13: 0 | CJ13: 0 | CK13: =CPP!Q13 -> 0 | CL13: =CH13+CI13-CJ13-CK13 -> 0 | CM13: =CQ12 -> 0.05 | CN13: 0 | CO13: 0 | CP13: =CPP!R13 -> 0 | CQ13: =CM13+CN13-CO13-CP13 -> 0.05 | CR13: =CV12 -> 0 | CS13: 0 | CT13: 0 | CU13: =CPP!S13 -> 0 | CV13: =CR13+CS13-CT13-CU13 -> 0 | CW13: =DA12 -> 0 | CX13: 0 | CY13: 0 | CZ13: =CPP!T13 -> 0 | DA13: =CW13+CX13-CY13-CZ13 -> 0 | DB13: =DF12 -> 306 | DC13: 0 | DD13: 0 | DE13: =CPP!U13 -> 0 | DF13: =DB13+DC13-DD13-DE13 -> 306 | DG13: =DK12 -> 0 | DH13: 0 | DI13: 0 | DJ13: =CPP!V13 -> 0 | DK13: =DG13+DH13-DI13-DJ13 -> 0 | DL13: =DP12 -> 0 | DM13: 0 | DN13: 0 | DO13: =CPP!W13 -> 0 | DP13: =DL13+DM13-DN13-DO13 -> 0 | DQ13: =DU12 -> 5091.5 | DR13: 0 | DS13: 28.89 | DT13: =CPP!X13 -> 0 | DU13: =DQ13+DR13-DS13-DT13 -> 5062.61 | DV13: =DZ12 -> 0 | DW13: 0 | DX13: 0 | DY13: =CPP!Y13 -> 0 | DZ13: =DV13+DW13-DX13-DY13 -> 0 | EA13: =L13+AO13+AT13+AY13+BD13+BI13+BS13+BX13+CC13+CH13+CR13+CW13+DB13+DG13+DL13+DV13+X13+DQ13 -> 14125.667 | EB13: =M13+Y13+AL13+AP13+AU13+AZ13+BE13+BJ13+BO13+BT13+BY13+CS13+CX13+DC13+DH13+DM13+DW13+DR13 -> 0 | EC13: =O13+AA13+AM13+AQ13+AV13+BA13+BF13+BK13+BP13+BU13+BZ13+CT13+CY13+DD13+DI13+DN13+DX13+DS13 -> 328.89 | ED13: =EA13+EB13-EC13-N13-Z13-AR13-AW13-BB13-BG13-BL13-BQ13-BV13-CU13-CZ13-DE13-DJ13-DO13-DY13-DT13 -> 13776.777 | EE13: =R13+AC13+AG13+AK13+CM13 -> 11812.7 | EF13: =S13+AD13+AH13+CD13+CI13+CN13 -> 0 | EG13: =CPP!D13+CPP!E13+CPP!F13+CPP!G13+CPP!H13+CPP!I13+CPP!J13+CPP!K13+CPP!L13+CPP!M13+CPP!N13+CPP!O13+CPP!P13+CPP!Q13+CPP!R13+CPP!S13+CZ13+DE13+DJ13+CPP!W13+DT13 -> 139 | EH13: =EE13+EF13-CPP!G13-CPP!E13-CPP!F13-CPP!P13-CPP!Q13-CK13-CP13-DT13 -> 11693.7 | EI13: =EL12 -> 9004.6701 | EJ13: 1805 | EK13: ='Daily CEM-1'!AG14+'Daily CEM - 2'!AF14-EP13 -> 931.5 | EL13: =EI13+EJ13-EK13-EM13 -> 9878.1701 | EM13: 0 | EN13: =EQ12 -> 2736.599 | EO13: 0 | EP13: 0 | EQ13: =EN13+EO13-EP13 -> 2736.599 | ER13: =ES13-EO13 -> 1675.23 | ES13: 1675.23 | ET13: =EK13+EP13 -> 931.5 | EU13: =EK13+EP13 -> 931.5 | EV13: =EU13/Production2!CG13 -> 0.76983471 | EW13: #DIV/0! | EX13: =EW13*100 -> #DIV/0!
B14: 12 | C14: =G13 -> 4979.64 | D14: 0 | E14: =F14+'RAW MILL 2'!F14 -> 80 | F14: 77 | G14: =C14+D14-E14 -> 4899.64 | H14: =K13 -> 330.29002 | I14: =Production2!N14 -> 2790 | J14: =Production2!K14 -> 2790 | K14: =H14+I14-J14 -> 330.29002 | L14: =Q13 -> 0 | M14: 0 | N14: =CPP!D14 -> 0 | O14: 0 | P14: =N14+O14 -> 0 | Q14: =L14+M14-O14-N14 -> 0 | R14: =W13 -> 0 | S14: 0 | T14: =CPP!E14 -> 0 | U14: 0 | V14: =T14+U14 -> 0 | W14: =R14+S14-V14 -> 0 | X14: =AB13 -> 8407.88 | Y14: 0 | Z14: =CPP!H14 -> 0 | AA14: 232 | AB14: =X14+Y14-AA14-Z14 -> 8175.88 | AC14: =AF13 -> 0 | AD14: 0 | AE14: 0 | AF14: =AC14+AD14-AE14 -> 0 | AG14: =AJ13 -> 11693.65 | AH14: 0 | AI14: =CPP!G14 -> 148 | AJ14: =AG14+AH14-AI14 -> 11545.65 | AK14: =AN13 -> 0 | AL14: 0 | AM14: 0 | AN14: =AK14+AL14-AM14 -> 0 | AO14: =AS13 -> 0 | AP14: 0 | AQ14: 0 | AR14: =CPP!I14 -> 0 | AS14: =AO14+AP14-AQ14-AR14 -> 0 | AT14: =AX13 -> 0 | AU14: 0 | AV14: 0 | AW14: =CPP!J14 -> 0 | AX14: =AT14+AU14-AV14-AW14 -> 0 | AY14: =BC13 -> 0.287 | AZ14: 0 | BA14: 0 | BB14: =CPP!K14 -> 0 | BC14: =AY14+AZ14-BA14-BB14 -> 0.287 | BD14: =BH13 -> 0 | BE14: 0 | BF14: 0 | BG14: =CPP!L14 -> 0 | BH14: =BD14+BE14-BF14-BG14 -> 0 | BI14: =BM13 -> 0 | BJ14: 0 | BK14: 0 | BL14: =CPP!M14 -> 0 | BM14: =BI14+BJ14-BK14-BL14 -> 0 | BN14: =BR13 -> 0 | BO14: 0 | BP14: 0 | BQ14: =CPP!N14 -> 0 | BR14: =BN14+BO14-BP14-BQ14 -> 0 | BS14: =BW13 -> 0 | BT14: 0 | BU14: 0 | BV14: =CPP!O14 -> 0 | BW14: =BS14+BT14-BU14-BV14 -> 0 | BX14: =CB13 -> 0 | BY14: 0 | BZ14: 0 | CB14: =BX14+BY14-BZ14-CA14 -> 0 | CC14: =CG13 -> 0 | CD14: 0 | CE14: 0 | CF14: =CPP!P14 -> 0 | CG14: =CC14+CD14-CE14-CF14 -> 0 | CH14: =CL13 -> 0 | CI14: 0 | CJ14: 0 | CK14: =CPP!Q14 -> 0 | CL14: =CH14+CI14-CJ14-CK14 -> 0 | CM14: =CQ13 -> 0.05 | CN14: 0 | CO14: 0 | CP14: =CPP!R14 -> 0 | CQ14: =CM14+CN14-CO14-CP14 -> 0.05 | CR14: =CV13 -> 0 | CS14: 0 | CT14: 0 | CU14: =CPP!S14 -> 0 | CV14: =CR14+CS14-CT14-CU14 -> 0 | CW14: =DA13 -> 0 | CX14: 0 | CY14: 0 | CZ14: =CPP!T14 -> 0 | DA14: =CW14+CX14-CY14-CZ14 -> 0 | DB14: =DF13 -> 306 | DC14: 0 | DD14: 0 | DE14: =CPP!U14 -> 0 | DF14: =DB14+DC14-DD14-DE14 -> 306 | DG14: =DK13 -> 0 | DH14: 0 | DI14: 0 | DJ14: =CPP!V14 -> 0 | DK14: =DG14+DH14-DI14-DJ14 -> 0 | DL14: =DP13 -> 0 | DM14: 0 | DN14: 0 | DO14: =CPP!W14 -> 0 | DP14: =DL14+DM14-DN14-DO14 -> 0 | DQ14: =DU13 -> 5062.61 | DR14: 0 | DS14: 58 | DT14: =CPP!X14 -> 0 | DU14: =DQ14+DR14-DS14-DT14 -> 5004.61 | DV14: =DZ13 -> 0 | DW14: 0 | DX14: 0 | DY14: =CPP!Y14 -> 0 | DZ14: =DV14+DW14-DX14-DY14 -> 0 | EA14: =L14+AO14+AT14+AY14+BD14+BI14+BS14+BX14+CC14+CH14+CR14+CW14+DB14+DG14+DL14+DV14+X14+DQ14 -> 13776.777 | EB14: =M14+Y14+AL14+AP14+AU14+AZ14+BE14+BJ14+BO14+BT14+BY14+CS14+CX14+DC14+DH14+DM14+DW14+DR14 -> 0 | EC14: =O14+AA14+AM14+AQ14+AV14+BA14+BF14+BK14+BP14+BU14+BZ14+CT14+CY14+DD14+DI14+DN14+DX14+DS14 -> 290 | ED14: =EA14+EB14-EC14-N14-Z14-AR14-AW14-BB14-BG14-BL14-BQ14-BV14-CU14-CZ14-DE14-DJ14-DO14-DY14-DT14 -> 13486.777 | EE14: =R14+AC14+AG14+AK14+CM14 -> 11693.7 | EF14: =S14+AD14+AH14+CD14+CI14+CN14 -> 0 | EG14: =CPP!D14+CPP!E14+CPP!F14+CPP!G14+CPP!H14+CPP!I14+CPP!J14+CPP!K14+CPP!L14+CPP!M14+CPP!N14+CPP!O14+CPP!P14+CPP!Q14+CPP!R14+CPP!S14+CZ14+DE14+DJ14+CPP!W14+DT14 -> 148 | EH14: =EE14+EF14-CPP!G14-CPP!E14-CPP!F14-CPP!P14-CPP!Q14-CK14-CP14-DT14 -> 11545.7 | EI14: =EL13 -> 9878.1701 | EJ14: 1800 | EK14: ='Daily CEM-1'!AG15+'Daily CEM - 2'!AF15-EP14 -> 992 | EL14: =EI14+EJ14-EK14-EM14 -> 10686.17 | EM14: 0 | EN14: =EQ13 -> 2736.599 | EO14: 0 | EP14: 100.5 | EQ14: =EN14+EO14-EP14 -> 2636.099 | ER14: =ES14-EO14 -> 483.51 | ES14: 483.51 | ET14: =EK14+EP14 -> 1092.5 | EU14: =EK14+EP14 -> 1092.5 | EV14: =EU14/Production2!CG14 -> 0.76666667
B15: 13 | C15: =G14 -> 4899.64 | D15: 0 | E15: =F15+'RAW MILL 2'!F15 -> 60 | F15: 55 | G15: =C15+D15-E15 -> 4839.64 | H15: =K14 -> 330.29002 | I15: =Production2!N15 -> 2460 | J15: =Production2!K15 -> 2852 | K15: =H15+I15-J15 -> -61.709983 | L15: =Q14 -> 0 | M15: 0 | N15: =CPP!D15 -> 0 | O15: 0 | P15: =N15+O15 -> 0 | Q15: =L15+M15-O15-N15 -> 0 | R15: =W14 -> 0 | S15: 0 | T15: =CPP!E15 -> 0 | U15: 0 | V15: =T15+U15 -> 0 | W15: =R15+S15-V15 -> 0 | X15: =AB14 -> 8175.88 | Y15: 0 | Z15: =CPP!H15 -> 10 | AA15: 240 | AB15: =X15+Y15-AA15-Z15 -> 7925.88 | AC15: =AF14 -> 0 | AD15: 0 | AE15: 0 | AF15: =AC15+AD15-AE15 -> 0 | AG15: =AJ14 -> 11545.65 | AH15: 0 | AI15: =CPP!G15 -> 138 | AJ15: =AG15+AH15-AI15 -> 11407.65 | AK15: =AN14 -> 0 | AL15: 0 | AM15: 0 | AN15: =AK15+AL15-AM15 -> 0 | AO15: =AS14 -> 0 | AP15: 0 | AQ15: 0 | AR15: =CPP!I15 -> 0 | AS15: =AO15+AP15-AQ15-AR15 -> 0 | AT15: =AX14 -> 0 | AU15: 0 | AV15: 0 | AW15: =CPP!J15 -> 0 | AX15: =AT15+AU15-AV15-AW15 -> 0 | AY15: =BC14 -> 0.287 | AZ15: 0 | BA15: 0 | BB15: =CPP!K15 -> 0 | BC15: =AY15+AZ15-BA15-BB15 -> 0.287 | BD15: =BH14 -> 0 | BE15: 0 | BF15: 0 | BG15: =CPP!L15 -> 0 | BH15: =BD15+BE15-BF15-BG15 -> 0 | BI15: =BM14 -> 0 | BJ15: 0 | BK15: 0 | BL15: =CPP!M15 -> 0 | BM15: =BI15+BJ15-BK15-BL15 -> 0 | BN15: =BR14 -> 0 | BO15: 0 | BP15: 0 | BQ15: =CPP!N15 -> 0 | BR15: =BN15+BO15-BP15-BQ15 -> 0 | BS15: =BW14 -> 0 | BT15: 0 | BU15: 0 | BV15: =CPP!O15 -> 0 | BW15: =BS15+BT15-BU15-BV15 -> 0 | BX15: =CB14 -> 0 | BY15: 0 | BZ15: 0 | CB15: =BX15+BY15-BZ15-CA15 -> 0 | CC15: =CG14 -> 0 | CD15: 0 | CE15: 0 | CF15: =CPP!P15 -> 0 | CG15: =CC15+CD15-CE15-CF15 -> 0 | CH15: =CL14 -> 0 | CI15: 0 | CJ15: 0 | CK15: =CPP!Q15 -> 0 | CL15: =CH15+CI15-CJ15-CK15 -> 0 | CM15: =CQ14 -> 0.05 | CN15: 0 | CO15: 0 | CP15: =CPP!R15 -> 0 | CQ15: =CM15+CN15-CO15-CP15 -> 0.05 | CR15: =CV14 -> 0 | CS15: 0 | CT15: 0 | CU15: =CPP!S15 -> 0 | CV15: =CR15+CS15-CT15-CU15 -> 0 | CW15: =DA14 -> 0 | CX15: 0 | CY15: 0 | CZ15: =CPP!T15 -> 0 | DA15: =CW15+CX15-CY15-CZ15 -> 0 | DB15: =DF14 -> 306 | DC15: 0 | DD15: 0 | DE15: =CPP!U15 -> 0 | DF15: =DB15+DC15-DD15-DE15 -> 306 | DG15: =DK14 -> 0 | DH15: 0 | DI15: 0 | DJ15: =CPP!V15 -> 0 | DK15: =DG15+DH15-DI15-DJ15 -> 0 | DL15: =DP14 -> 0 | DM15: 0 | DN15: 0 | DO15: =CPP!W15 -> 0 | DP15: =DL15+DM15-DN15-DO15 -> 0 | DQ15: =DU14 -> 5004.61 | DR15: 0 | DS15: 60 | DT15: =CPP!X15 -> 0 | DU15: =DQ15+DR15-DS15-DT15 -> 4944.61 | DV15: =DZ14 -> 0 | DW15: 0 | DX15: 0 | DY15: =CPP!Y15 -> 0 | DZ15: =DV15+DW15-DX15-DY15 -> 0 | EA15: =L15+AO15+AT15+AY15+BD15+BI15+BS15+BX15+CC15+CH15+CR15+CW15+DB15+DG15+DL15+DV15+X15+DQ15 -> 13486.777 | EB15: =M15+Y15+AL15+AP15+AU15+AZ15+BE15+BJ15+BO15+BT15+BY15+CS15+CX15+DC15+DH15+DM15+DW15+DR15 -> 0 | EC15: =O15+AA15+AM15+AQ15+AV15+BA15+BF15+BK15+BP15+BU15+BZ15+CT15+CY15+DD15+DI15+DN15+DX15+DS15 -> 300 | ED15: =EA15+EB15-EC15-N15-Z15-AR15-AW15-BB15-BG15-BL15-BQ15-BV15-CU15-CZ15-DE15-DJ15-DO15-DY15-DT15 -> 13176.777 | EE15: =R15+AC15+AG15+AK15+CM15 -> 11545.7 | EF15: =S15+AD15+AH15+CD15+CI15+CN15 -> 0 | EG15: =CPP!D15+CPP!E15+CPP!F15+CPP!G15+CPP!H15+CPP!I15+CPP!J15+CPP!K15+CPP!L15+CPP!M15+CPP!N15+CPP!O15+CPP!P15+CPP!Q15+CPP!R15+CPP!S15+CZ15+DE15+DJ15+CPP!W15+DT15 -> 148 | EH15: =EE15+EF15-CPP!G15-CPP!E15-CPP!F15-CPP!P15-CPP!Q15-CK15-CP15-DT15 -> 11407.7 | EI15: =EL14 -> 10686.17 | EJ15: 1840 | EK15: ='Daily CEM-1'!AG16+'Daily CEM - 2'!AF16-EP15 -> 104.5 | EL15: =EI15+EJ15-EK15-EM15 -> 12421.67 | EM15: 0 | EN15: =EQ14 -> 2636.099 | EO15: 1927.44 | EP15: 792.2 | EQ15: =EN15+EO15-EP15 -> 3771.339 | ER15: =ES15-EO15 -> -1927.44 | ET15: =EK15+EP15 -> 896.7 | EU15: =EK15+EP15 -> 896.7 | EV15: =EU15/Production2!CG15 -> 0.77301724
B16: 14 | C16: =G15 -> 4839.64 | D16: 0 | E16: =F16+'RAW MILL 2'!F16 -> 60 | F16: 56 | G16: =C16+D16-E16 -> 4779.64 | H16: =K15 -> -61.709983 | I16: =Production2!N16 -> 2501 | J16: =Production2!K16 -> 2712.5 | K16: =H16+I16-J16 -> -273.20998 | L16: =Q15 -> 0 | M16: 0 | N16: =CPP!D16 -> 0 | O16: 0 | P16: =N16+O16 -> 0 | Q16: =L16+M16-O16-N16 -> 0 | R16: =W15 -> 0 | S16: 0 | T16: =CPP!E16 -> 0 | U16: 0 | V16: =T16+U16 -> 0 | W16: =R16+S16-V16 -> 0 | X16: =AB15 -> 7925.88 | Y16: 0 | Z16: =CPP!H16 -> 18 | AA16: 222.22 | AB16: =X16+Y16-AA16-Z16 -> 7685.66 | AC16: =AF15 -> 0 | AD16: 0 | AE16: 0 | AF16: =AC16+AD16-AE16 -> 0 | AG16: =AJ15 -> 11407.65 | AH16: 0 | AI16: =CPP!G16 -> 140 | AJ16: =AG16+AH16-AI16 -> 11267.65 | AK16: =AN15 -> 0 | AL16: 0 | AM16: 0 | AN16: =AK16+AL16-AM16 -> 0 | AO16: =AS15 -> 0 | AP16: 0 | AQ16: 0 | AR16: =CPP!I16 -> 0 | AS16: =AO16+AP16-AQ16-AR16 -> 0 | AT16: =AX15 -> 0 | AU16: 0 | AV16: 0 | AW16: =CPP!J16 -> 0 | AX16: =AT16+AU16-AV16-AW16 -> 0 | AY16: =BC15 -> 0.287 | AZ16: 0 | BA16: 0 | BB16: =CPP!K16 -> 0 | BC16: =AY16+AZ16-BA16-BB16 -> 0.287 | BD16: =BH15 -> 0 | BE16: 0 | BF16: 0 | BG16: =CPP!L16 -> 0 | BH16: =BD16+BE16-BF16-BG16 -> 0 | BI16: =BM15 -> 0 | BJ16: 0 | BK16: 0 | BL16: =CPP!M16 -> 0 | BM16: =BI16+BJ16-BK16-BL16 -> 0 | BN16: =BR15 -> 0 | BO16: 0 | BP16: 0 | BQ16: =CPP!N16 -> 0 | BR16: =BN16+BO16-BP16-BQ16 -> 0 | BS16: =BW15 -> 0 | BT16: 0 | BU16: 0 | BV16: =CPP!O16 -> 0 | BW16: =BS16+BT16-BU16-BV16 -> 0 | BX16: =CB15 -> 0 | BY16: 0 | BZ16: 0 | CB16: =BX16+BY16-BZ16-CA16 -> 0 | CC16: =CG15 -> 0 | CD16: 0 | CE16: 0 | CF16: =CPP!P16 -> 0 | CG16: =CC16+CD16-CE16-CF16 -> 0 | CH16: =CL15 -> 0 | CI16: 0 | CJ16: 0 | CK16: =CPP!Q16 -> 0 | CL16: =CH16+CI16-CJ16-CK16 -> 0 | CM16: =CQ15 -> 0.05 | CN16: 0 | CO16: 0 | CP16: =CPP!R16 -> 0 | CQ16: =CM16+CN16-CO16-CP16 -> 0.05 | CR16: =CV15 -> 0 | CS16: 0 | CT16: 0 | CU16: =CPP!S16 -> 0 | CV16: =CR16+CS16-CT16-CU16 -> 0 | CW16: =DA15 -> 0 | CX16: 0 | CY16: 0 | CZ16: =CPP!T16 -> 0 | DA16: =CW16+CX16-CY16-CZ16 -> 0 | DB16: =DF15 -> 306 | DC16: 0 | DD16: 0 | DE16: =CPP!U16 -> 0 | DF16: =DB16+DC16-DD16-DE16 -> 306 | DG16: =DK15 -> 0 | DH16: 0 | DI16: 0 | DJ16: =CPP!V16 -> 0 | DK16: =DG16+DH16-DI16-DJ16 -> 0 | DL16: =DP15 -> 0 | DM16: 0 | DN16: 0 | DO16: =CPP!W16 -> 0 | DP16: =DL16+DM16-DN16-DO16 -> 0 | DQ16: =DU15 -> 4944.61 | DR16: 30 | DS16: 55.56 | DT16: =CPP!X16 -> 0 | DU16: =DQ16+DR16-DS16-DT16 -> 4919.05 | DV16: =DZ15 -> 0 | DW16: 0 | DX16: 0 | DY16: =CPP!Y16 -> 0 | DZ16: =DV16+DW16-DX16-DY16 -> 0 | EA16: =L16+AO16+AT16+AY16+BD16+BI16+BS16+BX16+CC16+CH16+CR16+CW16+DB16+DG16+DL16+DV16+X16+DQ16 -> 13176.777 | EB16: =M16+Y16+AL16+AP16+AU16+AZ16+BE16+BJ16+BO16+BT16+BY16+CS16+CX16+DC16+DH16+DM16+DW16+DR16 -> 30 | EC16: =O16+AA16+AM16+AQ16+AV16+BA16+BF16+BK16+BP16+BU16+BZ16+CT16+CY16+DD16+DI16+DN16+DX16+DS16 -> 277.78 | ED16: =EA16+EB16-EC16-N16-Z16-AR16-AW16-BB16-BG16-BL16-BQ16-BV16-CU16-CZ16-DE16-DJ16-DO16-DY16-DT16 -> 12910.997 | EE16: =R16+AC16+AG16+AK16+CM16 -> 11407.7 | EF16: =S16+AD16+AH16+CD16+CI16+CN16 -> 0 | EG16: =CPP!D16+CPP!E16+CPP!F16+CPP!G16+CPP!H16+CPP!I16+CPP!J16+CPP!K16+CPP!L16+CPP!M16+CPP!N16+CPP!O16+CPP!P16+CPP!Q16+CPP!R16+CPP!S16+CZ16+DE16+DJ16+CPP!W16+DT16 -> 158 | EH16: =EE16+EF16-CPP!G16-CPP!E16-CPP!F16-CPP!P16-CPP!Q16-CK16-CP16-DT16 -> 11267.7 | EI16: =EL15 -> 12421.67 | EJ16: 1750 | EK16: ='Daily CEM-1'!AG17+'Daily CEM - 2'!AF17-EP16 -> 654.5 | EL16: =EI16+EJ16-EK16-EM16 -> 13517.17 | EM16: 0 | EN16: =EQ15 -> 3771.339 | EO16: 508.11 | EP16: 472.6 | EQ16: =EN16+EO16-EP16 -> 3806.849 | ER16: =ES16-EO16 -> -508.11 | ET16: =EK16+EP16 -> 1127.1
B17: 15 | C17: =G16 -> 4779.64 | D17: 0 | E17: =F17+'RAW MILL 2'!F17 -> 68 | F17: 62 | G17: =C17+D17-E17 -> 4711.64 | H17: =K16 -> -273.20998 | I17: =Production2!N17 -> 2232 | J17: =Production2!K17 -> 2604 | K17: =H17+I17-J17 -> -645.20998 | L17: =Q16 -> 0 | M17: 0 | N17: =CPP!D17 -> 0 | O17: 0 | P17: =N17+O17 -> 0 | Q17: =L17+M17-O17-N17 -> 0 | R17: =W16 -> 0 | S17: 0 | T17: =CPP!E17 -> 0 | U17: 0 | V17: =T17+U17 -> 0 | W17: =R17+S17-V17 -> 0 | X17: =AB16 -> 7685.66 | Y17: 0 | Z17: =CPP!H17 -> 26 | AA17: 226 | AB17: =X17+Y17-AA17-Z17 -> 7433.66 | AC17: =AF16 -> 0 | AD17: 0 | AE17: 0 | AF17: =AC17+AD17-AE17 -> 0 | AG17: =AJ16 -> 11267.65 | AH17: 0 | AI17: =CPP!G17 -> 118 | AJ17: =AG17+AH17-AI17 -> 11149.65 | AK17: =AN16 -> 0 | AL17: 0 | AM17: 0 | AN17: =AK17+AL17-AM17 -> 0 | AO17: =AS16 -> 0 | AP17: 0 | AQ17: 0 | AR17: =CPP!I17 -> 0 | AS17: =AO17+AP17-AQ17-AR17 -> 0 | AT17: =AX16 -> 0 | AU17: 0 | AV17: 0 | AW17: =CPP!J17 -> 0 | AX17: =AT17+AU17-AV17-AW17 -> 0 | AY17: =BC16 -> 0.287 | AZ17: 0 | BA17: 0 | BB17: =CPP!K17 -> 0 | BC17: =AY17+AZ17-BA17-BB17 -> 0.287 | BD17: =BH16 -> 0 | BE17: 0 | BF17: 0 | BG17: =CPP!L17 -> 0 | BH17: =BD17+BE17-BF17-BG17 -> 0 | BI17: =BM16 -> 0 | BJ17: 0 | BK17: 0 | BL17: =CPP!M17 -> 0 | BM17: =BI17+BJ17-BK17-BL17 -> 0 | BN17: =BR16 -> 0 | BO17: 0 | BP17: 0 | BQ17: =CPP!N17 -> 0 | BR17: =BN17+BO17-BP17-BQ17 -> 0 | BS17: =BW16 -> 0 | BT17: 0 | BU17: 0 | BV17: =CPP!O17 -> 0 | BW17: =BS17+BT17-BU17-BV17 -> 0 | BX17: =CB16 -> 0 | BY17: 0 | BZ17: 0 | CB17: =BX17+BY17-BZ17-CA17 -> 0 | CC17: =CG16 -> 0 | CD17: 0 | CE17: 0 | CF17: =CPP!P17 -> 0 | CG17: =CC17+CD17-CE17-CF17 -> 0 | CH17: =CL16 -> 0 | CI17: 0 | CJ17: 0 | CK17: =CPP!Q17 -> 0 | CL17: =CH17+CI17-CJ17-CK17 -> 0 | CM17: =CQ16 -> 0.05 | CN17: 0 | CO17: 0 | CP17: =CPP!R17 -> 0 | CQ17: =CM17+CN17-CO17-CP17 -> 0.05 | CR17: =CV16 -> 0 | CS17: 0 | CT17: 0 | CU17: =CPP!S17 -> 0 | CV17: =CR17+CS17-CT17-CU17 -> 0 | CW17: =DA16 -> 0 | CX17: 0 | CY17: 0 | CZ17: =CPP!T17 -> 0 | DA17: =CW17+CX17-CY17-CZ17 -> 0 | DB17: =DF16 -> 306 | DC17: 0 | DD17: 0 | DE17: =CPP!U17 -> 0 | DF17: =DB17+DC17-DD17-DE17 -> 306 | DG17: =DK16 -> 0 | DH17: 0 | DI17: 0 | DJ17: =CPP!V17 -> 0 | DK17: =DG17+DH17-DI17-DJ17 -> 0 | DL17: =DP16 -> 0 | DM17: 0 | DN17: 0 | DO17: =CPP!W17 -> 0 | DP17: =DL17+DM17-DN17-DO17 -> 0 | DQ17: =DU16 -> 4919.05 | DR17: 0 | DS17: 57.33 | DT17: =CPP!X17 -> 0 | DU17: =DQ17+DR17-DS17-DT17 -> 4861.72 | DV17: =DZ16 -> 0 | DW17: 0 | DX17: 0 | DY17: =CPP!Y17 -> 0 | DZ17: =DV17+DW17-DX17-DY17 -> 0 | EA17: =L17+AO17+AT17+AY17+BD17+BI17+BS17+BX17+CC17+CH17+CR17+CW17+DB17+DG17+DL17+DV17+X17+DQ17 -> 12910.997 | EB17: =M17+Y17+AL17+AP17+AU17+AZ17+BE17+BJ17+BO17+BT17+BY17+CS17+CX17+DC17+DH17+DM17+DW17+DR17 -> 0 | EC17: =O17+AA17+AM17+AQ17+AV17+BA17+BF17+BK17+BP17+BU17+BZ17+CT17+CY17+DD17+DI17+DN17+DX17+DS17 -> 283.33 | ED17: =EA17+EB17-EC17-N17-Z17-AR17-AW17-BB17-BG17-BL17-BQ17-BV17-CU17-CZ17-DE17-DJ17-DO17-DY17-DT17 -> 12601.667 | EE17: =R17+AC17+AG17+AK17+CM17 -> 11267.7 | EF17: =S17+AD17+AH17+CD17+CI17+CN17 -> 0 | EG17: =CPP!D17+CPP!E17+CPP!F17+CPP!G17+CPP!H17+CPP!I17+CPP!J17+CPP!K17+CPP!L17+CPP!M17+CPP!N17+CPP!O17+CPP!P17+CPP!Q17+CPP!R17+CPP!S17+CZ17+DE17+DJ17+CPP!W17+DT17 -> 144 | EH17: =EE17+EF17-CPP!G17-CPP!E17-CPP!F17-CPP!P17-CPP!Q17-CK17-CP17-DT17 -> 11149.7 | EI17: =EL16 -> 13517.17 | EJ17: 1680 | EK17: ='Daily CEM-1'!AG18+'Daily CEM - 2'!AF18-EP17 -> 242.5 | EL17: =EI17+EJ17-EK17-EM17 -> 14954.67 | EM17: 0 | EN17: =EQ16 -> 3806.849 | EO17: 416.85 | EP17: 1381.05 | EQ17: =EN17+EO17-EP17 -> 2842.649 | ER17: =ES17-EO17 -> 2786.02 | ES17: 3202.87 | ET17: =EK17+EP17 -> 1623.55
B18: 16 | C18: =G17 -> 4711.64 | D18: 0 | E18: =F18+'RAW MILL 2'!F18 -> 52 | F18: 48 | G18: =C18+D18-E18 -> 4659.64 | H18: =K17 -> -645.20998 | I18: =Production2!N18 -> 2150 | J18: =Production2!K18 -> 2340.5 | K18: =H18+I18-J18 -> -835.70998 | L18: =Q17 -> 0 | M18: 0 | N18: =CPP!D18 -> 0 | O18: 0 | P18: =N18+O18 -> 0 | Q18: =L18+M18-O18-N18 -> 0 | R18: =W17 -> 0 | S18: 0 | T18: =CPP!E18 -> 0 | U18: 0 | V18: =T18+U18 -> 0 | W18: =R18+S18-V18 -> 0 | X18: =AB17 -> 7433.66 | Y18: 0 | Z18: =CPP!H18 -> 0 | AA18: 195 | AB18: =X18+Y18-AA18-Z18 -> 7238.66 | AC18: =AF17 -> 0 | AD18: 0 | AE18: 0 | AF18: =AC18+AD18-AE18 -> 0 | AG18: =AJ17 -> 11149.65 | AH18: 30 | AI18: =CPP!G18 -> 143 | AJ18: =AG18+AH18-AI18 -> 11036.65 | AK18: =AN17 -> 0 | AL18: 0 | AM18: 0 | AN18: =AK18+AL18-AM18 -> 0 | AO18: =AS17 -> 0 | AP18: 0 | AQ18: 0 | AR18: =CPP!I18 -> 0 | AS18: =AO18+AP18-AQ18-AR18 -> 0 | AT18: =AX17 -> 0 | AU18: 0 | AV18: 0 | AW18: =CPP!J18 -> 0 | AX18: =AT18+AU18-AV18-AW18 -> 0 | AY18: =BC17 -> 0.287 | AZ18: 0 | BA18: 0 | BB18: =CPP!K18 -> 0 | BC18: =AY18+AZ18-BA18-BB18 -> 0.287 | BD18: =BH17 -> 0 | BE18: 0 | BF18: 0 | BG18: =CPP!L18 -> 0 | BH18: =BD18+BE18-BF18-BG18 -> 0 | BI18: =BM17 -> 0 | BJ18: 0 | BK18: 0 | BL18: =CPP!M18 -> 0 | BM18: =BI18+BJ18-BK18-BL18 -> 0 | BN18: =BR17 -> 0 | BO18: 0 | BP18: 0 | BQ18: =CPP!N18 -> 0 | BR18: =BN18+BO18-BP18-BQ18 -> 0 | BS18: =BW17 -> 0 | BT18: 0 | BU18: 0 | BV18: =CPP!O18 -> 0 | BW18: =BS18+BT18-BU18-BV18 -> 0 | BX18: =CB17 -> 0 | BY18: 0 | BZ18: 0 | CB18: =BX18+BY18-BZ18-CA18 -> 0 | CC18: =CG17 -> 0 | CD18: 0 | CE18: 0 | CF18: =CPP!P18 -> 0 | CG18: =CC18+CD18-CE18-CF18 -> 0 | CH18: =CL17 -> 0 | CI18: 0 | CJ18: 0 | CK18: =CPP!Q18 -> 0 | CL18: =CH18+CI18-CJ18-CK18 -> 0 | CM18: =CQ17 -> 0.05 | CN18: 0 | CO18: 0 | CP18: =CPP!R18 -> 0 | CQ18: =CM18+CN18-CO18-CP18 -> 0.05 | CR18: =CV17 -> 0 | CS18: 0 | CT18: 0 | CU18: =CPP!S18 -> 0 | CV18: =CR18+CS18-CT18-CU18 -> 0 | CW18: =DA17 -> 0 | CX18: 0 | CY18: 0 | CZ18: =CPP!T18 -> 0 | DA18: =CW18+CX18-CY18-CZ18 -> 0 | DB18: =DF17 -> 306 | DC18: 0 | DD18: 0 | DE18: =CPP!U18 -> 0 | DF18: =DB18+DC18-DD18-DE18 -> 306 | DG18: =DK17 -> 0 | DH18: 0 | DI18: 0 | DJ18: =CPP!V18 -> 0 | DK18: =DG18+DH18-DI18-DJ18 -> 0 | DL18: =DP17 -> 0 | DM18: 0 | DN18: 0 | DO18: =CPP!W18 -> 0 | DP18: =DL18+DM18-DN18-DO18 -> 0 | DQ18: =DU17 -> 4861.72 | DR18: 0 | DS18: 49.44 | DT18: =CPP!X18 -> 0 | DU18: =DQ18+DR18-DS18-DT18 -> 4812.28 | DV18: =DZ17 -> 0 | DW18: 0 | DX18: 0 | DY18: =CPP!Y18 -> 0 | DZ18: =DV18+DW18-DX18-DY18 -> 0 | EA18: =L18+AO18+AT18+AY18+BD18+BI18+BS18+BX18+CC18+CH18+CR18+CW18+DB18+DG18+DL18+DV18+X18+DQ18 -> 12601.667 | EB18: =M18+Y18+AL18+AP18+AU18+AZ18+BE18+BJ18+BO18+BT18+BY18+CS18+CX18+DC18+DH18+DM18+DW18+DR18 -> 0 | EC18: =O18+AA18+AM18+AQ18+AV18+BA18+BF18+BK18+BP18+BU18+BZ18+CT18+CY18+DD18+DI18+DN18+DX18+DS18 -> 244.44 | ED18: =EA18+EB18-EC18-N18-Z18-AR18-AW18-BB18-BG18-BL18-BQ18-BV18-CU18-CZ18-DE18-DJ18-DO18-DY18-DT18 -> 12357.227 | EE18: =R18+AC18+AG18+AK18+CM18 -> 11149.7 | EF18: =S18+AD18+AH18+CD18+CI18+CN18 -> 30 | EG18: =CPP!D18+CPP!E18+CPP!F18+CPP!G18+CPP!H18+CPP!I18+CPP!J18+CPP!K18+CPP!L18+CPP!M18+CPP!N18+CPP!O18+CPP!P18+CPP!Q18+CPP!R18+CPP!S18+CZ18+DE18+DJ18+CPP!W18+DT18 -> 143 | EH18: =EE18+EF18-CPP!G18-CPP!E18-CPP!F18-CPP!P18-CPP!Q18-CK18-CP18-DT18 -> 11036.7 | EI18: =EL17 -> 14954.67 | EJ18: 1510 | EK18: ='Daily CEM-1'!AG19+'Daily CEM - 2'!AF19-EP18 -> 271.75 | EL18: =EI18+EJ18-EK18-EM18 -> 16192.92 | EM18: 0 | EN18: =EQ17 -> 2842.649 | EO18: 419.11 | EP18: 1131.9 | EQ18: =EN18+EO18-EP18 -> 2129.859 | ER18: =ES18-EO18 -> 370.87 | ES18: 789.98 | ET18: =EK18+EP18 -> 1403.65
B19: 17 | C19: =G18 -> 4659.64 | D19: 0 | E19: =F19+'RAW MILL 2'!F19 -> 53 | F19: 49 | G19: =C19+D19-E19 -> 4606.64 | H19: =K18 -> -835.70998 | I19: =Production2!N19 -> 2214 | J19: =Production2!K19 -> 2332.75 | K19: =H19+I19-J19 -> -954.45998 | L19: =Q18 -> 0 | M19: 0 | N19: =CPP!D19 -> 0 | O19: 0 | P19: =N19+O19 -> 0 | Q19: =L19+M19-O19-N19 -> 0 | R19: =W18 -> 0 | S19: 0 | T19: =CPP!E19 -> 0 | U19: 0 | V19: =T19+U19 -> 0 | W19: =R19+S19-V19 -> 0 | X19: =AB18 -> 7238.66 | Y19: 0 | Z19: =CPP!H19 -> 0 | AA19: 243.33 | AB19: =X19+Y19-AA19-Z19 -> 6995.33 | AC19: =AF18 -> 0 | AD19: 0 | AE19: 0 | AF19: =AC19+AD19-AE19 -> 0 | AG19: =AJ18 -> 11036.65 | AH19: 0 | AI19: =CPP!G19 -> 138 | AJ19: =AG19+AH19-AI19 -> 10898.65 | AK19: =AN18 -> 0 | AL19: 0 | AM19: 0 | AN19: =AK19+AL19-AM19 -> 0 | AO19: =AS18 -> 0 | AP19: 0 | AQ19: 0 | AR19: =CPP!I19 -> 0 | AS19: =AO19+AP19-AQ19-AR19 -> 0 | AT19: =AX18 -> 0 | AU19: 0 | AV19: 0 | AW19: =CPP!J19 -> 0 | AX19: =AT19+AU19-AV19-AW19 -> 0 | AY19: =BC18 -> 0.287 | AZ19: 0 | BA19: 0 | BB19: =CPP!K19 -> 0 | BC19: =AY19+AZ19-BA19-BB19 -> 0.287 | BD19: =BH18 -> 0 | BE19: 0 | BF19: 0 | BG19: =CPP!L19 -> 0 | BH19: =BD19+BE19-BF19-BG19 -> 0 | BI19: =BM18 -> 0 | BJ19: 0 | BK19: 0 | BL19: =CPP!M19 -> 0 | BM19: =BI19+BJ19-BK19-BL19 -> 0 | BN19: =BR18 -> 0 | BO19: 0 | BP19: 0 | BQ19: =CPP!N19 -> 0 | BR19: =BN19+BO19-BP19-BQ19 -> 0 | BS19: =BW18 -> 0 | BT19: 0 | BU19: 0 | BV19: =CPP!O19 -> 0 | BW19: =BS19+BT19-BU19-BV19 -> 0 | BX19: =CB18 -> 0 | BY19: 0 | BZ19: 0 | CB19: =BX19+BY19-BZ19-CA19 -> 0 | CC19: =CG18 -> 0 | CD19: 0 | CE19: 0 | CF19: =CPP!P19 -> 0 | CG19: =CC19+CD19-CE19-CF19 -> 0 | CH19: =CL18 -> 0 | CI19: 0 | CJ19: 0 | CK19: =CPP!Q19 -> 0 | CL19: =CH19+CI19-CJ19-CK19 -> 0 | CM19: =CQ18 -> 0.05 | CN19: 0 | CO19: 0 | CP19: =CPP!R19 -> 0 | CQ19: =CM19+CN19-CO19-CP19 -> 0.05 | CR19: =CV18 -> 0 | CS19: 0 | CT19: 0 | CU19: =CPP!S19 -> 0 | CV19: =CR19+CS19-CT19-CU19 -> 0 | CW19: =DA18 -> 0 | CX19: 0 | CY19: 0 | CZ19: =CPP!T19 -> 0 | DA19: =CW19+CX19-CY19-CZ19 -> 0 | DB19: =DF18 -> 306 | DC19: 0 | DD19: 0 | DE19: =CPP!U19 -> 0 | DF19: =DB19+DC19-DD19-DE19 -> 306 | DG19: =DK18 -> 0 | DH19: 0 | DI19: 0 | DJ19: =CPP!V19 -> 0 | DK19: =DG19+DH19-DI19-DJ19 -> 0 | DL19: =DP18 -> 0 | DM19: 0 | DN19: 0 | DO19: =CPP!W19 -> 0 | DP19: =DL19+DM19-DN19-DO19 -> 0 | DQ19: =DU18 -> 4812.28 | DR19: 0 | DS19: 0 | DT19: =CPP!X19 -> 10 | DU19: =DQ19+DR19-DS19-DT19 -> 4802.28 | DV19: =DZ18 -> 0 | DW19: 0 | DX19: 0 | DY19: =CPP!Y19 -> 0 | DZ19: =DV19+DW19-DX19-DY19 -> 0 | EA19: =L19+AO19+AT19+AY19+BD19+BI19+BS19+BX19+CC19+CH19+CR19+CW19+DB19+DG19+DL19+DV19+X19+DQ19 -> 12357.227 | EB19: =M19+Y19+AL19+AP19+AU19+AZ19+BE19+BJ19+BO19+BT19+BY19+CS19+CX19+DC19+DH19+DM19+DW19+DR19 -> 0 | EC19: =O19+AA19+AM19+AQ19+AV19+BA19+BF19+BK19+BP19+BU19+BZ19+CT19+CY19+DD19+DI19+DN19+DX19+DS19 -> 243.33 | ED19: =EA19+EB19-EC19-N19-Z19-AR19-AW19-BB19-BG19-BL19-BQ19-BV19-CU19-CZ19-DE19-DJ19-DO19-DY19-DT19 -> 12103.897 | EE19: =R19+AC19+AG19+AK19+CM19 -> 11036.7 | EF19: =S19+AD19+AH19+CD19+CI19+CN19 -> 0 | EG19: =CPP!D19+CPP!E19+CPP!F19+CPP!G19+CPP!H19+CPP!I19+CPP!J19+CPP!K19+CPP!L19+CPP!M19+CPP!N19+CPP!O19+CPP!P19+CPP!Q19+CPP!R19+CPP!S19+CZ19+DE19+DJ19+CPP!W19+DT19 -> 148 | EH19: =EE19+EF19-CPP!G19-CPP!E19-CPP!F19-CPP!P19-CPP!Q19-CK19-CP19-DT19 -> 10888.7 | EI19: =EL18 -> 16192.92 | EJ19: 1505 | EK19: ='Daily CEM-1'!AG20+'Daily CEM - 2'!AF20-EP19 -> 685 | EL19: =EI19+EJ19-EK19-EM19 -> 17012.92 | EM19: 0 | EN19: =EQ18 -> 2129.859 | EO19: 0 | EP19: 0 | EQ19: =EN19+EO19-EP19 -> 2129.859 | ER19: =ES19-EO19 -> 1597.29 | ES19: 1597.29 | ET19: =EK19+EP19 -> 685
B20: 18 | C20: =G19 -> 4606.64 | D20: 0 | E20: =F20+'RAW MILL 2'!F20 -> 43 | F20: 39 | G20: =C20+D20-E20 -> 4563.64 | H20: =K19 -> -954.45998 | I20: =Production2!N20 -> 1729 | J20: =Production2!K20 -> 2123.5 | K20: =H20+I20-J20 -> -1348.96 | L20: =Q19 -> 0 | M20: 0 | N20: =CPP!D20 -> 0 | O20: 0 | P20: =N20+O20 -> 0 | Q20: =L20+M20-O20-N20 -> 0 | R20: =W19 -> 0 | S20: 0 | T20: =CPP!E20 -> 0 | U20: 0 | V20: =T20+U20 -> 0 | W20: =R20+S20-V20 -> 0 | X20: =AB19 -> 6995.33 | Y20: 0 | Z20: =CPP!H20 -> 0 | AA20: 244.44 | AB20: =X20+Y20-AA20-Z20 -> 6750.89 | AC20: =AF19 -> 0 | AD20: 0 | AE20: 0 | AF20: =AC20+AD20-AE20 -> 0 | AG20: =AJ19 -> 10898.65 | AH20: 0 | AI20: =CPP!G20 -> 127 | AJ20: =AG20+AH20-AI20 -> 10771.65 | AK20: =AN19 -> 0 | AL20: 0 | AM20: 0 | AN20: =AK20+AL20-AM20 -> 0 | AO20: =AS19 -> 0 | AP20: 0 | AQ20: 0 | AR20: =CPP!I20 -> 0 | AS20: =AO20+AP20-AQ20-AR20 -> 0 | AT20: =AX19 -> 0 | AU20: 0 | AV20: 0 | AW20: =CPP!J20 -> 0 | AX20: =AT20+AU20-AV20-AW20 -> 0 | AY20: =BC19 -> 0.287 | AZ20: 0 | BA20: 0 | BB20: =CPP!K20 -> 0 | BC20: =AY20+AZ20-BA20-BB20 -> 0.287 | BD20: =BH19 -> 0 | BE20: 0 | BF20: 0 | BG20: =CPP!L20 -> 0 | BH20: =BD20+BE20-BF20-BG20 -> 0 | BI20: =BM19 -> 0 | BJ20: 0 | BK20: 0 | BL20: =CPP!M20 -> 0 | BM20: =BI20+BJ20-BK20-BL20 -> 0 | BN20: =BR19 -> 0 | BO20: 0 | BP20: 0 | BQ20: =CPP!N20 -> 0 | BR20: =BN20+BO20-BP20-BQ20 -> 0 | BS20: =BW19 -> 0 | BT20: 0 | BU20: 0 | BV20: =CPP!O20 -> 0 | BW20: =BS20+BT20-BU20-BV20 -> 0 | BX20: =CB19 -> 0 | BY20: 0 | BZ20: 0 | CB20: =BX20+BY20-BZ20-CA20 -> 0 | CC20: =CG19 -> 0 | CD20: 0 | CE20: 0 | CF20: =CPP!P20 -> 0 | CG20: =CC20+CD20-CE20-CF20 -> 0 | CH20: =CL19 -> 0 | CI20: 0 | CJ20: 0 | CK20: =CPP!Q20 -> 0 | CL20: =CH20+CI20-CJ20-CK20 -> 0 | CM20: =CQ19 -> 0.05 | CN20: 0 | CO20: 0 | CP20: =CPP!R20 -> 0 | CQ20: =CM20+CN20-CO20-CP20 -> 0.05 | CR20: =CV19 -> 0 | CS20: 0 | CT20: 0 | CU20: =CPP!S20 -> 0 | CV20: =CR20+CS20-CT20-CU20 -> 0 | CW20: =DA19 -> 0 | CX20: 0 | CY20: 0 | CZ20: =CPP!T20 -> 0 | DA20: =CW20+CX20-CY20-CZ20 -> 0 | DB20: =DF19 -> 306 | DC20: 0 | DD20: 0 | DE20: =CPP!U20 -> 0 | DF20: =DB20+DC20-DD20-DE20 -> 306 | DG20: =DK19 -> 0 | DH20: 0 | DI20: 0 | DJ20: =CPP!V20 -> 0 | DK20: =DG20+DH20-DI20-DJ20 -> 0 | DL20: =DP19 -> 0 | DM20: 0 | DN20: 0 | DO20: =CPP!W20 -> 0 | DP20: =DL20+DM20-DN20-DO20 -> 0 | DQ20: =DU19 -> 4802.28 | DR20: 0 | DS20: 0 | DT20: =CPP!X20 -> 10 | DU20: =DQ20+DR20-DS20-DT20 -> 4792.28 | DV20: =DZ19 -> 0 | DW20: 0 | DX20: 0 | DY20: =CPP!Y20 -> 0 | DZ20: =DV20+DW20-DX20-DY20 -> 0 | EA20: =L20+AO20+AT20+AY20+BD20+BI20+BS20+BX20+CC20+CH20+CR20+CW20+DB20+DG20+DL20+DV20+X20+DQ20 -> 12103.897 | EB20: =M20+Y20+AL20+AP20+AU20+AZ20+BE20+BJ20+BO20+BT20+BY20+CS20+CX20+DC20+DH20+DM20+DW20+DR20 -> 0 | EC20: =O20+AA20+AM20+AQ20+AV20+BA20+BF20+BK20+BP20+BU20+BZ20+CT20+CY20+DD20+DI20+DN20+DX20+DS20 -> 244.44 | ED20: =EA20+EB20-EC20-N20-Z20-AR20-AW20-BB20-BG20-BL20-BQ20-BV20-CU20-CZ20-DE20-DJ20-DO20-DY20-DT20 -> 11849.457 | EE20: =R20+AC20+AG20+AK20+CM20 -> 10898.7 | EF20: =S20+AD20+AH20+CD20+CI20+CN20 -> 0 | EG20: =CPP!D20+CPP!E20+CPP!F20+CPP!G20+CPP!H20+CPP!I20+CPP!J20+CPP!K20+CPP!L20+CPP!M20+CPP!N20+CPP!O20+CPP!P20+CPP!Q20+CPP!R20+CPP!S20+CZ20+DE20+DJ20+CPP!W20+DT20 -> 137 | EH20: =EE20+EF20-CPP!G20-CPP!E20-CPP!F20-CPP!P20-CPP!Q20-CK20-CP20-DT20 -> 10761.7 | EI20: =EL19 -> 17012.92 | EJ20: 1370 | EK20: ='Daily CEM-1'!AG21+'Daily CEM - 2'!AF21-EP20 -> 1306.25 | EL20: =EI20+EJ20-EK20-EM20 -> 17076.67 | EM20: 0 | EN20: =EQ19 -> 2129.859 | EO20: 730.21 | EP20: 0 | EQ20: =EN20+EO20-EP20 -> 2860.069 | ER20: =ES20-EO20 -> 592.78 | ES20: 1322.99 | ET20: =EK20+EP20 -> 1306.25
B21: 19 | C21: =G20 -> 4563.64 | D21: 0 | E21: =F21+'RAW MILL 2'!F21 -> 42 | F21: 40 | G21: =C21+D21-E21 -> 4521.64 | H21: =K20 -> -1348.96 | I21: =Production2!N21 -> 1730 | J21: =Production2!K21 -> 1953 | K21: =H21+I21-J21 -> -1571.96 | L21: =Q20 -> 0 | M21: 0 | N21: =CPP!D21 -> 0 | O21: 0 | P21: =N21+O21 -> 0 | Q21: =L21+M21-O21-N21 -> 0 | R21: =W20 -> 0 | S21: 0 | T21: =CPP!E21 -> 0 | U21: 0 | V21: =T21+U21 -> 0 | W21: =R21+S21-V21 -> 0 | X21: =AB20 -> 6750.89 | Y21: 0 | Z21: =CPP!H21 -> 0 | AA21: 172 | AB21: =X21+Y21-AA21-Z21 -> 6578.89 | AC21: =AF20 -> 0 | AD21: 0 | AE21: 0 | AF21: =AC21+AD21-AE21 -> 0 | AG21: =AJ20 -> 10771.65 | AH21: 0 | AI21: =CPP!G21 -> 132 | AJ21: =AG21+AH21-AI21 -> 10639.65 | AK21: =AN20 -> 0 | AL21: 0 | AM21: 0 | AN21: =AK21+AL21-AM21 -> 0 | AO21: =AS20 -> 0 | AP21: 0 | AQ21: 0 | AR21: =CPP!I21 -> 0 | AS21: =AO21+AP21-AQ21-AR21 -> 0 | AT21: =AX20 -> 0 | AU21: 0 | AV21: 0 | AW21: =CPP!J21 -> 0 | AX21: =AT21+AU21-AV21-AW21 -> 0 | AY21: =BC20 -> 0.287 | AZ21: 0 | BA21: 0 | BB21: =CPP!K21 -> 0 | BC21: =AY21+AZ21-BA21-BB21 -> 0.287 | BD21: =BH20 -> 0 | BE21: 0 | BF21: 0 | BG21: =CPP!L21 -> 0 | BH21: =BD21+BE21-BF21-BG21 -> 0 | BI21: =BM20 -> 0 | BJ21: 0 | BK21: 0 | BL21: =CPP!M21 -> 0 | BM21: =BI21+BJ21-BK21-BL21 -> 0 | BN21: =BR20 -> 0 | BO21: 0 | BP21: 0 | BQ21: =CPP!N21 -> 0 | BR21: =BN21+BO21-BP21-BQ21 -> 0 | BS21: =BW20 -> 0 | BT21: 0 | BU21: 0 | BV21: =CPP!O21 -> 0 | BW21: =BS21+BT21-BU21-BV21 -> 0 | BX21: =CB20 -> 0 | BY21: 0 | BZ21: 0 | CB21: =BX21+BY21-BZ21-CA21 -> 0 | CC21: =CG20 -> 0 | CD21: 0 | CE21: 0 | CF21: =CPP!P21 -> 0 | CG21: =CC21+CD21-CE21-CF21 -> 0 | CH21: =CL20 -> 0 | CI21: 0 | CJ21: 0 | CK21: =CPP!Q21 -> 0 | CL21: =CH21+CI21-CJ21-CK21 -> 0 | CM21: =CQ20 -> 0.05 | CN21: 0 | CO21: 0 | CP21: =CPP!R21 -> 0 | CQ21: =CM21+CN21-CO21-CP21 -> 0.05 | CR21: =CV20 -> 0 | CS21: 0 | CT21: 0 | CU21: =CPP!S21 -> 0 | CV21: =CR21+CS21-CT21-CU21 -> 0 | CW21: =DA20 -> 0 | CX21: 0 | CY21: 0 | CZ21: =CPP!T21 -> 0 | DA21: =CW21+CX21-CY21-CZ21 -> 0 | DB21: =DF20 -> 306 | DC21: 0 | DD21: 0 | DE21: =CPP!U21 -> 0 | DF21: =DB21+DC21-DD21-DE21 -> 306 | DG21: =DK20 -> 0 | DH21: 0 | DI21: 0 | DJ21: =CPP!V21 -> 0 | DK21: =DG21+DH21-DI21-DJ21 -> 0 | DL21: =DP20 -> 0 | DM21: 0 | DN21: 0 | DO21: =CPP!W21 -> 0 | DP21: =DL21+DM21-DN21-DO21 -> 0 | DQ21: =DU20 -> 4792.28 | DR21: 0 | DS21: 43 | DT21: =CPP!X21 -> 0 | DU21: =DQ21+DR21-DS21-DT21 -> 4749.28 | DV21: =DZ20 -> 0 | DW21: 0 | DX21: 0 | DY21: =CPP!Y21 -> 0 | DZ21: =DV21+DW21-DX21-DY21 -> 0 | EA21: =L21+AO21+AT21+AY21+BD21+BI21+BS21+BX21+CC21+CH21+CR21+CW21+DB21+DG21+DL21+DV21+X21+DQ21 -> 11849.457 | EB21: =M21+Y21+AL21+AP21+AU21+AZ21+BE21+BJ21+BO21+BT21+BY21+CS21+CX21+DC21+DH21+DM21+DW21+DR21 -> 0 | EC21: =O21+AA21+AM21+AQ21+AV21+BA21+BF21+BK21+BP21+BU21+BZ21+CT21+CY21+DD21+DI21+DN21+DX21+DS21 -> 215 | ED21: =EA21+EB21-EC21-N21-Z21-AR21-AW21-BB21-BG21-BL21-BQ21-BV21-CU21-CZ21-DE21-DJ21-DO21-DY21-DT21 -> 11634.457 | EE21: =R21+AC21+AG21+AK21+CM21 -> 10771.7 | EF21: =S21+AD21+AH21+CD21+CI21+CN21 -> 0 | EG21: =CPP!D21+CPP!E21+CPP!F21+CPP!G21+CPP!H21+CPP!I21+CPP!J21+CPP!K21+CPP!L21+CPP!M21+CPP!N21+CPP!O21+CPP!P21+CPP!Q21+CPP!R21+CPP!S21+CZ21+DE21+DJ21+CPP!W21+DT21 -> 132 | EH21: =EE21+EF21-CPP!G21-CPP!E21-CPP!F21-CPP!P21-CPP!Q21-CK21-CP21-DT21 -> 10639.7 | EI21: =EL20 -> 17076.67 | EJ21: 1260 | EK21: ='Daily CEM-1'!AG22+'Daily CEM - 2'!AF22-EP21 -> 0 | EL21: =EI21+EJ21-EK21-EM21 -> 18336.67 | EM21: 0 | EN21: =EQ20 -> 2860.069 | EO21: 0 | EP21: 694.2 | EQ21: =EN21+EO21-EP21 -> 2165.869 | ER21: =ES21-EO21 -> 1142.58 | ES21: 1142.58 | ET21: =EK21+EP21 -> 694.2
B22: 20 | C22: =G21 -> 4521.64 | D22: 0 | E22: =F22+'RAW MILL 2'!F22 -> 41 | F22: 39 | G22: =C22+D22-E22 -> 4480.64 | H22: =K21 -> -1571.96 | I22: =Production2!N22 -> 1760 | J22: =Production2!K22 -> 1906.5 | K22: =H22+I22-J22 -> -1718.46 | L22: =Q21 -> 0 | M22: 0 | N22: =CPP!D22 -> 0 | O22: 0 | P22: =N22+O22 -> 0 | Q22: =L22+M22-O22-N22 -> 0 | R22: =W21 -> 0 | S22: 0 | T22: =CPP!E22 -> 0 | U22: 0 | V22: =T22+U22 -> 0 | W22: =R22+S22-V22 -> 0 | X22: =AB21 -> 6578.89 | Y22: 0 | Z22: =CPP!H22 -> 65 | AA22: 163 | AB22: =X22+Y22-AA22-Z22 -> 6350.89 | AC22: =AF21 -> 0 | AD22: 0 | AE22: 0 | AF22: =AC22+AD22-AE22 -> 0 | AG22: =AJ21 -> 10639.65 | AH22: 0 | AI22: =CPP!G22 -> 65 | AJ22: =AG22+AH22-AI22 -> 10574.65 | AK22: =AN21 -> 0 | AL22: 0 | AM22: 0 | AN22: =AK22+AL22-AM22 -> 0 | AO22: =AS21 -> 0 | AP22: 0 | AQ22: 0 | AR22: =CPP!I22 -> 0 | AS22: =AO22+AP22-AQ22-AR22 -> 0 | AT22: =AX21 -> 0 | AU22: 0 | AV22: 0 | AW22: =CPP!J22 -> 0 | AX22: =AT22+AU22-AV22-AW22 -> 0 | AY22: =BC21 -> 0.287 | AZ22: 0 | BA22: 0 | BB22: =CPP!K22 -> 0 | BC22: =AY22+AZ22-BA22-BB22 -> 0.287 | BD22: =BH21 -> 0 | BE22: 0 | BF22: 0 | BG22: =CPP!L22 -> 0 | BH22: =BD22+BE22-BF22-BG22 -> 0 | BI22: =BM21 -> 0 | BJ22: 0 | BK22: 0 | BL22: =CPP!M22 -> 0 | BM22: =BI22+BJ22-BK22-BL22 -> 0 | BN22: =BR21 -> 0 | BO22: 0 | BP22: 0 | BQ22: =CPP!N22 -> 0 | BR22: =BN22+BO22-BP22-BQ22 -> 0 | BS22: =BW21 -> 0 | BT22: 0 | BU22: 0 | BV22: =CPP!O22 -> 0 | BW22: =BS22+BT22-BU22-BV22 -> 0 | BX22: =CB21 -> 0 | BY22: 0 | BZ22: 0 | CB22: =BX22+BY22-BZ22-CA22 -> 0 | CC22: =CG21 -> 0 | CD22: 0 | CE22: 0 | CF22: =CPP!P22 -> 0 | CG22: =CC22+CD22-CE22-CF22 -> 0 | CH22: =CL21 -> 0 | CI22: 0 | CJ22: 0 | CK22: =CPP!Q22 -> 0 | CL22: =CH22+CI22-CJ22-CK22 -> 0 | CM22: =CQ21 -> 0.05 | CN22: 0 | CO22: 0 | CP22: =CPP!R22 -> 0 | CQ22: =CM22+CN22-CO22-CP22 -> 0.05 | CR22: =CV21 -> 0 | CS22: 0 | CT22: 0 | CU22: =CPP!S22 -> 0 | CV22: =CR22+CS22-CT22-CU22 -> 0 | CW22: =DA21 -> 0 | CX22: 0 | CY22: 0 | CZ22: =CPP!T22 -> 0 | DA22: =CW22+CX22-CY22-CZ22 -> 0 | DB22: =DF21 -> 306 | DC22: 0 | DD22: 0 | DE22: =CPP!U22 -> 0 | DF22: =DB22+DC22-DD22-DE22 -> 306 | DG22: =DK21 -> 0 | DH22: 0 | DI22: 0 | DJ22: =CPP!V22 -> 0 | DK22: =DG22+DH22-DI22-DJ22 -> 0 | DL22: =DP21 -> 0 | DM22: 0 | DN22: 0 | DO22: =CPP!W22 -> 0 | DP22: =DL22+DM22-DN22-DO22 -> 0 | DQ22: =DU21 -> 4749.28 | DR22: 0 | DS22: 40.33 | DT22: =CPP!X22 -> 0 | DU22: =DQ22+DR22-DS22-DT22 -> 4708.95 | DV22: =DZ21 -> 0 | DW22: 0 | DX22: 0 | DY22: =CPP!Y22 -> 0 | DZ22: =DV22+DW22-DX22-DY22 -> 0 | EA22: =L22+AO22+AT22+AY22+BD22+BI22+BS22+BX22+CC22+CH22+CR22+CW22+DB22+DG22+DL22+DV22+X22+DQ22 -> 11634.457 | EB22: =M22+Y22+AL22+AP22+AU22+AZ22+BE22+BJ22+BO22+BT22+BY22+CS22+CX22+DC22+DH22+DM22+DW22+DR22 -> 0 | EC22: =O22+AA22+AM22+AQ22+AV22+BA22+BF22+BK22+BP22+BU22+BZ22+CT22+CY22+DD22+DI22+DN22+DX22+DS22 -> 203.33 | ED22: =EA22+EB22-EC22-N22-Z22-AR22-AW22-BB22-BG22-BL22-BQ22-BV22-CU22-CZ22-DE22-DJ22-DO22-DY22-DT22 -> 11366.127 | EE22: =R22+AC22+AG22+AK22+CM22 -> 10639.7 | EF22: =S22+AD22+AH22+CD22+CI22+CN22 -> 0 | EG22: =CPP!D22+CPP!E22+CPP!F22+CPP!G22+CPP!H22+CPP!I22+CPP!J22+CPP!K22+CPP!L22+CPP!M22+CPP!N22+CPP!O22+CPP!P22+CPP!Q22+CPP!R22+CPP!S22+CZ22+DE22+DJ22+CPP!W22+DT22 -> 130 | EH22: =EE22+EF22-CPP!G22-CPP!E22-CPP!F22-CPP!P22-CPP!Q22-CK22-CP22-DT22 -> 10574.7 | EI22: =EL21 -> 18336.67 | EJ22: 1230 | EK22: ='Daily CEM-1'!AG23+'Daily CEM - 2'!AF23-EP22 -> 622.69 | EL22: =EI22+EJ22-EK22-EM22 -> 18943.98 | EM22: 0 | EN22: =EQ21 -> 2165.869 | EO22: 419.57 | EP22: 0 | EQ22: =EN22+EO22-EP22 -> 2585.439 | ER22: =ES22-EO22 -> 692.38 | ES22: 1111.95 | ET22: =EK22+EP22 -> 622.69
B23: 21 | C23: =G22 -> 4480.64 | D23: 0 | E23: =F23+'RAW MILL 2'!F23 -> 47 | F23: 44 | G23: =C23+D23-E23 -> 4433.64 | H23: =K22 -> -1718.46 | I23: =Production2!N23 -> 1720 | J23: =Production2!K23 -> 1875.5 | K23: =H23+I23-J23 -> -1873.96 | L23: =Q22 -> 0 | M23: 0 | N23: =CPP!D23 -> 0 | O23: 0 | P23: =N23+O23 -> 0 | Q23: =L23+M23-O23-N23 -> 0 | R23: =W22 -> 0 | S23: 0 | T23: =CPP!E23 -> 0 | U23: 0 | V23: =T23+U23 -> 0 | W23: =R23+S23-V23 -> 0 | X23: =AB22 -> 6350.89 | Y23: 0 | Z23: =CPP!H23 -> 66 | AA23: 163 | AB23: =X23+Y23-AA23-Z23 -> 6121.89 | AC23: =AF22 -> 0 | AD23: 0 | AE23: 0 | AF23: =AC23+AD23-AE23 -> 0 | AG23: =AJ22 -> 10574.65 | AH23: 0 | AI23: =CPP!G23 -> 66 | AJ23: =AG23+AH23-AI23 -> 10508.65 | AK23: =AN22 -> 0 | AL23: 0 | AM23: 0 | AN23: =AK23+AL23-AM23 -> 0 | AO23: =AS22 -> 0 | AP23: 0 | AQ23: 0 | AR23: =CPP!I23 -> 0 | AS23: =AO23+AP23-AQ23-AR23 -> 0 | AT23: =AX22 -> 0 | AU23: 0 | AV23: 0 | AW23: =CPP!J23 -> 0 | AX23: =AT23+AU23-AV23-AW23 -> 0 | AY23: =BC22 -> 0.287 | AZ23: 0 | BA23: 0 | BB23: =CPP!K23 -> 0 | BC23: =AY23+AZ23-BA23-BB23 -> 0.287 | BD23: =BH22 -> 0 | BE23: 0 | BF23: 0 | BG23: =CPP!L23 -> 0 | BH23: =BD23+BE23-BF23-BG23 -> 0 | BI23: =BM22 -> 0 | BJ23: 0 | BK23: 0 | BL23: =CPP!M23 -> 0 | BM23: =BI23+BJ23-BK23-BL23 -> 0 | BN23: =BR22 -> 0 | BO23: 0 | BP23: 0 | BQ23: =CPP!N23 -> 0 | BR23: =BN23+BO23-BP23-BQ23 -> 0 | BS23: =BW22 -> 0 | BT23: 0 | BU23: 0 | BV23: =CPP!O23 -> 0 | BW23: =BS23+BT23-BU23-BV23 -> 0 | BX23: =CB22 -> 0 | BY23: 0 | BZ23: 0 | CB23: =BX23+BY23-BZ23-CA23 -> 0 | CC23: =CG22 -> 0 | CD23: 0 | CE23: 0 | CF23: =CPP!P23 -> 0 | CG23: =CC23+CD23-CE23-CF23 -> 0 | CH23: =CL22 -> 0 | CI23: 0 | CJ23: 0 | CK23: =CPP!Q23 -> 0 | CL23: =CH23+CI23-CJ23-CK23 -> 0 | CM23: =CQ22 -> 0.05 | CN23: 0 | CO23: 0 | CP23: =CPP!R23 -> 0 | CQ23: =CM23+CN23-CO23-CP23 -> 0.05 | CR23: =CV22 -> 0 | CS23: 0 | CT23: 0 | CU23: =CPP!S23 -> 0 | CV23: =CR23+CS23-CT23-CU23 -> 0 | CW23: =DA22 -> 0 | CX23: 0 | CY23: 0 | CZ23: =CPP!T23 -> 0 | DA23: =CW23+CX23-CY23-CZ23 -> 0 | DB23: =DF22 -> 306 | DC23: 0 | DD23: 0 | DE23: =CPP!U23 -> 0 | DF23: =DB23+DC23-DD23-DE23 -> 306 | DG23: =DK22 -> 0 | DH23: 0 | DI23: 0 | DJ23: =CPP!V23 -> 0 | DK23: =DG23+DH23-DI23-DJ23 -> 0 | DL23: =DP22 -> 0 | DM23: 0 | DN23: 0 | DO23: =CPP!W23 -> 0 | DP23: =DL23+DM23-DN23-DO23 -> 0 | DQ23: =DU22 -> 4708.95 | DR23: 0 | DS23: 41 | DT23: =CPP!X23 -> 0 | DU23: =DQ23+DR23-DS23-DT23 -> 4667.95 | DV23: =DZ22 -> 0 | DW23: 0 | DX23: 0 | DY23: =CPP!Y23 -> 0 | DZ23: =DV23+DW23-DX23-DY23 -> 0 | EA23: =L23+AO23+AT23+AY23+BD23+BI23+BS23+BX23+CC23+CH23+CR23+CW23+DB23+DG23+DL23+DV23+X23+DQ23 -> 11366.127 | EB23: =M23+Y23+AL23+AP23+AU23+AZ23+BE23+BJ23+BO23+BT23+BY23+CS23+CX23+DC23+DH23+DM23+DW23+DR23 -> 0 | EC23: =O23+AA23+AM23+AQ23+AV23+BA23+BF23+BK23+BP23+BU23+BZ23+CT23+CY23+DD23+DI23+DN23+DX23+DS23 -> 204 | ED23: =EA23+EB23-EC23-N23-Z23-AR23-AW23-BB23-BG23-BL23-BQ23-BV23-CU23-CZ23-DE23-DJ23-DO23-DY23-DT23 -> 11096.127 | EE23: =R23+AC23+AG23+AK23+CM23 -> 10574.7 | EF23: =S23+AD23+AH23+CD23+CI23+CN23 -> 0 | EG23: =CPP!D23+CPP!E23+CPP!F23+CPP!G23+CPP!H23+CPP!I23+CPP!J23+CPP!K23+CPP!L23+CPP!M23+CPP!N23+CPP!O23+CPP!P23+CPP!Q23+CPP!R23+CPP!S23+CZ23+DE23+DJ23+CPP!W23+DT23 -> 132 | EH23: =EE23+EF23-CPP!G23-CPP!E23-CPP!F23-CPP!P23-CPP!Q23-CK23-CP23-DT23 -> 10508.7 | EI23: =EL22 -> 18943.98 | EJ23: 1210 | EK23: ='Daily CEM-1'!AG24+'Daily CEM - 2'!AF24-EP23 -> 728.6 | EL23: =EI23+EJ23-EK23-EM23 -> 19425.38 | EM23: 0 | EN23: =EQ22 -> 2585.439 | EO23: 455.42 | EP23: 0 | EQ23: =EN23+EO23-EP23 -> 3040.859 | ER23: =ES23-EO23 -> -455.42 | ET23: =EK23+EP23 -> 728.6
B24: 22 | C24: =G23 -> 4433.64 | D24: 0 | E24: =F24+'RAW MILL 2'!F24 -> 53 | F24: 49 | G24: =C24+D24-E24 -> 4380.64 | H24: =K23 -> -1873.96 | I24: =Production2!N24 -> 2099 | J24: =Production2!K24 -> 1782.5 | K24: =H24+I24-J24 -> -1557.46 | L24: =Q23 -> 0 | M24: 0 | N24: =CPP!D24 -> 0 | O24: 0 | P24: =N24+O24 -> 0 | Q24: =L24+M24-O24-N24 -> 0 | R24: =W23 -> 0 | S24: 0 | T24: =CPP!E24 -> 0 | U24: 0 | V24: =T24+U24 -> 0 | W24: =R24+S24-V24 -> 0 | X24: =AB23 -> 6121.89 | Y24: 0 | Z24: =CPP!H24 -> 79 | AA24: 160 | AB24: =X24+Y24-AA24-Z24 -> 5882.89 | AC24: =AF23 -> 0 | AD24: 0 | AE24: 0 | AF24: =AC24+AD24-AE24 -> 0 | AG24: =AJ23 -> 10508.65 | AH24: 0 | AI24: =CPP!G24 -> 43 | AJ24: =AG24+AH24-AI24 -> 10465.65 | AK24: =AN23 -> 0 | AL24: 0 | AM24: 0 | AN24: =AK24+AL24-AM24 -> 0 | AO24: =AS23 -> 0 | AP24: 0 | AQ24: 0 | AR24: =CPP!I24 -> 0 | AS24: =AO24+AP24-AQ24-AR24 -> 0 | AT24: =AX23 -> 0 | AU24: 0 | AV24: 0 | AW24: =CPP!J24 -> 0 | AX24: =AT24+AU24-AV24-AW24 -> 0 | AY24: =BC23 -> 0.287 | AZ24: 0 | BA24: 0 | BB24: =CPP!K24 -> 0 | BC24: =AY24+AZ24-BA24-BB24 -> 0.287 | BD24: =BH23 -> 0 | BE24: 0 | BF24: 0 | BG24: =CPP!L24 -> 0 | BH24: =BD24+BE24-BF24-BG24 -> 0 | BI24: =BM23 -> 0 | BJ24: 0 | BK24: 0 | BL24: =CPP!M24 -> 0 | BM24: =BI24+BJ24-BK24-BL24 -> 0 | BN24: =BR23 -> 0 | BO24: 0 | BP24: 0 | BQ24: =CPP!N24 -> 0 | BR24: =BN24+BO24-BP24-BQ24 -> 0 | BS24: =BW23 -> 0 | BT24: 0 | BU24: 0 | BV24: =CPP!O24 -> 0 | BW24: =BS24+BT24-BU24-BV24 -> 0 | BX24: =CB23 -> 0 | BY24: 0 | BZ24: 0 | CB24: =BX24+BY24-BZ24-CA24 -> 0 | CC24: =CG23 -> 0 | CD24: 0 | CE24: 0 | CF24: =CPP!P24 -> 0 | CG24: =CC24+CD24-CE24-CF24 -> 0 | CH24: =CL23 -> 0 | CI24: 0 | CJ24: 0 | CK24: =CPP!Q24 -> 0 | CL24: =CH24+CI24-CJ24-CK24 -> 0 | CM24: =CQ23 -> 0.05 | CN24: 0 | CO24: 0 | CP24: =CPP!R24 -> 0 | CQ24: =CM24+CN24-CO24-CP24 -> 0.05 | CR24: =CV23 -> 0 | CS24: 0 | CT24: 0 | CU24: =CPP!S24 -> 0 | CV24: =CR24+CS24-CT24-CU24 -> 0 | CW24: =DA23 -> 0 | CX24: 0 | CY24: 0 | CZ24: =CPP!T24 -> 0 | DA24: =CW24+CX24-CY24-CZ24 -> 0 | DB24: =DF23 -> 306 | DC24: 0 | DD24: 0 | DE24: =CPP!U24 -> 0 | DF24: =DB24+DC24-DD24-DE24 -> 306 | DG24: =DK23 -> 0 | DH24: 0 | DI24: 0 | DJ24: =CPP!V24 -> 0 | DK24: =DG24+DH24-DI24-DJ24 -> 0 | DL24: =DP23 -> 0 | DM24: 0 | DN24: 0 | DO24: =CPP!W24 -> 0 | DP24: =DL24+DM24-DN24-DO24 -> 0 | DQ24: =DU23 -> 4667.95 | DR24: 0 | DS24: 40 | DT24: =CPP!X24 -> 0 | DU24: =DQ24+DR24-DS24-DT24 -> 4627.95 | DV24: =DZ23 -> 0 | DW24: 0 | DX24: 0 | DY24: =CPP!Y24 -> 0 | DZ24: =DV24+DW24-DX24-DY24 -> 0 | EA24: =L24+AO24+AT24+AY24+BD24+BI24+BS24+BX24+CC24+CH24+CR24+CW24+DB24+DG24+DL24+DV24+X24+DQ24 -> 11096.127 | EB24: =M24+Y24+AL24+AP24+AU24+AZ24+BE24+BJ24+BO24+BT24+BY24+CS24+CX24+DC24+DH24+DM24+DW24+DR24 -> 0 | EC24: =O24+AA24+AM24+AQ24+AV24+BA24+BF24+BK24+BP24+BU24+BZ24+CT24+CY24+DD24+DI24+DN24+DX24+DS24 -> 200 | ED24: =EA24+EB24-EC24-N24-Z24-AR24-AW24-BB24-BG24-BL24-BQ24-BV24-CU24-CZ24-DE24-DJ24-DO24-DY24-DT24 -> 10817.127 | EE24: =R24+AC24+AG24+AK24+CM24 -> 10508.7 | EF24: =S24+AD24+AH24+CD24+CI24+CN24 -> 0 | EG24: =CPP!D24+CPP!E24+CPP!F24+CPP!G24+CPP!H24+CPP!I24+CPP!J24+CPP!K24+CPP!L24+CPP!M24+CPP!N24+CPP!O24+CPP!P24+CPP!Q24+CPP!R24+CPP!S24+CZ24+DE24+DJ24+CPP!W24+DT24 -> 122 | EH24: =EE24+EF24-CPP!G24-CPP!E24-CPP!F24-CPP!P24-CPP!Q24-CK24-CP24-DT24 -> 10465.7 | EI24: =EL23 -> 19425.38 | EJ24: 1150 | EK24: ='Daily CEM-1'!AG25+'Daily CEM - 2'!AF25-EP24 -> 161.7 | EL24: =EI24+EJ24-EK24-EM24 -> 20413.68 | EM24: 0 | EN24: =EQ23 -> 3040.859 | EO24: 0 | EP24: 0 | EQ24: =EN24+EO24-EP24 -> 3040.859 | ER24: =ES24-EO24 -> 2278.44 | ES24: 2278.44 | ET24: =EK24+EP24 -> 161.7
B25: 23 | C25: =G24 -> 4380.64 | D25: 0 | E25: =F25+'RAW MILL 2'!F25 -> 68 | F25: 64 | G25: =C25+D25-E25 -> 4312.64 | H25: =K24 -> -1557.46 | I25: =Production2!N25 -> 1915 | J25: =Production2!K25 -> 1860 | K25: =H25+I25-J25 -> -1502.46 | L25: =Q24 -> 0 | M25: 0 | N25: =CPP!D25 -> 0 | O25: 0 | P25: =N25+O25 -> 0 | Q25: =L25+M25-O25-N25 -> 0 | R25: =W24 -> 0 | S25: 0 | T25: =CPP!E25 -> 0 | U25: 0 | V25: =T25+U25 -> 0 | W25: =R25+S25-V25 -> 0 | X25: =AB24 -> 5882.89 | Y25: 0 | Z25: =CPP!H25 -> 64 | AA25: 161 | AB25: =X25+Y25-AA25-Z25 -> 5657.89 | AC25: =AF24 -> 0 | AD25: 0 | AE25: 0 | AF25: =AC25+AD25-AE25 -> 0 | AG25: =AJ24 -> 10465.65 | AH25: 0 | AI25: =CPP!G25 -> 35 | AJ25: =AG25+AH25-AI25 -> 10430.65 | AK25: =AN24 -> 0 | AL25: 0 | AM25: 0 | AN25: =AK25+AL25-AM25 -> 0 | AO25: =AS24 -> 0 | AP25: 0 | AQ25: 0 | AR25: =CPP!I25 -> 0 | AS25: =AO25+AP25-AQ25-AR25 -> 0 | AT25: =AX24 -> 0 | AU25: 0 | AV25: 0 | AW25: =CPP!J25 -> 0 | AX25: =AT25+AU25-AV25-AW25 -> 0 | AY25: =BC24 -> 0.287 | AZ25: 0 | BA25: 0 | BB25: =CPP!K25 -> 0 | BC25: =AY25+AZ25-BA25-BB25 -> 0.287 | BD25: =BH24 -> 0 | BE25: 0 | BF25: 0 | BG25: =CPP!L25 -> 0 | BH25: =BD25+BE25-BF25-BG25 -> 0 | BI25: =BM24 -> 0 | BJ25: 0 | BK25: 0 | BL25: =CPP!M25 -> 0 | BM25: =BI25+BJ25-BK25-BL25 -> 0 | BN25: =BR24 -> 0 | BO25: 0 | BP25: 0 | BQ25: =CPP!N25 -> 0 | BR25: =BN25+BO25-BP25-BQ25 -> 0 | BS25: =BW24 -> 0 | BT25: 0 | BU25: 0 | BV25: =CPP!O25 -> 0 | BW25: =BS25+BT25-BU25-BV25 -> 0 | BX25: =CB24 -> 0 | BY25: 0 | BZ25: 0 | CB25: =BX25+BY25-BZ25-CA25 -> 0 | CC25: =CG24 -> 0 | CD25: 0 | CE25: 0 | CF25: =CPP!P25 -> 0 | CG25: =CC25+CD25-CE25-CF25 -> 0 | CH25: =CL24 -> 0 | CI25: 0 | CJ25: 0 | CK25: =CPP!Q25 -> 0 | CL25: =CH25+CI25-CJ25-CK25 -> 0 | CM25: =CQ24 -> 0.05 | CN25: 0 | CO25: 0 | CP25: =CPP!R25 -> 0 | CQ25: =CM25+CN25-CO25-CP25 -> 0.05 | CR25: =CV24 -> 0 | CS25: 0 | CT25: 0 | CU25: =CPP!S25 -> 0 | CV25: =CR25+CS25-CT25-CU25 -> 0 | CW25: =DA24 -> 0 | CX25: 0 | CY25: 0 | CZ25: =CPP!T25 -> 0 | DA25: =CW25+CX25-CY25-CZ25 -> 0 | DB25: =DF24 -> 306 | DC25: 0 | DD25: 0 | DE25: =CPP!U25 -> 0 | DF25: =DB25+DC25-DD25-DE25 -> 306 | DG25: =DK24 -> 0 | DH25: 0 | DI25: 0 | DJ25: =CPP!V25 -> 0 | DK25: =DG25+DH25-DI25-DJ25 -> 0 | DL25: =DP24 -> 0 | DM25: 0 | DN25: 0 | DO25: =CPP!W25 -> 0 | DP25: =DL25+DM25-DN25-DO25 -> 0 | DQ25: =DU24 -> 4627.95 | DR25: 0 | DS25: 40 | DT25: =CPP!X25 -> 0 | DU25: =DQ25+DR25-DS25-DT25 -> 4587.95 | DV25: =DZ24 -> 0 | DW25: 0 | DX25: 0 | DY25: =CPP!Y25 -> 0 | DZ25: =DV25+DW25-DX25-DY25 -> 0 | EA25: =L25+AO25+AT25+AY25+BD25+BI25+BS25+BX25+CC25+CH25+CR25+CW25+DB25+DG25+DL25+DV25+X25+DQ25 -> 10817.127 | EB25: =M25+Y25+AL25+AP25+AU25+AZ25+BE25+BJ25+BO25+BT25+BY25+CS25+CX25+DC25+DH25+DM25+DW25+DR25 -> 0 | EC25: =O25+AA25+AM25+AQ25+AV25+BA25+BF25+BK25+BP25+BU25+BZ25+CT25+CY25+DD25+DI25+DN25+DX25+DS25 -> 201 | ED25: =EA25+EB25-EC25-N25-Z25-AR25-AW25-BB25-BG25-BL25-BQ25-BV25-CU25-CZ25-DE25-DJ25-DO25-DY25-DT25 -> 10552.127 | EE25: =R25+AC25+AG25+AK25+CM25 -> 10465.7 | EF25: =S25+AD25+AH25+CD25+CI25+CN25 -> 0 | EG25: =CPP!D25+CPP!E25+CPP!F25+CPP!G25+CPP!H25+CPP!I25+CPP!J25+CPP!K25+CPP!L25+CPP!M25+CPP!N25+CPP!O25+CPP!P25+CPP!Q25+CPP!R25+CPP!S25+CZ25+DE25+DJ25+CPP!W25+DT25+DY25 -> 99 | EH25: =EE25+EF25-CPP!G25-CPP!E25-CPP!F25-CPP!P25-CPP!Q25-CK25-CP25-DT25 -> 10430.7 | EI25: =EL24 -> 20413.68 | EJ25: 1200 | EK25: ='Daily CEM-1'!AG26+'Daily CEM - 2'!AF26-EP25 -> 162.82 | EL25: =EI25+EJ25-EK25-EM25 -> 21450.86 | EM25: 0 | EN25: =EQ24 -> 3040.859 | EO25: 0 | EP25: 0 | EQ25: =EN25+EO25-EP25 -> 3040.859 | ER25: =ES25-EO25 -> 633.94 | ES25: 633.94 | ET25: =EK25+EP25 -> 162.82
B26: 24 | C26: =G25 -> 4312.64 | D26: 32.84 | E26: =F26+'RAW MILL 2'!F26 -> 52 | F26: 51 | G26: =C26+D26-E26 -> 4293.48 | H26: =K25 -> -1502.46 | I26: =Production2!N26 -> 2177 | J26: =Production2!K26 -> 2030.5 | K26: =H26+I26-J26 -> -1355.96 | L26: =Q25 -> 0 | M26: 0 | N26: =CPP!D26 -> 0 | O26: 0 | P26: =N26+O26 -> 0 | Q26: =L26+M26-O26-N26 -> 0 | R26: =W25 -> 0 | S26: 0 | T26: =CPP!E26 -> 0 | U26: 0 | V26: =T26+U26 -> 0 | W26: =R26+S26-V26 -> 0 | X26: =AB25 -> 5657.89 | Y26: 0 | Z26: =CPP!H26 -> 53 | AA26: 222.22 | AB26: =X26+Y26-AA26-Z26 -> 5382.67 | AC26: =AF25 -> 0 | AD26: 0 | AE26: 0 | AF26: =AC26+AD26-AE26 -> 0 | AG26: =AJ25 -> 10430.65 | AH26: 0 | AI26: =CPP!G26 -> 53 | AJ26: =AG26+AH26-AI26 -> 10377.65 | AK26: =AN25 -> 0 | AL26: 0 | AM26: 0 | AN26: =AK26+AL26-AM26 -> 0 | AO26: =AS25 -> 0 | AP26: 0 | AQ26: 0 | AR26: =CPP!I26 -> 0 | AS26: =AO26+AP26-AQ26-AR26 -> 0 | AT26: =AX25 -> 0 | AU26: 0 | AV26: 0 | AW26: =CPP!J26 -> 0 | AX26: =AT26+AU26-AV26-AW26 -> 0 | AY26: =BC25 -> 0.287 | AZ26: 0 | BA26: 0 | BB26: =CPP!K26 -> 0 | BC26: =AY26+AZ26-BA26-BB26 -> 0.287 | BD26: =BH25 -> 0 | BE26: 0 | BF26: 0 | BG26: =CPP!L26 -> 0 | BH26: =BD26+BE26-BF26-BG26 -> 0 | BI26: =BM25 -> 0 | BJ26: 0 | BK26: 0 | BL26: =CPP!M26 -> 0 | BM26: =BI26+BJ26-BK26-BL26 -> 0 | BN26: =BR25 -> 0 | BO26: 0 | BP26: 0 | BQ26: =CPP!N26 -> 0 | BR26: =BN26+BO26-BP26-BQ26 -> 0 | BS26: =BW25 -> 0 | BT26: 0 | BU26: 0 | BV26: =CPP!O26 -> 0 | BW26: =BS26+BT26-BU26-BV26 -> 0 | BX26: =CB25 -> 0 | BY26: 0 | BZ26: 0 | CB26: =BX26+BY26-BZ26-CA26 -> 0 | CC26: =CG25 -> 0 | CD26: 0 | CE26: 0 | CF26: =CPP!P26 -> 0 | CG26: =CC26+CD26-CE26-CF26 -> 0 | CH26: =CL25 -> 0 | CI26: 0 | CJ26: 0 | CK26: =CPP!Q26 -> 0 | CL26: =CH26+CI26-CJ26-CK26 -> 0 | CM26: =CQ25 -> 0.05 | CN26: 0 | CO26: 0 | CP26: =CPP!R26 -> 0 | CQ26: =CM26+CN26-CO26-CP26 -> 0.05 | CR26: =CV25 -> 0 | CS26: 0 | CT26: 0 | CU26: =CPP!S26 -> 0 | CV26: =CR26+CS26-CT26-CU26 -> 0 | CW26: =DA25 -> 0 | CX26: 0 | CY26: 0 | CZ26: =CPP!T26 -> 0 | DA26: =CW26+CX26-CY26-CZ26 -> 0 | DB26: =DF25 -> 306 | DC26: 0 | DD26: 0 | DE26: =CPP!U26 -> 0 | DF26: =DB26+DC26-DD26-DE26 -> 306 | DG26: =DK25 -> 0 | DH26: 0 | DI26: 0 | DJ26: =CPP!V26 -> 0 | DK26: =DG26+DH26-DI26-DJ26 -> 0 | DL26: =DP25 -> 0 | DM26: 0 | DN26: 0 | DO26: =CPP!W26 -> 0 | DP26: =DL26+DM26-DN26-DO26 -> 0 | DQ26: =DU25 -> 4587.95 | DR26: 0 | DS26: 0 | DT26: =CPP!X26 -> 0 | DU26: =DQ26+DR26-DS26-DT26 -> 4587.95 | DV26: =DZ25 -> 0 | DW26: 0 | DX26: 0 | DY26: =CPP!Y26 -> 0 | DZ26: =DV26+DW26-DX26-DY26 -> 0 | EA26: =L26+AO26+AT26+AY26+BD26+BI26+BS26+BX26+CC26+CH26+CR26+CW26+DB26+DG26+DL26+DV26+X26+DQ26 -> 10552.127 | EB26: =M26+Y26+AL26+AP26+AU26+AZ26+BE26+BJ26+BO26+BT26+BY26+CS26+CX26+DC26+DH26+DM26+DW26+DR26 -> 0 | EC26: =O26+AA26+AM26+AQ26+AV26+BA26+BF26+BK26+BP26+BU26+BZ26+CT26+CY26+DD26+DI26+DN26+DX26+DS26 -> 222.22 | ED26: =EA26+EB26-EC26-N26-Z26-AR26-AW26-BB26-BG26-BL26-BQ26-BV26-CU26-CZ26-DE26-DJ26-DO26-DY26-DT26 -> 10276.907 | EE26: =R26+AC26+AG26+AK26+CM26 -> 10430.7 | EF26: =S26+AD26+AH26+CD26+CI26+CN26 -> 0 | EG26: =CPP!D26+CPP!E26+CPP!F26+CPP!G26+CPP!H26+CPP!I26+CPP!J26+CPP!K26+CPP!L26+CPP!M26+CPP!N26+CPP!O26+CPP!P26+CPP!Q26+CPP!R26+CPP!S26+CZ26+DE26+DJ26+CPP!W26+DT26 -> 106 | EH26: =EE26+EF26-CPP!G26-CPP!E26-CPP!F26-CPP!P26-CPP!Q26-CK26-CP26-DT26 -> 10377.7 | EI26: =EL25 -> 21450.86 | EJ26: 1310 | EK26: ='Daily CEM-1'!AG27+'Daily CEM - 2'!AF27-EP26 -> 677.6 | EL26: =EI26+EJ26-EK26-EM26 -> 22083.26 | EM26: 0 | EN26: =EQ25 -> 3040.859 | EO26: 455.41 | EP26: 0 | EQ26: =EN26+EO26-EP26 -> 3496.269 | ER26: =ES26-EO26 -> 780.99 | ES26: 1236.4 | ET26: =EK26+EP26 -> 677.6
B27: 25 | C27: =G26 -> 4293.48 | D27: 0 | E27: =F27+'RAW MILL 2'!F27 -> 52 | F27: 52 | G27: =C27+D27-E27 -> 4241.48 | H27: =K26 -> -1355.96 | I27: =Production2!N27 -> 2212.86 | J27: =Production2!K27 -> 2263 | K27: =H27+I27-J27 -> -1406.1 | L27: =Q26 -> 0 | M27: 0 | N27: =CPP!D27 -> 0 | O27: 0 | P27: =N27+O27 -> 0 | Q27: =L27+M27-O27-N27 -> 0 | R27: =W26 -> 0 | S27: 0 | T27: =CPP!E27 -> 0 | U27: 0 | V27: =T27+U27 -> 0 | W27: =R27+S27-V27 -> 0 | X27: =AB26 -> 5382.67 | Y27: 0 | Z27: =CPP!H27 -> 64 | AA27: 203.44 | AB27: =X27+Y27-AA27-Z27 -> 5115.23 | AC27: =AF26 -> 0 | AD27: 0 | AE27: 0 | AF27: =AC27+AD27-AE27 -> 0 | AG27: =AJ26 -> 10377.65 | AH27: 0 | AI27: =CPP!G27 -> 65 | AJ27: =AG27+AH27-AI27 -> 10312.65 | AK27: =AN26 -> 0 | AL27: 0 | AM27: 0 | AN27: =AK27+AL27-AM27 -> 0 | AO27: =AS26 -> 0 | AP27: 0 | AQ27: 0 | AR27: =CPP!I27 -> 0 | AS27: =AO27+AP27-AQ27-AR27 -> 0 | AT27: =AX26 -> 0 | AU27: 0 | AV27: 0 | AW27: =CPP!J27 -> 0 | AX27: =AT27+AU27-AV27-AW27 -> 0 | AY27: =BC26 -> 0.287 | AZ27: 0 | BA27: 0 | BB27: =CPP!K27 -> 0 | BC27: =AY27+AZ27-BA27-BB27 -> 0.287 | BD27: =BH26 -> 0 | BE27: 0 | BF27: 0 | BG27: =CPP!L27 -> 0 | BH27: =BD27+BE27-BF27-BG27 -> 0 | BI27: =BM26 -> 0 | BJ27: 0 | BK27: 0 | BL27: =CPP!M27 -> 0 | BM27: =BI27+BJ27-BK27-BL27 -> 0 | BN27: =BR26 -> 0 | BO27: 0 | BP27: 0 | BQ27: =CPP!N27 -> 0 | BR27: =BN27+BO27-BP27-BQ27 -> 0 | BS27: =BW26 -> 0 | BT27: 0 | BU27: 0 | BV27: =CPP!O27 -> 0 | BW27: =BS27+BT27-BU27-BV27 -> 0 | BX27: =CB26 -> 0 | BY27: 0 | BZ27: 0 | CB27: =BX27+BY27-BZ27-CA27 -> 0 | CC27: =CG26 -> 0 | CD27: 0 | CE27: 0 | CF27: =CPP!P27 -> 0 | CG27: =CC27+CD27-CE27-CF27 -> 0 | CH27: =CL26 -> 0 | CI27: 0 | CJ27: 0 | CK27: =CPP!Q27 -> 0 | CL27: =CH27+CI27-CJ27-CK27 -> 0 | CM27: =CQ26 -> 0.05 | CN27: 0 | CO27: 0 | CP27: =CPP!R27 -> 0 | CQ27: =CM27+CN27-CO27-CP27 -> 0.05 | CR27: =CV26 -> 0 | CS27: 0 | CT27: 0 | CU27: =CPP!S27 -> 0 | CV27: =CR27+CS27-CT27-CU27 -> 0 | CW27: =DA26 -> 0 | CX27: 0 | CY27: 0 | CZ27: =CPP!T27 -> 0 | DA27: =CW27+CX27-CY27-CZ27 -> 0 | DB27: =DF26 -> 306 | DC27: 0 | DD27: 0 | DE27: =CPP!U27 -> 0 | DF27: =DB27+DC27-DD27-DE27 -> 306 | DG27: =DK26 -> 0 | DH27: 0 | DI27: 0 | DJ27: =CPP!V27 -> 0 | DK27: =DG27+DH27-DI27-DJ27 -> 0 | DL27: =DP26 -> 0 | DM27: 0 | DN27: 0 | DO27: =CPP!W27 -> 0 | DP27: =DL27+DM27-DN27-DO27 -> 0 | DQ27: =DU26 -> 4587.95 | DR27: 0 | DS27: 51 | DT27: =CPP!X27 -> 0 | DU27: =DQ27+DR27-DS27-DT27 -> 4536.95 | DV27: =DZ26 -> 0 | DW27: 0 | DX27: 0 | DY27: =CPP!Y27 -> 0 | DZ27: =DV27+DW27-DX27-DY27 -> 0 | EA27: =L27+AO27+AT27+AY27+BD27+BI27+BS27+BX27+CC27+CH27+CR27+CW27+DB27+DG27+DL27+DV27+X27+DQ27 -> 10276.907 | EB27: =M27+Y27+AL27+AP27+AU27+AZ27+BE27+BJ27+BO27+BT27+BY27+CS27+CX27+DC27+DH27+DM27+DW27+DR27 -> 0 | EC27: =O27+AA27+AM27+AQ27+AV27+BA27+BF27+BK27+BP27+BU27+BZ27+CT27+CY27+DD27+DI27+DN27+DX27+DS27 -> 254.44 | ED27: =EA27+EB27-EC27-N27-Z27-AR27-AW27-BB27-BG27-BL27-BQ27-BV27-CU27-CZ27-DE27-DJ27-DO27-DY27-DT27 -> 9958.467 | EE27: =R27+AC27+AG27+AK27+CM27 -> 10377.7 | EF27: =S27+AD27+AH27+CD27+CI27+CN27 -> 0 | EG27: =CPP!D27+CPP!E27+CPP!F27+CPP!G27+CPP!H27+CPP!I27+CPP!J27+CPP!K27+CPP!L27+CPP!M27+CPP!N27+CPP!O27+CPP!P27+CPP!Q27+CPP!R27+CPP!S27+CZ27+DE27+DJ27+CPP!W27+DT27 -> 129 | EH27: =EE27+EF27-CPP!G27-CPP!E27-CPP!F27-CPP!P27-CPP!Q27-CK27-CP27-DT27 -> 10312.7 | EI27: =EL26 -> 22083.26 | EJ27: 1460 | EK27: ='Daily CEM-1'!AG28+'Daily CEM - 2'!AF28-EP27 -> 995.35 | EL27: =EI27+EJ27-EK27-EM27 -> 22547.91 | EM27: 0 | EN27: =EQ26 -> 3496.269 | EO27: 0 | EP27: 0 | EQ27: =EN27+EO27-EP27 -> 3496.269 | ER27: =ES27-EO27 -> 1370.76 | ES27: 1370.76 | ET27: =EK27+EP27 -> 995.35
B28: 26 | C28: =G27 -> 4241.48 | D28: 0 | E28: =F28+'RAW MILL 2'!F28 -> 41 | F28: 39 | G28: =C28+D28-E28 -> 4200.48 | H28: =K27 -> -1406.1 | I28: =Production2!N28 -> 2325 | J28: =Production2!K28 -> 2464.5 | K28: =H28+I28-J28 -> -1545.6 | L28: =Q27 -> 0 | M28: 0 | N28: =CPP!D28 -> 0 | O28: 0 | P28: =N28+O28 -> 0 | Q28: =L28+M28-O28-N28 -> 0 | R28: =W27 -> 0 | S28: 0 | T28: =CPP!E28 -> 0 | U28: 0 | V28: =T28+U28 -> 0 | W28: =R28+S28-V28 -> 0 | X28: =AB27 -> 5115.23 | Y28: 0 | Z28: =CPP!H28 -> 77 | AA28: 214.4 | AB28: =X28+Y28-AA28-Z28 -> 4823.83 | AC28: =AF27 -> 0 | AD28: 0 | AE28: 0 | AF28: =AC28+AD28-AE28 -> 0 | AG28: =AJ27 -> 10312.65 | AH28: 0 | AI28: =CPP!G28 -> 63 | AJ28: =AG28+AH28-AI28 -> 10249.65 | AK28: =AN27 -> 0 | AL28: 0 | AM28: 0 | AN28: =AK28+AL28-AM28 -> 0 | AO28: =AS27 -> 0 | AP28: 0 | AQ28: 0 | AR28: =CPP!I28 -> 0 | AS28: =AO28+AP28-AQ28-AR28 -> 0 | AT28: =AX27 -> 0 | AU28: 0 | AV28: 0 | AW28: =CPP!J28 -> 0 | AX28: =AT28+AU28-AV28-AW28 -> 0 | AY28: =BC27 -> 0.287 | AZ28: 0 | BA28: 0 | BB28: =CPP!K28 -> 0 | BC28: =AY28+AZ28-BA28-BB28 -> 0.287 | BD28: =BH27 -> 0 | BE28: 0 | BF28: 0 | BG28: =CPP!L28 -> 0 | BH28: =BD28+BE28-BF28-BG28 -> 0 | BI28: =BM27 -> 0 | BJ28: 0 | BK28: 0 | BL28: =CPP!M28 -> 0 | BM28: =BI28+BJ28-BK28-BL28 -> 0 | BN28: =BR27 -> 0 | BO28: 0 | BP28: 0 | BQ28: =CPP!N28 -> 0 | BR28: =BN28+BO28-BP28-BQ28 -> 0 | BS28: =BW27 -> 0 | BT28: 0 | BU28: 0 | BV28: =CPP!O28 -> 0 | BW28: =BS28+BT28-BU28-BV28 -> 0 | BX28: =CB27 -> 0 | BY28: 0 | BZ28: 0 | CB28: =BX28+BY28-BZ28-CA28 -> 0 | CC28: =CG27 -> 0 | CD28: 0 | CE28: 0 | CF28: =CPP!P28 -> 0 | CG28: =CC28+CD28-CE28-CF28 -> 0 | CH28: =CL27 -> 0 | CI28: 0 | CJ28: 0 | CK28: =CPP!Q28 -> 0 | CL28: =CH28+CI28-CJ28-CK28 -> 0 | CM28: =CQ27 -> 0.05 | CN28: 0 | CO28: 0 | CP28: =CPP!R28 -> 0 | CQ28: =CM28+CN28-CO28-CP28 -> 0.05 | CR28: =CV27 -> 0 | CS28: 0 | CT28: 0 | CU28: =CPP!S28 -> 0 | CV28: =CR28+CS28-CT28-CU28 -> 0 | CW28: =DA27 -> 0 | CX28: 0 | CY28: 0 | CZ28: =CPP!T28 -> 0 | DA28: =CW28+CX28-CY28-CZ28 -> 0 | DB28: =DF27 -> 306 | DC28: 0 | DD28: 0 | DE28: =CPP!U28 -> 0 | DF28: =DB28+DC28-DD28-DE28 -> 306 | DG28: =DK27 -> 0 | DH28: 0 | DI28: 0 | DJ28: =CPP!V28 -> 0 | DK28: =DG28+DH28-DI28-DJ28 -> 0 | DL28: =DP27 -> 0 | DM28: 0 | DN28: 0 | DO28: =CPP!W28 -> 0 | DP28: =DL28+DM28-DN28-DO28 -> 0 | DQ28: =DU27 -> 4536.95 | DR28: 0 | DS28: 53.6 | DT28: =CPP!X28 -> 0 | DU28: =DQ28+DR28-DS28-DT28 -> 4483.35 | DV28: =DZ27 -> 0 | DW28: 0 | DX28: 0 | DY28: =CPP!Y28 -> 0 | DZ28: =DV28+DW28-DX28-DY28 -> 0 | EA28: =L28+AO28+AT28+AY28+BD28+BI28+BS28+BX28+CC28+CH28+CR28+CW28+DB28+DG28+DL28+DV28+X28+DQ28 -> 9958.467 | EB28: =M28+Y28+AL28+AP28+AU28+AZ28+BE28+BJ28+BO28+BT28+BY28+CS28+CX28+DC28+DH28+DM28+DW28+DR28 -> 0 | EC28: =O28+AA28+AM28+AQ28+AV28+BA28+BF28+BK28+BP28+BU28+BZ28+CT28+CY28+DD28+DI28+DN28+DX28+DS28 -> 268 | ED28: =EA28+EB28-EC28-N28-Z28-AR28-AW28-BB28-BG28-BL28-BQ28-BV28-CU28-CZ28-DE28-DJ28-DO28-DY28-DT28 -> 9613.467 | EE28: =R28+AC28+AG28+AK28+CM28 -> 10312.7 | EF28: =S28+AD28+AH28+CD28+CI28+CN28 -> 0 | EG28: =CPP!D28+CPP!E28+CPP!F28+CPP!G28+CPP!H28+CPP!I28+CPP!J28+CPP!K28+CPP!L28+CPP!M28+CPP!N28+CPP!O28+CPP!P28+CPP!Q28+CPP!R28+CPP!S28+CZ28+DE28+DJ28+CPP!W28+DT28 -> 140 | EH28: =EE28+EF28-CPP!G28-CPP!E28-CPP!F28-CPP!P28-CPP!Q28-CK28-CP28-DT28 -> 10249.7 | EI28: =EL27 -> 22547.91 | EJ28: 1590 | EK28: ='Daily CEM-1'!AG29+'Daily CEM - 2'!AF29-EP28 -> 1588.75 | EL28: =EI28+EJ28-EK28-EM28 -> 22549.16 | EM28: 0 | EN28: =EQ27 -> 3496.269 | EO28: 0 | EP28: 0 | EQ28: =EN28+EO28-EP28 -> 3496.269 | ER28: =ES28-EO28 -> 594.78 | ES28: 594.78 | ET28: =EK28+EP28 -> 1588.75
B29: 27 | C29: =G28 -> 4200.48 | D29: 0 | E29: =F29+'RAW MILL 2'!F29 -> 59 | F29: 55 | G29: =C29+D29-E29 -> 4141.48 | H29: =K28 -> -1545.6 | I29: =Production2!N29 -> 2468 | J29: =Production2!K29 -> 2495.5 | K29: =H29+I29-J29 -> -1573.1 | L29: =Q28 -> 0 | M29: 0 | N29: =CPP!D29 -> 0 | O29: 0 | P29: =N29+O29 -> 0 | Q29: =L29+M29-O29-N29 -> 0 | R29: =W28 -> 0 | S29: 0 | T29: =CPP!E29 -> 0 | U29: 0 | V29: =T29+U29 -> 0 | W29: =R29+S29-V29 -> 0 | X29: =AB28 -> 4823.83 | Y29: 0 | Z29: =CPP!H29 -> 80 | AA29: 211.2 | AB29: =X29+Y29-AA29-Z29 -> 4532.63 | AC29: =AF28 -> 0 | AD29: 0 | AE29: 0 | AF29: =AC29+AD29-AE29 -> 0 | AG29: =AJ28 -> 10249.65 | AH29: 0 | AI29: =CPP!G29 -> 58 | AJ29: =AG29+AH29-AI29 -> 10191.65 | AK29: =AN28 -> 0 | AL29: 0 | AM29: 0 | AN29: =AK29+AL29-AM29 -> 0 | AO29: =AS28 -> 0 | AP29: 0 | AQ29: 0 | AR29: =CPP!I29 -> 0 | AS29: =AO29+AP29-AQ29-AR29 -> 0 | AT29: =AX28 -> 0 | AU29: 0 | AV29: 0 | AW29: =CPP!J29 -> 0 | AX29: =AT29+AU29-AV29-AW29 -> 0 | AY29: =BC28 -> 0.287 | AZ29: 0 | BA29: 0 | BB29: =CPP!K29 -> 0 | BC29: =AY29+AZ29-BA29-BB29 -> 0.287 | BD29: =BH28 -> 0 | BE29: 0 | BF29: 0 | BG29: =CPP!L29 -> 0 | BH29: =BD29+BE29-BF29-BG29 -> 0 | BI29: =BM28 -> 0 | BJ29: 0 | BK29: 0 | BL29: =CPP!M29 -> 0 | BM29: =BI29+BJ29-BK29-BL29 -> 0 | BN29: =BR28 -> 0 | BO29: 0 | BP29: 0 | BQ29: =CPP!N29 -> 0 | BR29: =BN29+BO29-BP29-BQ29 -> 0 | BS29: =BW28 -> 0 | BT29: 0 | BU29: 0 | BV29: =CPP!O29 -> 0 | BW29: =BS29+BT29-BU29-BV29 -> 0 | BX29: =CB28 -> 0 | BY29: 0 | BZ29: 0 | CB29: =BX29+BY29-BZ29-CA29 -> 0 | CC29: =CG28 -> 0 | CD29: 0 | CE29: 0 | CF29: =CPP!P29 -> 0 | CG29: =CC29+CD29-CE29-CF29 -> 0 | CH29: =CL28 -> 0 | CI29: 0 | CJ29: 0 | CK29: =CPP!Q29 -> 0 | CL29: =CH29+CI29-CJ29-CK29 -> 0 | CM29: =CQ28 -> 0.05 | CN29: 0 | CO29: 0 | CP29: =CPP!R29 -> 0 | CQ29: =CM29+CN29-CO29-CP29 -> 0.05 | CR29: =CV28 -> 0 | CS29: 0 | CT29: 0 | CU29: =CPP!S29 -> 0 | CV29: =CR29+CS29-CT29-CU29 -> 0 | CW29: =DA28 -> 0 | CX29: 0 | CY29: 0 | CZ29: =CPP!T29 -> 0 | DA29: =CW29+CX29-CY29-CZ29 -> 0 | DB29: =DF28 -> 306 | DC29: 0 | DD29: 0 | DE29: =CPP!U29 -> 0 | DF29: =DB29+DC29-DD29-DE29 -> 306 | DG29: =DK28 -> 0 | DH29: 0 | DI29: 0 | DJ29: =CPP!V29 -> 0 | DK29: =DG29+DH29-DI29-DJ29 -> 0 | DL29: =DP28 -> 0 | DM29: 0 | DN29: 0 | DO29: =CPP!W29 -> 0 | DP29: =DL29+DM29-DN29-DO29 -> 0 | DQ29: =DU28 -> 4483.35 | DR29: 0 | DS29: 52.8 | DT29: =CPP!X29 -> 0 | DU29: =DQ29+DR29-DS29-DT29 -> 4430.55 | DV29: =DZ28 -> 0 | DW29: 0 | DX29: 0 | DY29: =CPP!Y29 -> 0 | DZ29: =DV29+DW29-DX29-DY29 -> 0 | EA29: =L29+AO29+AT29+AY29+BD29+BI29+BS29+BX29+CC29+CH29+CR29+CW29+DB29+DG29+DL29+DV29+X29+DQ29 -> 9613.467 | EB29: =M29+Y29+AL29+AP29+AU29+AZ29+BE29+BJ29+BO29+BT29+BY29+CS29+CX29+DC29+DH29+DM29+DW29+DR29 -> 0 | EC29: =O29+AA29+AM29+AQ29+AV29+BA29+BF29+BK29+BP29+BU29+BZ29+CT29+CY29+DD29+DI29+DN29+DX29+DS29 -> 264 | ED29: =EA29+EB29-EC29-N29-Z29-AR29-AW29-BB29-BG29-BL29-BQ29-BV29-CU29-CZ29-DE29-DJ29-DO29-DY29-DT29 -> 9269.467 | EE29: =R29+AC29+AG29+AK29+CM29 -> 10249.7 | EF29: =S29+AD29+AH29+CD29+CI29+CN29 -> 0 | EG29: =CPP!D29+CPP!E29+CPP!F29+CPP!G29+CPP!H29+CPP!I29+CPP!J29+CPP!K29+CPP!L29+CPP!M29+CPP!N29+CPP!O29+CPP!P29+CPP!Q29+CPP!R29+CPP!S29+CZ29+DE29+DJ29+CPP!W29+DT29 -> 138 | EH29: =EE29+EF29-CPP!G29-CPP!E29-CPP!F29-CPP!P29-CPP!Q29-CK29-CP29-DT29 -> 10191.7 | EI29: =EL28 -> 22549.16 | EJ29: 1610 | EK29: ='Daily CEM-1'!AG30+'Daily CEM - 2'!AF30-EP29 -> 1293.45 | EL29: =EI29+EJ29-EK29-EM29 -> 22865.71 | EM29: 0 | EN29: =EQ28 -> 3496.269 | EO29: 1324.37 | EP29: 0 | EQ29: =EN29+EO29-EP29 -> 4820.639 | ER29: =ES29-EO29 -> -575.69 | ES29: 748.68 | ET29: =EK29+EP29 -> 1293.45
B30: 28 | C30: =G29 -> 4141.48 | D30: 0 | E30: =F30+'RAW MILL 2'!F30 -> 55 | F30: 52 | G30: =C30+D30-E30 -> 4086.48 | H30: =K29 -> -1573.1 | I30: =Production2!N30 -> 2480 | J30: =Production2!K30 -> 2511 | K30: =H30+I30-J30 -> -1604.1 | L30: =Q29 -> 0 | M30: 0 | N30: =CPP!D30 -> 0 | O30: 0 | P30: =N30+O30 -> 0 | Q30: =L30+M30-O30-N30 -> 0 | R30: =W29 -> 0 | S30: 0 | T30: =CPP!E30 -> 0 | U30: 0 | V30: =T30+U30 -> 0 | W30: =R30+S30-V30 -> 0 | X30: =AB29 -> 4532.63 | Y30: 0 | Z30: =CPP!H30 -> 84 | AA30: 204.8 | AB30: =X30+Y30-AA30-Z30 -> 4243.83 | AC30: =AF29 -> 0 | AD30: 0 | AE30: 0 | AF30: =AC30+AD30-AE30 -> 0 | AG30: =AJ29 -> 10191.65 | AH30: 0 | AI30: =CPP!G30 -> 56 | AJ30: =AG30+AH30-AI30 -> 10135.65 | AK30: =AN29 -> 0 | AL30: 0 | AM30: 0 | AN30: =AK30+AL30-AM30 -> 0 | AO30: =AS29 -> 0 | AP30: 0 | AQ30: 0 | AR30: =CPP!I30 -> 0 | AS30: =AO30+AP30-AQ30-AR30 -> 0 | AT30: =AX29 -> 0 | AU30: 0 | AV30: 0 | AW30: =CPP!J30 -> 0 | AX30: =AT30+AU30-AV30-AW30 -> 0 | AY30: =BC29 -> 0.287 | AZ30: 0 | BA30: 0 | BB30: =CPP!K30 -> 0 | BC30: =AY30+AZ30-BA30-BB30 -> 0.287 | BD30: =BH29 -> 0 | BE30: 0 | BF30: 0 | BG30: =CPP!L30 -> 0 | BH30: =BD30+BE30-BF30-BG30 -> 0 | BI30: =BM29 -> 0 | BJ30: 0 | BK30: 0 | BL30: =CPP!M30 -> 0 | BM30: =BI30+BJ30-BK30-BL30 -> 0 | BN30: =BR29 -> 0 | BO30: 0 | BP30: 0 | BQ30: =CPP!N30 -> 0 | BR30: =BN30+BO30-BP30-BQ30 -> 0 | BS30: =BW29 -> 0 | BT30: 0 | BU30: 0 | BV30: =CPP!O30 -> 0 | BW30: =BS30+BT30-BU30-BV30 -> 0 | BX30: =CB29 -> 0 | BY30: 0 | BZ30: 0 | CB30: =BX30+BY30-BZ30-CA30 -> 0 | CC30: =CG29 -> 0 | CD30: 0 | CE30: 0 | CF30: =CPP!P30 -> 0 | CG30: =CC30+CD30-CE30-CF30 -> 0 | CH30: =CL29 -> 0 | CI30: 0 | CJ30: 0 | CK30: =CPP!Q30 -> 0 | CL30: =CH30+CI30-CJ30-CK30 -> 0 | CM30: =CQ29 -> 0.05 | CN30: 0 | CO30: 0 | CP30: =CPP!R30 -> 0 | CQ30: =CM30+CN30-CO30-CP30 -> 0.05 | CR30: =CV29 -> 0 | CS30: 0 | CT30: 0 | CU30: =CPP!S30 -> 0 | CV30: =CR30+CS30-CT30-CU30 -> 0 | CW30: =DA29 -> 0 | CX30: 0 | CY30: 0 | CZ30: =CPP!T30 -> 0 | DA30: =CW30+CX30-CY30-CZ30 -> 0 | DB30: =DF29 -> 306 | DC30: 0 | DD30: 0 | DE30: =CPP!U30 -> 0 | DF30: =DB30+DC30-DD30-DE30 -> 306 | DG30: =DK29 -> 0 | DH30: 0 | DI30: 0 | DJ30: =CPP!V30 -> 0 | DK30: =DG30+DH30-DI30-DJ30 -> 0 | DL30: =DP29 -> 0 | DM30: 0 | DN30: 0 | DO30: =CPP!W30 -> 0 | DP30: =DL30+DM30-DN30-DO30 -> 0 | DQ30: =DU29 -> 4430.55 | DR30: 0 | DS30: 51.2 | DT30: =CPP!X30 -> 0 | DU30: =DQ30+DR30-DS30-DT30 -> 4379.35 | DV30: =DZ29 -> 0 | DW30: 0 | DX30: 0 | DY30: =CPP!Y30 -> 0 | DZ30: =DV30+DW30-DX30-DY30 -> 0 | EA30: =L30+AO30+AT30+AY30+BD30+BI30+BS30+BX30+CC30+CH30+CR30+CW30+DB30+DG30+DL30+DV30+X30+DQ30 -> 9269.467 | EB30: =M30+Y30+AL30+AP30+AU30+AZ30+BE30+BJ30+BO30+BT30+BY30+CS30+CX30+DC30+DH30+DM30+DW30+DR30 -> 0 | EC30: =O30+AA30+AM30+AQ30+AV30+BA30+BF30+BK30+BP30+BU30+BZ30+CT30+CY30+DD30+DI30+DN30+DX30+DS30 -> 256 | ED30: =EA30+EB30-EC30-N30-Z30-AR30-AW30-BB30-BG30-BL30-BQ30-BV30-CU30-CZ30-DE30-DJ30-DO30-DY30-DT30 -> 8929.467 | EE30: =R30+AC30+AG30+AK30+CM30 -> 10191.7 | EF30: =S30+AD30+AH30+CD30+CI30+CN30 -> 0 | EG30: =CPP!D30+CPP!E30+CPP!F30+CPP!G30+CPP!H30+CPP!I30+CPP!J30+CPP!K30+CPP!L30+CPP!M30+CPP!N30+CPP!O30+CPP!P30+CPP!Q30+CPP!R30+CPP!S30+CZ30+DE30+DJ30+CPP!W30+DT30 -> 140 | EH30: =EE30+EF30-CPP!G30-CPP!E30-CPP!F30-CPP!P30-CPP!Q30-CK30-CP30-DT30 -> 10135.7 | EI30: =EL29 -> 22865.71 | EJ30: 1620 | EK30: ='Daily CEM-1'!AG31+'Daily CEM - 2'!AF31-EP30 -> 657.05 | EL30: =EI30+EJ30-EK30-EM30 -> 23828.66 | EM30: 0 | EN30: =EQ29 -> 4820.639 | EO30: 334.69 | EP30: 0 | EQ30: =EN30+EO30-EP30 -> 5155.329 | ER30: =ES30-EO30 -> -334.69 | ET30: =EK30+EP30 -> 657.05
B31: 29 | C31: =G30 -> 4086.48 | D31: 0 | E31: =F31+'RAW MILL 2'!F31 -> 67 | F31: 62 | G31: =C31+D31-E31 -> 4019.48 | H31: =K30 -> -1604.1 | I31: =Production2!N31 -> 2420 | J31: =Production2!K31 -> 2542 | K31: =H31+I31-J31 -> -1726.1 | L31: =Q30 -> 0 | M31: 0 | N31: =CPP!D31 -> 0 | O31: 0 | P31: =N31+O31 -> 0 | Q31: =L31+M31-O31-N31 -> 0 | R31: =W30 -> 0 | S31: 0 | T31: =CPP!E31 -> 0 | U31: 0 | V31: =T31+U31 -> 0 | W31: =R31+S31-V31 -> 0 | X31: =AB30 -> 4243.83 | Y31: 0 | Z31: =CPP!H31 -> 84 | AA31: 216 | AB31: =X31+Y31-AA31-Z31 -> 3943.83 | AC31: =AF30 -> 0 | AD31: 0 | AE31: 0 | AF31: =AC31+AD31-AE31 -> 0 | AG31: =AJ30 -> 10135.65 | AH31: 0 | AI31: =CPP!G31 -> 54 | AJ31: =AG31+AH31-AI31 -> 10081.65 | AK31: =AN30 -> 0 | AL31: 0 | AM31: 0 | AN31: =AK31+AL31-AM31 -> 0 | AO31: =AS30 -> 0 | AP31: 0 | AQ31: 0 | AR31: =CPP!I31 -> 0 | AS31: =AO31+AP31-AQ31-AR31 -> 0 | AT31: =AX30 -> 0 | AU31: 0 | AV31: 0 | AW31: =CPP!J31 -> 0 | AX31: =AT31+AU31-AV31-AW31 -> 0 | AY31: =BC30 -> 0.287 | AZ31: 0 | BA31: 0 | BB31: =CPP!K31 -> 0 | BC31: =AY31+AZ31-BA31-BB31 -> 0.287 | BD31: =BH30 -> 0 | BE31: 0 | BF31: 0 | BG31: =CPP!L31 -> 0 | BH31: =BD31+BE31-BF31-BG31 -> 0 | BI31: =BM30 -> 0 | BJ31: 0 | BK31: 0 | BL31: =CPP!M31 -> 0 | BM31: =BI31+BJ31-BK31-BL31 -> 0 | BN31: =BR30 -> 0 | BO31: 0 | BP31: 0 | BQ31: =CPP!N31 -> 0 | BR31: =BN31+BO31-BP31-BQ31 -> 0 | BS31: =BW30 -> 0 | BT31: 0 | BU31: 0 | BV31: =CPP!O31 -> 0 | BW31: =BS31+BT31-BU31-BV31 -> 0 | BX31: =CB30 -> 0 | BY31: 0 | BZ31: 0 | CB31: =BX31+BY31-BZ31-CA31 -> 0 | CC31: =CG30 -> 0 | CD31: 0 | CE31: 0 | CF31: =CPP!P31 -> 0 | CG31: =CC31+CD31-CE31-CF31 -> 0 | CH31: =CL30 -> 0 | CI31: 0 | CJ31: 0 | CK31: =CPP!Q31 -> 0 | CL31: =CH31+CI31-CJ31-CK31 -> 0 | CM31: =CQ30 -> 0.05 | CN31: 0 | CO31: 0 | CP31: =CPP!R31 -> 0 | CQ31: =CM31+CN31-CO31-CP31 -> 0.05 | CR31: =CV30 -> 0 | CS31: 0 | CT31: 0 | CU31: =CPP!S31 -> 0 | CV31: =CR31+CS31-CT31-CU31 -> 0 | CW31: =DA30 -> 0 | CX31: 0 | CY31: 0 | CZ31: =CPP!T31 -> 0 | DA31: =CW31+CX31-CY31-CZ31 -> 0 | DB31: =DF30 -> 306 | DC31: 0 | DD31: 0 | DE31: =CPP!U31 -> 0 | DF31: =DB31+DC31-DD31-DE31 -> 306 | DG31: =DK30 -> 0 | DH31: 0 | DI31: 0 | DJ31: =CPP!V31 -> 0 | DK31: =DG31+DH31-DI31-DJ31 -> 0 | DL31: =DP30 -> 0 | DM31: 0 | DN31: 0 | DO31: =CPP!W31 -> 0 | DP31: =DL31+DM31-DN31-DO31 -> 0 | DQ31: =DU30 -> 4379.35 | DR31: 0 | DS31: 54 | DT31: =CPP!X31 -> 0 | DU31: =DQ31+DR31-DS31-DT31 -> 4325.35 | DV31: =DZ30 -> 0 | DW31: 0 | DX31: 0 | DY31: =CPP!Y31 -> 0 | DZ31: =DV31+DW31-DX31-DY31 -> 0 | EA31: =L31+AO31+AT31+AY31+BD31+BI31+BS31+BX31+CC31+CH31+CR31+CW31+DB31+DG31+DL31+DV31+X31+DQ31 -> 8929.467 | EB31: =M31+Y31+AL31+AP31+AU31+AZ31+BE31+BJ31+BO31+BT31+BY31+CS31+CX31+DC31+DH31+DM31+DW31+DR31 -> 0 | EC31: =O31+AA31+AM31+AQ31+AV31+BA31+BF31+BK31+BP31+BU31+BZ31+CT31+CY31+DD31+DI31+DN31+DX31+DS31 -> 270 | ED31: =EA31+EB31-EC31-N31-Z31-AR31-AW31-BB31-BG31-BL31-BQ31-BV31-CU31-CZ31-DE31-DJ31-DO31-DY31-DT31 -> 8575.467 | EE31: =R31+AC31+AG31+AK31+CM31 -> 10135.7 | EF31: =S31+AD31+AH31+CD31+CI31+CN31 -> 0 | EG31: =CPP!D31+CPP!E31+CPP!F31+CPP!G31+CPP!H31+CPP!I31+CPP!J31+CPP!K31+CPP!L31+CPP!M31+CPP!N31+CPP!O31+CPP!P31+CPP!Q31+CPP!R31+CPP!S31+CZ31+DE31+DJ31+CPP!W31+DT31 -> 138 | EH31: =EE31+EF31-CPP!G31-CPP!E31-CPP!F31-CPP!P31-CPP!Q31-CK31-CP31-DT31 -> 10081.7 | EI31: =EL30 -> 23828.66 | EJ31: 1640 | EK31: ='Daily CEM-1'!AG32+'Daily CEM - 2'!AF32-EP31 -> 1103.6 | EL31: =EI31+EJ31-EK31-EM31 -> 24365.06 | EM31: 0 | EN31: =EQ30 -> 5155.329 | EO31: 0 | EP31: 0 | EQ31: =EN31+EO31-EP31 -> 5155.329 | ER31: =ES31-EO31 -> 1198.24 | ES31: 1198.24 | ET31: =EK31+EP31 -> 1103.6
B32: 30 | C32: =G31 -> 4019.48 | D32: 36.86 | E32: =F32+'RAW MILL 2'!F32 -> 58 | F32: 54 | G32: =C32+D32-E32 -> 3998.34 | H32: =K31 -> -1726.1 | I32: =Production2!N32 -> 2416 | J32: =Production2!K32 -> 2611.75 | K32: =H32+I32-J32 -> -1921.85 | L32: =Q31 -> 0 | M32: 0 | N32: =CPP!D32 -> 0 | O32: 0 | P32: =N32+O32 -> 0 | Q32: =L32+M32-O32-N32 -> 0 | R32: =W31 -> 0 | S32: 0 | T32: =CPP!E32 -> 0 | U32: 0 | V32: =T32+U32 -> 0 | W32: =R32+S32-V32 -> 0 | X32: =AB31 -> 3943.83 | Y32: 0 | Z32: =CPP!H32 -> 60 | AA32: 220 | AB32: =X32+Y32-AA32-Z32 -> 3663.83 | AC32: =AF31 -> 0 | AD32: 0 | AE32: 0 | AF32: =AC32+AD32-AE32 -> 0 | AG32: =AJ31 -> 10081.65 | AH32: 0 | AI32: =CPP!G32 -> 71 | AJ32: =AG32+AH32-AI32 -> 10010.65 | AK32: =AN31 -> 0 | AL32: 0 | AM32: 0 | AN32: =AK32+AL32-AM32 -> 0 | AO32: =AS31 -> 0 | AP32: 0 | AQ32: 0 | AR32: =CPP!I32 -> 0 | AS32: =AO32+AP32-AQ32-AR32 -> 0 | AT32: =AX31 -> 0 | AU32: 0 | AV32: 0 | AW32: =CPP!J32 -> 0 | AX32: =AT32+AU32-AV32-AW32 -> 0 | AY32: =BC31 -> 0.287 | AZ32: 0 | BA32: 0 | BB32: =CPP!K32 -> 0 | BC32: =AY32+AZ32-BA32-BB32 -> 0.287 | BD32: =BH31 -> 0 | BE32: 0 | BF32: 0 | BG32: =CPP!L32 -> 0 | BH32: =BD32+BE32-BF32-BG32 -> 0 | BI32: =BM31 -> 0 | BJ32: 0 | BK32: 0 | BL32: =CPP!M32 -> 0 | BM32: =BI32+BJ32-BK32-BL32 -> 0 | BN32: =BR31 -> 0 | BO32: 0 | BP32: 0 | BQ32: =CPP!N32 -> 0 | BR32: =BN32+BO32-BP32-BQ32 -> 0 | BS32: =BW31 -> 0 | BT32: 0 | BU32: 0 | BV32: =CPP!O32 -> 0 | BW32: =BS32+BT32-BU32-BV32 -> 0 | BX32: =CB31 -> 0 | BY32: 0 | BZ32: 0 | CB32: =BX32+BY32-BZ32-CA32 -> 0 | CC32: =CG31 -> 0 | CD32: 0 | CE32: 0 | CF32: =CPP!P32 -> 0 | CG32: =CC32+CD32-CE32-CF32 -> 0 | CH32: =CL31 -> 0 | CI32: 0 | CJ32: 0 | CK32: =CPP!Q32 -> 0 | CL32: =CH32+CI32-CJ32-CK32 -> 0 | CM32: =CQ31 -> 0.05 | CN32: 0 | CO32: 0 | CP32: =CPP!R32 -> 0 | CQ32: =CM32+CN32-CO32-CP32 -> 0.05 | CR32: =CV31 -> 0 | CS32: 0 | CT32: 0 | CU32: =CPP!S32 -> 0 | CV32: =CR32+CS32-CT32-CU32 -> 0 | CW32: =DA31 -> 0 | CX32: 0 | CY32: 0 | CZ32: =CPP!T32 -> 0 | DA32: =CW32+CX32-CY32-CZ32 -> 0 | DB32: =DF31 -> 306 | DC32: 0 | DD32: 0 | DE32: =CPP!U32 -> 0 | DF32: =DB32+DC32-DD32-DE32 -> 306 | DG32: =DK31 -> 0 | DH32: 0 | DI32: 0 | DJ32: =CPP!V32 -> 0 | DK32: =DG32+DH32-DI32-DJ32 -> 0 | DL32: =DP31 -> 0 | DM32: 0 | DN32: 0 | DO32: =CPP!W32 -> 0 | DP32: =DL32+DM32-DN32-DO32 -> 0 | DQ32: =DU31 -> 4325.35 | DR32: 0 | DS32: 55 | DT32: =CPP!X32 -> 0 | DU32: =DQ32+DR32-DS32-DT32 -> 4270.35 | DV32: =DZ31 -> 0 | DW32: 0 | DX32: 0 | DY32: =CPP!Y32 -> 0 | DZ32: =DV32+DW32-DX32-DY32 -> 0 | EA32: =L32+AO32+AT32+AY32+BD32+BI32+BS32+BX32+CC32+CH32+CR32+CW32+DB32+DG32+DL32+DV32+X32+DQ32 -> 8575.467 | EB32: =M32+Y32+AL32+AP32+AU32+AZ32+BE32+BJ32+BO32+BT32+BY32+CS32+CX32+DC32+DH32+DM32+DW32+DR32 -> 0 | EC32: =O32+AA32+AM32+AQ32+AV32+BA32+BF32+BK32+BP32+BU32+BZ32+CT32+CY32+DD32+DI32+DN32+DX32+DS32 -> 275 | ED32: =EA32+EB32-EC32-N32-Z32-AR32-AW32-BB32-BG32-BL32-BQ32-BV32-CU32-CZ32-DE32-DJ32-DO32-DY32-DT32 -> 8240.467 | EE32: =R32+AC32+AG32+AK32+CM32 -> 10081.7 | EF32: =S32+AD32+AH32+CD32+CI32+CN32 -> 0 | EG32: =CPP!D32+CPP!E32+CPP!F32+CPP!G32+CPP!H32+CPP!I32+CPP!J32+CPP!K32+CPP!L32+CPP!M32+CPP!N32+CPP!O32+CPP!P32+CPP!Q32+CPP!R32+CPP!S32+CZ32+DE32+DJ32+CPP!W32+DT32 -> 131 | EH32: =EE32+EF32-CPP!G32-CPP!E32-CPP!F32-CPP!P32-CPP!Q32-CK32-CP32-DT32 -> 10010.7 | EI32: =EL31 -> 24365.06 | EJ32: 1685 | EK32: ='Daily CEM-1'!AG33+'Daily CEM - 2'!AF33-EP32 -> 1130.4 | EL32: =EI32+EJ32-EK32-EM32 -> 24919.66 | EM32: 0 | EN32: =EQ31 -> 5155.329 | EO32: 0 | EP32: 0 | EQ32: =EN32+EO32-EP32 -> 5155.329 | ER32: =ES32-EO32 -> 479.81 | ES32: 479.81 | ET32: =EK32+EP32 -> 1130.4
B33: 31 | C33: =G32 -> 3998.34 | D33: 0 | E33: =F33+'RAW MILL 2'!F33 -> 0 | F33: 0 | G33: =C33+D33-E33 -> 3998.34 | H33: =K32 -> -1921.85 | I33: =Production2!N33 -> 0 | J33: =Production2!K33 -> 0 | K33: =H33+I33-J33 -> -1921.85 | L33: =Q32 -> 0 | M33: 0 | N33: =CPP!D33 -> 0 | O33: 0 | P33: =N33+O33 -> 0 | Q33: =L33+M33-O33-N33 -> 0 | R33: =W32 -> 0 | S33: 0 | T33: =CPP!E33 -> 0 | U33: 0 | V33: =T33+U33 -> 0 | W33: =R33+S33-V33 -> 0 | X33: =AB32 -> 3663.83 | Y33: 0 | Z33: =CPP!H33 -> 0 | AA33: 0 | AB33: =X33+Y33-AA33-Z33 -> 3663.83 | AC33: =AF32 -> 0 | AD33: 0 | AE33: 0 | AF33: =AC33+AD33-AE33 -> 0 | AG33: =AJ32 -> 10010.65 | AH33: 0 | AI33: =CPP!G33 -> 0 | AJ33: =AG33+AH33-AI33 -> 10010.65 | AK33: =AN32 -> 0 | AL33: 0 | AM33: 0 | AN33: =AK33+AL33-AM33 -> 0 | AO33: =AS32 -> 0 | AP33: 0 | AQ33: 0 | AR33: =CPP!I33 -> 0 | AS33: =AO33+AP33-AQ33-AR33 -> 0 | AT33: =AX32 -> 0 | AU33: 0 | AV33: 0 | AW33: =CPP!J33 -> 0 | AX33: =AT33+AU33-AV33-AW33 -> 0 | AY33: =BC32 -> 0.287 | AZ33: 0 | BA33: 0 | BB33: =CPP!K33 -> 0 | BC33: =AY33+AZ33-BA33-BB33 -> 0.287 | BD33: =BH32 -> 0 | BE33: 0 | BF33: 0 | BG33: =CPP!L33 -> 0 | BH33: =BD33+BE33-BF33-BG33 -> 0 | BI33: =BM32 -> 0 | BJ33: 0 | BK33: 0 | BL33: =CPP!M33 -> 0 | BM33: =BI33+BJ33-BK33-BL33 -> 0 | BN33: =BR32 -> 0 | BO33: 0 | BP33: 0 | BQ33: =CPP!N33 -> 0 | BR33: =BN33+BO33-BP33-BQ33 -> 0 | BS33: =BW32 -> 0 | BT33: 0 | BU33: 0 | BV33: =CPP!O33 -> 0 | BW33: =BS33+BT33-BU33-BV33 -> 0 | BX33: =CB32 -> 0 | BY33: 0 | BZ33: 0 | CB33: =BX33+BY33-BZ33-CA33 -> 0 | CC33: =CG32 -> 0 | CD33: 0 | CE33: 0 | CF33: =CPP!P33 -> 0 | CG33: =CC33+CD33-CE33-CF33 -> 0 | CH33: =CL32 -> 0 | CI33: 0 | CJ33: 0 | CK33: =CPP!Q33 -> 0 | CL33: =CH33+CI33-CJ33-CK33 -> 0 | CM33: =CQ32 -> 0.05 | CN33: 0 | CO33: 0 | CP33: =CPP!R33 -> 0 | CQ33: =CM33+CN33-CO33-CP33 -> 0.05 | CR33: =CV32 -> 0 | CS33: 0 | CT33: 0 | CU33: =CPP!S33 -> 0 | CV33: =CR33+CS33-CT33-CU33 -> 0 | CW33: =DA32 -> 0 | CX33: 0 | CY33: 0 | CZ33: =CPP!T33 -> 0 | DA33: =CW33+CX33-CY33-CZ33 -> 0 | DB33: =DF32 -> 306 | DC33: 0 | DD33: 0 | DE33: =CPP!U33 -> 0 | DF33: =DB33+DC33-DD33-DE33 -> 306 | DG33: =DK32 -> 0 | DH33: 0 | DI33: 0 | DJ33: =CPP!V33 -> 0 | DK33: =DG33+DH33-DI33-DJ33 -> 0 | DL33: =DP32 -> 0 | DM33: 0 | DN33: 0 | DO33: =CPP!W33 -> 0 | DP33: =DL33+DM33-DN33-DO33 -> 0 | DQ33: =DU32 -> 4270.35 | DR33: 0 | DS33: 0 | DT33: =CPP!X33 -> 0 | DU33: =DQ33+DR33-DS33-DT33 -> 4270.35 | DV33: =DZ32 -> 0 | DW33: 0 | DX33: 0 | DY33: =CPP!Y33 -> 0 | DZ33: =DV33+DW33-DX33-DY33 -> 0 | EA33: =L33+AO33+AT33+AY33+BD33+BI33+BS33+BX33+CC33+CH33+CR33+CW33+DB33+DG33+DL33+DV33+X33+DQ33 -> 8240.467 | EB33: =M33+Y33+AL33+AP33+AU33+AZ33+BE33+BJ33+BO33+BT33+BY33+CS33+CX33+DC33+DH33+DM33+DW33+DR33 -> 0 | EC33: =O33+AA33+AM33+AQ33+AV33+BA33+BF33+BK33+BP33+BU33+BZ33+CT33+CY33+DD33+DI33+DN33+DX33+DS33 -> 0 | ED33: =EA33+EB33-EC33-N33-Z33-AR33-AW33-BB33-BG33-BL33-BQ33-BV33-CU33-CZ33-DE33-DJ33-DO33-DY33-DT33 -> 8240.467 | EE33: =R33+AC33+AG33+AK33+CM33 -> 10010.7 | EF33: =S33+AD33+AH33+CD33+CI33+CN33 -> 0 | EG33: =CPP!D33+CPP!E33+CPP!F33+CPP!G33+CPP!H33+CPP!I33+CPP!J33+CPP!K33+CPP!L33+CPP!M33+CPP!N33+CPP!O33+CPP!P33+CPP!Q33+CPP!R33+CPP!S33+CZ33+DE33+DJ33+CPP!W33+DT33 -> 0 | EH33: =EE33+EF33-CPP!G33-CPP!E33-CPP!F33-CPP!P33-CPP!Q33-CK33-CP33-DT33 -> 10010.7 | EI33: =EL32 -> 24919.66 | EJ33: 0 | EK33: ='Daily CEM-1'!AG34+'Daily CEM - 2'!AF34-EP33 -> 0 | EL33: =EI33+EJ33-EK33-EM33 -> 24919.66 | EM33: 0 | EN33: =EQ32 -> 5155.329 | EO33: 0 | EP33: 0 | EQ33: =EN33+EO33-EP33 -> 5155.329
B34: MTD | D34: =SUM(D3:D33) -> 69.7 | E34: =SUM(E3:E33) -> 1437 | H34: =SUM(H3:H32) -> -4262.8595 | I34: =SUM(I3:I33) -> 58857.15 | J34: =SUM(J3:J33) -> 62775 | K34: =SUM(K3:K32) -> -8180.7095 | L34: =SUM(L3:L32) -> 0 | M34: =SUM(M3:M33) -> 0 | N34: =SUM(N3:N33) -> 0 | O34: =SUM(O3:O33) -> 0 | P34: =SUM(P3:P33) -> 0 | Q34: =SUM(Q3:Q33) -> 0 | R34: =SUM(R3:R33) -> 0 | S34: =SUM(S3:S33) -> 0 | T34: =SUM(T3:T33) -> 0 | ... AF34: =SUM(AF3:AF33) -> 0 | AH34: =SUM(AH3:AH33) -> 155.05 | AI34: =SUM(AI3:AI33) -> 2930 | AK34: =SUM(AK3:AK33) -> 0 | AL34: =SUM(AL3:AL33) -> 0 | AM34: =SUM(AM3:AM33) -> 0 | AN34: =SUM(AN3:AN33) -> 0 | AO34: =SUM(AO3:AO33) -> 0 | AP34: =SUM(AP3:AP33) -> 0 | AQ34: =SUM(AQ3:AQ33) -> 0 | AR34: =SUM(AR3:AR33) -> 0 | ... BG34: =SUM(BG3:BG33) -> 0 | BJ34: =SUM(BJ3:BJ33) -> 0 | BK34: =SUM(BK3:BK33) -> 0 | BL34: =SUM(BL3:BL33) -> 0 | BO34: =SUM(BO3:BO33) -> 0 | BP34: =SUM(BP3:BP33) -> 0 | BQ34: =SUM(BQ3:BQ33) -> 0 | BS34: =SUM(BS3:BS33) -> 0 | BT34: =SUM(BT3:BT33) -> 0 | BU34: =SUM(BU3:BU33) -> 0 | BV34: =SUM(BV3:BV33) -> 0 | BY34: =SUM(BY3:BY33) -> 0 | BZ34: =SUM(BZ3:BZ33) -> 0 | CA34: =SUM(CA3:CA33) -> 0 | CB34: =SUM(CB3:CB33) -> 0 | CN34: =SUM(CN3:CN33) -> 0 | CO34: =SUM(CO3:CO33) -> 0 | CP34: =SUM(CP3:CP33) -> 0 | CS34: =SUM(CS3:CS33) -> 0 | CT34: =SUM(CT3:CT33) -> 0 | CU34: =SUM(CU3:CU33) -> 0 | CX34: =SUM(CX3:CX33) -> 0 | CY34: =SUM(CY3:CY33) -> 0 | CZ34: =SUM(CZ3:CZ33) -> 0 | DC34: =SUM(DC3:DC33) -> 0 | DD34: =SUM(DD3:DD33) -> 0 | DE34: =SUM(DE3:DE33) -> 0 | DH34: =SUM(DH3:DH33) -> 0 | DI34: =SUM(DI3:DI33) -> 0 | DJ34: =SUM(DJ3:DJ33) -> 0 | DM34: =SUM(DM3:DM33) -> 0 | DN34: =SUM(DN3:DN33) -> 0 | DO34: =SUM(DO3:DO33) -> 0 | DR34: =SUM(DR3:DR33) -> 181.5 | DS34: =SUM(DS3:DS33) -> 1405.25 | DT34: =SUM(DT3:DT33) -> 20 | DW34: =SUM(DW3:DW33) -> 0 | DX34: =SUM(DX3:DX33) -> 0 | DY34: =SUM(DY3:DY33) -> 0 | EB34: =SUM(EB3:EB33) -> 181.5 | EC34: =SUM(EC3:EC33) -> 6836.3 | ED34: =SUM(ED3:ED33) -> 383630.95 | EE34: =SUM(EE3:EE33) -> 349941.95 | EF34: =SUM(EF3:EF33) -> 155.05 | EG34: =SUM(EG3:EG33) -> 3869 | EH34: =SUM(EH3:EH33) -> 347147 | EI34: =SUM(EI3:EI33) -> 431401.54 | ... EM34: =SUM(EM3:EM33) -> 0 | EO34: =SUM(EO3:EO33) -> 13239.88 | EP34: =SUM(EP3:EP33) -> 16934.1
B35: YTD | D35: =D36+SUM(D3:D33) -> 69.7 | E35: =E36+SUM(E3:E33) -> 1437 | I35: =I36+SUM(I3:I33) -> 58857.15 | J35: =J36+SUM(J3:J33) -> 62775 | M35: =M36+SUM(M3:M33) -> 0 | N35: =N36+SUM(N3:N33) -> 0 | O35: =O36+SUM(O3:O33) -> 0 | P35: =P36+SUM(P3:P33) -> 0 | S35: =S36+SUM(S3:S33) -> 0 | T35: =T36+SUM(T3:T33) -> 0 | V35: =SUM(V3:V33)+V36 -> 0 | Y35: =Y36+SUM(Y3:Y33) -> 0 | AA35: =AA36+SUM(AA3:AA33) -> 5431.05 | AD35: =AD36+SUM(AD3:AD33) -> 0 | AE35: =AE36+SUM(AE3:AE33) -> 0 | AH35: =AH36+SUM(AH3:AH33) -> 155.05 | AI35: =AI36+SUM(AI3:AI33) -> 2930 | AK35: =AK36+SUM(AK3:AK33) -> 0 | AL35: =AL36+SUM(AL3:AL33) -> 0 | AM35: =AM36+SUM(AM3:AM33) -> 0 | AN35: =AN36+SUM(AN3:AN33) -> 0 | AO35: =AO36+SUM(AO3:AO33) -> 0 | AP35: =AP36+SUM(AP3:AP33) -> 0 | AQ35: =AQ36+SUM(AQ3:AQ33) -> 0 | AR35: =AR36+SUM(AR3:AR33) -> 0 | AT35: =AT36+SUM(AT3:AT33) -> 0 | AU35: =AU36+SUM(AU3:AU33) -> 0 | AV35: =AV36+SUM(AV3:AV33) -> 0 | AW35: =AW36+SUM(AW3:AW33) -> 0 | AX35: =AX36+SUM(AX3:AX33) -> 0 | AZ35: =AZ36+SUM(AZ3:AZ33) -> 0 | BA35: =BA36+SUM(BA3:BA33) -> 0 | BB35: =BB36+SUM(BB3:BB33) -> 0 | BD35: =BD36+SUM(BD3:BD33) -> 0 | BE35: =BE36+SUM(BE3:BE33) -> 0 | BF35: =BF36+SUM(BF3:BF33) -> 0 | BG35: =BG36+SUM(BG3:BG33) -> 0 | BJ35: =BJ36+SUM(BJ3:BJ33) -> 0 | BK35: =BK36+SUM(BK3:BK33) -> 0 | BL35: =BL36+SUM(BL3:BL33) -> 0 | BO35: =BO36+SUM(BO3:BO33) -> 0 | BP35: =BP36+SUM(BP3:BP33) -> 0 | BQ35: =BQ36+SUM(BQ3:BQ33) -> 0 | BT35: =BT36+SUM(BT3:BT33) -> 0 | BU35: =BU36+SUM(BU3:BU33) -> 0 | BV35: =BV36+SUM(BV3:BV33) -> 0 | BY35: =BY36+SUM(BY3:BY33) -> 0 | BZ35: =BZ36+SUM(BZ3:BZ33) -> 0 | CA35: =CA36+SUM(CA3:CA33) -> 0 | CD35: =CD36+SUM(CD3:CD33) -> 0 | CE35: =CE36+SUM(CE3:CE33) -> 0 | CF35: =CF36+SUM(CF3:CF33) -> 0 | CI35: =CI36+SUM(CI3:CI33) -> 0 | CJ35: =CJ36+SUM(CJ3:CJ33) -> 0 | CK35: =CK36+SUM(CK3:CK33) -> 0 | CN35: =CN36+SUM(CN3:CN33) -> 0 | CO35: =CO36+SUM(CO3:CO33) -> 0 | CP35: =CP36+SUM(CP3:CP33) -> 0 | CS35: =CS36+SUM(CS3:CS33) -> 0 | CT35: =CT36+SUM(CT3:CT33) -> 0 | CU35: =CU36+SUM(CU3:CU33) -> 0 | CX35: =CX36+SUM(CX3:CX33) -> 0 | CY35: =CY36+SUM(CY3:CY33) -> 0 | CZ35: =CZ36+SUM(CZ3:CZ33) -> 0 | DC35: =DC36+SUM(DC3:DC33) -> 0 | DD35: =DD36+SUM(DD3:DD33) -> 0 | DE35: =DE36+SUM(DE3:DE33) -> 0 | DH35: =DH36+SUM(DH3:DH33) -> 0 | DI35: =DI36+SUM(DI3:DI33) -> 0 | DJ35: =DJ36+SUM(DJ3:DJ33) -> 0 | DM35: =DM36+SUM(DM3:DM33) -> 0 | DN35: =DN36+SUM(DN3:DN33) -> 0 | DO35: =DO36+SUM(DO3:DO33) -> 0 | DR35: =DR36+SUM(DR3:DR33) -> 181.5 | DS35: =DS36+SUM(DS3:DS33) -> 1405.25 | DT35: =DT36+SUM(DT3:DT33) -> 20 | DW35: =DW36+SUM(DW3:DW33) -> 0 | DX35: =DX36+SUM(DX3:DX33) -> 0 | DY35: =DY36+SUM(DY3:DY33) -> 0 | EB35: =EB36+SUM(EB3:EB33) -> 181.5 | EC35: =EC36+SUM(EC3:EC33) -> 6836.3 | EF35: =EF36+SUM(EF3:EF33) -> 155.05 | EG35: =EG36+SUM(EG3:EG33) -> 3869 | EJ35: =EJ36+SUM(EJ3:EJ33) -> 40500 | EK35: =EK36+SUM(EK3:EK33) -> 18861.88 | EM35: =EM36+SUM(EM3:EM33) -> 0 | EO35: =EO36+SUM(EO3:EO33) -> 13239.88 | EP35: =EP36+SUM(EP3:EP33) -> 16934.1
B36: YTD | D36: 0 | E36: 0 | I36: 0 | J36: 0 | M36: 0 | N36: 0 | O36: 0 | P36: 0 | S36: 0 | T36: 0 | V36: 0 | Y36: 0 | Z36: 0 | AA36: 0 | AD36: 0 | AE36: 0 | AH36: 0 | AI36: 0 | AK36: 0 | AL36: 0 | AM36: 0 | AN36: 0 | AO36: 0 | AP36: 0 | AQ36: 0 | AR36: 0 | AT36: 0 | AU36: 0 | AV36: 0 | AW36: 0 | AX36: 0 | AZ36: 0 | BA36: 0 | BB36: 0 | BD36: 0 | BE36: 0 | BF36: 0 | BG36: 0 | BJ36: 0 | BK36: 0 | BL36: 0 | BO36: 0 | BP36: 0 | BQ36: 0 | BT36: 0 | BU36: 0 | BV36: 0 | BY36: 0 | BZ36: 0 | CA36: 0 | CD36: 0 | CE36: 0 | CF36: 0 | CI36: 0 | CJ36: 0 | CK36: 0 | CN36: 0 | CO36: 0 | CP36: 0 | CS36: 0 | CT36: 0 | CU36: 0 | CX36: 0 | CY36: 0 | CZ36: 0 | DC36: 0 | DD36: 0 | DE36: 0 | DH36: 0 | DI36: 0 | DJ36: 0 | DM36: 0 | DN36: 0 | DO36: 0 | DR36: 0 | DS36: 0 | DT36: 0 | DW36: 0 | DX36: 0 | DY36: 0 | EB36: 0 | EC36: 0 | EF36: 0 | EG36: 0 | EJ36: 0 | EK36: 0 | EM36: 0 | EO36: 0 | EP36: 0
EO38: =EO36+EJ36 -> 0

Sheet RAW MILL 2
B1: APRIL | C1: HG | D1: CLAY | E1: SAND | F1: IRON ORE | G1: TOTAL WET
B2: Date | C2: CONSUMPTION | D2: CONSUMPTION | E2: CONSUMPTION | F2: CONSUMPTION | G2: PRODUCTION
B3: 1 | C3: 0 | D3: 0 | E3: 0 | F3: 0 | G3: =SUM(C3:F3) -> 0
B4: 2 | C4: 0 | D4: 0 | E4: 0 | F4: 0 | G4: =SUM(C4:F4) -> 0
B5: 3 | C5: 0 | D5: 0 | E5: 0 | F5: 0 | G5: =SUM(C5:F5) -> 0
B6: 4 | C6: 0 | D6: 0 | E6: 0 | F6: 0 | G6: =SUM(C6:F6) -> 0
B7: 5 | C7: 0 | D7: 0 | E7: 0 | F7: 0 | G7: =SUM(C7:F7) -> 0
B8: 6 | C8: 0 | D8: 0 | E8: 0 | F8: 0 | G8: =SUM(C8:F8) -> 0
B9: 7 | C9: 236 | D9: 1 | E9: 0 | F9: 5 | G9: =SUM(C9:F9) -> 242
B10: 8 | C10: 195 | D10: 0 | E10: 1 | F10: 3 | G10: =SUM(C10:F10) -> 199
B11: 9 | C11: 82 | D11: 0 | E11: 1 | F11: 2 | G11: =SUM(C11:F11) -> 85
B12: 10 | C12: 253 | D12: 0 | E12: 1 | F12: 5 | G12: =SUM(C12:F12) -> 259
B13: 11 | C13: 147 | D13: 0 | E13: 1 | F13: 3 | G13: =SUM(C13:F13) -> 151
B14: 12 | C14: 134 | D14: 0 | E14: 1 | F14: 3 | G14: =SUM(C14:F14) -> 138
... B33: 31 | C33: 0 | D33: 0 | E33: 0 | F33: 0 | G33: =SUM(C33:F33) -> 0
B34: MTD | C34: =SUM(C3:C33) -> 3866 | D34: =SUM(D3:D33) -> 37 | E34: =SUM(E3:E33) -> 30 | G34: =SUM(G3:G33) -> 4015
B35: YTD | C35: =C36+SUM(C3:C33) -> 3866 | D35: =D36+SUM(D3:D33) -> 37 | E35: =E36+SUM(E3:E33) -> 30 | G35: =G36+SUM(G3:G33) -> 4015
B36: YTD | C36: 0 | D36: 0 | E36: 0 | F36: 0 | G36: 0
D39: =C36+D36+#REF!+#REF!+Cement!P36+Cement!T36 -> #REF! | E39: =#REF!+E36+#REF!+#REF!+Cement!Q36+Cement!U36 -> #REF!

Sheet Cement
B1: DEC | C1: Gypsum | G1: Starex | K1: Mapei | O1: LG1 | S1: TG | W1: SPG | AA1: LS-2 | AF1: Total
B2: Date | C2: Opening Stock | D2: Production | E2: Consumption | F2: Closing Stock | G2: Opening Stock | H2: Production | I2: Consumption | J2: Closing Stock | K2: Opening Stock | L2: Production | M2: Consumption | N2: Closing Stock | O2: Opening Stock | P2: Production | Q2: Consumption | R2: Closing Stock | S2: Opening Stock | T2: Production | U2: Consumption | V2: Closing Stock | W2: Opening Stock | X2: Production | Y2: Consumption | Z2: Closing Stock | AA2: Opening Stock | AB2: Production | AC2: Consumption | AD2: Closing Stock
B3: 1 | C3: =7443.81505914978+1.565 -> 7445.3801 | D3: 277.82 | E3: ='Daily CEM-1'!AI4+'Daily CEM - 2'!AH4 -> 122 | F3: =C3+D3-E3 -> 7601.2001 | G3: 0.24 | H3: 0 | I3: ='Daily CEM-1'!AK4 -> 0 | J3: =G3+H3-I3 -> 0.24 | K3: 0 | L3: 0 | M3: ='Daily CEM-1'!AJ4 -> 0 | N3: =K3+L3-M3 -> 0 | P3: 0 | Q3: ='Daily CEM-1'!AH4+'Daily CEM - 2'!AG4 -> 452.85 | S3: 0 | T3: 0 | U3: 0 | V3: =S3+T3-U3 -> 0 | W3: 0 | X3: 0 | Y3: 0 | Z3: =W3+X3-Y3 -> 0 | AA3: 0 | AB3: =AC3 -> #REF! | AC3: ='Daily CEM-1'!#REF! -> #REF! | AD3: =AA3+AB3-AC3 -> #REF! | AF3: =E3+Q3+Clinker!EK3+AC3 -> #REF! | AH3: =Q3+U3 -> 452.85
B4: 2 | C4: =F3 -> 7601.2001 | D4: 308.68 | E4: ='Daily CEM-1'!AI5+'Daily CEM - 2'!AH5 -> 136.4 | F4: =C4+D4-E4 -> 7773.4801 | G4: =J3 -> 0.24 | H4: 0 | I4: ='Daily CEM-1'!AK5 -> 0 | J4: =G4+H4-I4 -> 0.24 | K4: =N3 -> 0 | L4: 0 | M4: ='Daily CEM-1'!AJ5 -> 0 | N4: =K4+L4-M4 -> 0 | P4: 0 | Q4: ='Daily CEM-1'!AH5+'Daily CEM - 2'!AG5 -> 473.4 | S4: =V3 -> 0 | T4: 0 | U4: 0 | V4: =S4+T4-U4 -> 0 | W4: =Z3 -> 0 | X4: 0 | Y4: 0 | Z4: =W4+X4-Y4 -> 0 | AA4: =AD3 -> #REF! | AB4: =AC4 -> #REF! | AC4: ='Daily CEM-1'!#REF! -> #REF! | AD4: =AA4+AB4-AC4 -> #REF! | AF4: =E4+Q4+Clinker!EK4+AC4 -> #REF! | AH4: =Q4+U4 -> 473.4
B5: 3 | C5: =F4 -> 7773.4801 | D5: 0 | E5: ='Daily CEM-1'!AI6+'Daily CEM - 2'!AH6 -> 125.9 | F5: =C5+D5-E5 -> 7647.5801 | G5: =J4 -> 0.24 | H5: 0 | I5: ='Daily CEM-1'!AK6 -> 0 | J5: =G5+H5-I5 -> 0.24 | K5: =N4 -> 0 | L5: 0 | M5: ='Daily CEM-1'!AJ6 -> 0 | N5: =K5+L5-M5 -> 0 | P5: 0 | Q5: ='Daily CEM-1'!AH6+'Daily CEM - 2'!AG6 -> 449.8 | S5: =V4 -> 0 | T5: 0 | U5: 0 | V5: =S5+T5-U5 -> 0 | W5: =Z4 -> 0 | X5: 0 | Y5: 0 | Z5: =W5+X5-Y5 -> 0 | AA5: =AD4 -> #REF! | AB5: =AC5 -> #REF! | AC5: ='Daily CEM-1'!#REF! -> #REF! | AD5: =AA5+AB5-AC5 -> #REF! | AF5: =E5+Q5+Clinker!EK5+AC5 -> #REF! | AH5: =Q5+U5 -> 449.8
B6: 4 | C6: =F5 -> 7647.5801 | D6: 154.24 | E6: ='Daily CEM-1'!AI7+'Daily CEM - 2'!AH7 -> 110.3 | F6: =C6+D6-E6 -> 7691.5201 | G6: =J5 -> 0.24 | H6: 0 | I6: ='Daily CEM-1'!AK7 -> 0 | J6: =G6+H6-I6 -> 0.24 | K6: =N5 -> 0 | L6: 0 | M6: ='Daily CEM-1'!AJ7 -> 0 | N6: =K6+L6-M6 -> 0 | P6: 0 | Q6: ='Daily CEM-1'!AH7+'Daily CEM - 2'!AG7 -> 401.5 | S6: =V5 -> 0 | T6: 0 | U6: 0 | V6: =S6+T6-U6 -> 0 | W6: =Z5 -> 0 | X6: 0 | Y6: 0 | Z6: =W6+X6-Y6 -> 0 | AA6: =AD5 -> #REF! | AB6: =AC6 -> #REF! | AC6: ='Daily CEM-1'!#REF! -> #REF! | AD6: =AA6+AB6-AC6 -> #REF! | AF6: =E6+Q6+Clinker!EK6+AC6 -> #REF! | AH6: =Q6+U6 -> 401.5
B7: 5 | C7: =F6 -> 7691.5201 | D7: 0 | E7: ='Daily CEM-1'!AI8+'Daily CEM - 2'!AH8 -> 145.7 | F7: =C7+D7-E7 -> 7545.8201 | G7: =J6 -> 0.24 | H7: 0 | I7: ='Daily CEM-1'!AK8 -> 0 | J7: =G7+H7-I7 -> 0.24 | K7: =N6 -> 0 | L7: 0 | M7: ='Daily CEM-1'!AJ8 -> 0 | N7: =K7+L7-M7 -> 0 | P7: 0 | Q7: ='Daily CEM-1'!AH8+'Daily CEM - 2'!AG8 -> 588 | S7: =V6 -> 0 | T7: 0 | U7: 0 | V7: =S7+T7-U7 -> 0 | W7: =Z6 -> 0 | X7: 0 | Y7: 0 | Z7: =W7+X7-Y7 -> 0 | AA7: =AD6 -> #REF! | AB7: =AC7 -> #REF! | AC7: ='Daily CEM-1'!#REF! -> #REF! | AD7: =AA7+AB7-AC7 -> #REF! | AF7: =E7+Q7+Clinker!EK7+AC7 -> #REF! | AH7: =Q7+U7 -> 588
B8: 6 | C8: =F7 -> 7545.8201 | D8: 0 | E8: ='Daily CEM-1'!AI9+'Daily CEM - 2'!AH9 -> 114.3 | F8: =C8+D8-E8 -> 7431.5201 | G8: =J7 -> 0.24 | H8: 0 | I8: ='Daily CEM-1'!AK9 -> 0 | J8: =G8+H8-I8 -> 0.24 | K8: =N7 -> 0 | L8: 0 | M8: ='Daily CEM-1'!AJ9 -> 0 | N8: =K8+L8-M8 -> 0 | P8: 0 | Q8: ='Daily CEM-1'!AH9+'Daily CEM - 2'!AG9 -> 391.68 | S8: =V7 -> 0 | T8: 0 | U8: 0 | V8: =S8+T8-U8 -> 0 | W8: =Z7 -> 0 | X8: 0 | Y8: 0 | Z8: =W8+X8-Y8 -> 0 | AA8: =AD7 -> #REF! | AB8: =AC8 -> #REF! | AC8: ='Daily CEM-1'!#REF! -> #REF! | AD8: =AA8+AB8-AC8 -> #REF! | AF8: =E8+Q8+Clinker!EK8+AC8 -> #REF! | AH8: =Q8+U8 -> 391.68
B9: 7 | C9: =F8 -> 7431.5201 | D9: 0 | E9: ='Daily CEM-1'!AI10+'Daily CEM - 2'!AH10 -> 117.25 | F9: =C9+D9-E9 -> 7314.2701 | G9: =J8 -> 0.24 | H9: 0 | I9: ='Daily CEM-1'!AK10 -> 0 | J9: =G9+H9-I9 -> 0.24 | K9: =N8 -> 0 | L9: 0 | M9: ='Daily CEM-1'!AJ10 -> 0 | N9: =K9+L9-M9 -> 0 | P9: 0 | Q9: ='Daily CEM-1'!AH10+'Daily CEM - 2'!AG10 -> 404.95 | S9: =V8 -> 0 | T9: 0 | U9: 0 | V9: =S9+T9-U9 -> 0 | W9: =Z8 -> 0 | X9: 0 | Y9: 0 | Z9: =W9+X9-Y9 -> 0 | AA9: =AD8 -> #REF! | AB9: =AC9 -> #REF! | AC9: ='Daily CEM-1'!#REF! -> #REF! | AD9: =AA9+AB9-AC9 -> #REF! | AF9: =E9+Q9+Clinker!EK9+AC9 -> #REF! | AH9: =Q9+U9 -> 404.95
B10: 8 | C10: =F9 -> 7314.2701 | D10: 377.2 | E10: ='Daily CEM-1'!AI11+'Daily CEM - 2'!AH11 -> 78.5 | F10: =C10+D10-E10 -> 7612.9701 | G10: =J9 -> 0.24 | H10: 0 | I10: ='Daily CEM-1'!AK11 -> 0 | J10: =G10+H10-I10 -> 0.24 | K10: =N9 -> 0 | L10: 0 | M10: ='Daily CEM-1'!AJ11 -> 0 | N10: =K10+L10-M10 -> 0 | P10: 0 | Q10: ='Daily CEM-1'!AH11+'Daily CEM - 2'!AG11 -> 279 | S10: =V9 -> 0 | T10: 0 | U10: 0 | V10: =S10+T10-U10 -> 0 | W10: =Z9 -> 0 | X10: 0 | Y10: 0 | Z10: =W10+X10-Y10 -> 0 | AA10: =AD9 -> #REF! | AB10: =AC10 -> #REF! | AC10: ='Daily CEM-1'!#REF! -> #REF! | AD10: =AA10+AB10-AC10 -> #REF! | AF10: =E10+Q10+Clinker!EK10+AC10 -> #REF! | AH10: =Q10+U10 -> 279
B11: 9 | C11: =F10 -> 7612.9701 | D11: 33.12 | E11: ='Daily CEM-1'!AI12+'Daily CEM - 2'!AH12 -> 78.45 | F11: =C11+D11-E11 -> 7567.6401 | G11: =J10 -> 0.24 | H11: 0 | I11: ='Daily CEM-1'!AK12 -> 0 | J11: =G11+H11-I11 -> 0.24 | K11: =N10 -> 0 | L11: 0 | M11: ='Daily CEM-1'!AJ12 -> 0 | N11: =K11+L11-M11 -> 0 | P11: 0 | Q11: ='Daily CEM-1'!AH12+'Daily CEM - 2'!AG12 -> 280.25 | S11: =V10 -> 0 | T11: 0 | U11: 0 | V11: =S11+T11-U11 -> 0 | W11: =Z10 -> 0 | X11: 0 | Y11: 0 | Z11: =W11+X11-Y11 -> 0 | AA11: =AD10 -> #REF! | AB11: =AC11 -> #REF! | AC11: ='Daily CEM-1'!#REF! -> #REF! | AD11: =AA11+AB11-AC11 -> #REF! | AF11: =E11+Q11+Clinker!EK11+AC11 -> #REF! | AH11: =Q11+U11 -> 280.25
B12: 10 | C12: =F11 -> 7567.6401 | D12: 95.8 | E12: ='Daily CEM-1'!AI13+'Daily CEM - 2'!AH13 -> 74.75 | F12: =C12+D12-E12 -> 7588.6901 | G12: =J11 -> 0.24 | H12: 0 | I12: ='Daily CEM-1'!AK13 -> 0 | J12: =G12+H12-I12 -> 0.24 | K12: =N11 -> 0 | L12: 0 | M12: ='Daily CEM-1'!AJ13 -> 0 | N12: =K12+L12-M12 -> 0 | P12: 0 | Q12: ='Daily CEM-1'!AH13+'Daily CEM - 2'!AG13 -> 309.5 | S12: =V11 -> 0 | T12: 0 | U12: 0 | V12: =S12+T12-U12 -> 0 | W12: =Z11 -> 0 | X12: 0 | Y12: 0 | Z12: =W12+X12-Y12 -> 0 | AA12: =AD11 -> #REF! | AB12: =AC12 -> #REF! | AC12: ='Daily CEM-1'!#REF! -> #REF! | AD12: =AA12+AB12-AC12 -> #REF! | AF12: =E12+Q12+Clinker!EK12+AC12 -> #REF! | AH12: =Q12+U12 -> 309.5
B13: 11 | C13: =F12 -> 7588.6901 | D13: 0 | E13: ='Daily CEM-1'!AI14+'Daily CEM - 2'!AH14 -> 60.5 | F13: =C13+D13-E13 -> 7528.1901 | G13: =J12 -> 0.24 | H13: 0 | I13: ='Daily CEM-1'!AK14 -> 0 | J13: =G13+H13-I13 -> 0.24 | K13: =N12 -> 0 | L13: 0 | M13: ='Daily CEM-1'!AJ14 -> 0 | N13: =K13+L13-M13 -> 0 | P13: 0 | Q13: ='Daily CEM-1'!AH14+'Daily CEM - 2'!AG14 -> 218 | S13: =V12 -> 0 | T13: 0 | U13: 0 | V13: =S13+T13-U13 -> 0 | W13: =Z12 -> 0 | X13: 0 | Y13: 0 | Z13: =W13+X13-Y13 -> 0 | AA13: =AD12 -> #REF! | AB13: =AC13 -> #REF! | AC13: ='Daily CEM-1'!#REF! -> #REF! | AD13: =AA13+AB13-AC13 -> #REF! | AF13: =E13+Q13+Clinker!EK13+AC13 -> #REF! | AH13: =Q13+U13 -> 218
B14: 12 | C14: =F13 -> 7528.1901 | D14: 0 | E14: ='Daily CEM-1'!AI15+'Daily CEM - 2'!AH15 -> 71.25 | F14: =C14+D14-E14 -> 7456.9401 | G14: =J13 -> 0.24 | H14: 0 | I14: ='Daily CEM-1'!AK15 -> 0 | J14: =G14+H14-I14 -> 0.24 | K14: =N13 -> 0 | L14: 0 | M14: ='Daily CEM-1'!AJ15 -> 0 | N14: =K14+L14-M14 -> 0 | P14: 0 | Q14: ='Daily CEM-1'!AH15+'Daily CEM - 2'!AG15 -> 261.25 | S14: =V13 -> 0 | T14: 0 | U14: 0 | V14: =S14+T14-U14 -> 0 | W14: =Z13 -> 0 | X14: 0 | Y14: 0 | Z14: =W14+X14-Y14 -> 0 | AA14: =AD13 -> #REF! | AB14: =AC14 -> #REF! | AC14: ='Daily CEM-1'!#REF! -> #REF! | AD14: =AA14+AB14-AC14 -> #REF! | AF14: =E14+Q14+Clinker!EK14+AC14 -> #REF! | AH14: =Q14+U14 -> 261.25
B15: 13 | C15: =F14 -> 7456.9401 | D15: 177.18 | E15: ='Daily CEM-1'!AI16+'Daily CEM - 2'!AH16 -> 58 | F15: =C15+D15-E15 -> 7576.1201 | G15: =J14 -> 0.24 | H15: 0 | I15: ='Daily CEM-1'!AK16 -> 0 | J15: =G15+H15-I15 -> 0.24 | K15: =N14 -> 0 | L15: 0 | M15: ='Daily CEM-1'!AJ16 -> 0 | N15: =K15+L15-M15 -> 0 | P15: 0 | Q15: ='Daily CEM-1'!AH16+'Daily CEM - 2'!AG16 -> 205.3 | S15: =V14 -> 0 | T15: 0 | U15: 0 | V15: =S15+T15-U15 -> 0 | W15: =Z14 -> 0 | X15: 0 | Y15: 0 | Z15: =W15+X15-Y15 -> 0 | AA15: =AD14 -> #REF! | AB15: =AC15 -> #REF! | AC15: ='Daily CEM-1'!#REF! -> #REF! | AD15: =AA15+AB15-AC15 -> #REF! | AF15: =E15+Q15+Clinker!EK15+AC15 -> #REF! | AH15: =Q15+U15 -> 205.3
... B18: 16 | C18: =F17 -> 7555.9401 | D18: 61 | E18: ='Daily CEM-1'!AI19+'Daily CEM - 2'!AH19 -> 93.5 | F18: =C18+D18-E18 -> 7523.4401 | G18: =J17 -> 0.24 | H18: 0 | I18: ='Daily CEM-1'!AK19 -> 0 | J18: =G18+H18-I18 -> 0.24 | K18: =N17 -> 0 | L18: 0 | M18: ='Daily CEM-1'!AJ19 -> 0 | N18: =K18+L18-M18 -> 0 | P18: 0 | Q18: ='Daily CEM-1'!AH19+'Daily CEM - 2'!AG19 -> 372.85 | S18: =V17 -> 0 | T18: 0 | U18: 0 | V18: =S18+T18-U18 -> 0 | W18: =Z17 -> 0 | X18: 0 | Y18: 0 | Z18: =W18+X18-Y18 -> 0 | AA18: =AD17 -> #REF! | AB18: =AC18 -> #REF! | AC18: ='Daily CEM-1'!#REF! -> #REF! | AD18: =AA18+AB18-AC18 -> #REF! | AF18: =E18+Q18+Clinker!EK18+AC18 -> #REF! | AH18: =Q18+U18 -> 372.85
B19: 17 | C19: =F18 -> 7523.4401 | D19: 0 | E19: ='Daily CEM-1'!AI20+'Daily CEM - 2'!AH20 -> 44.5 | F19: =C19+D19-E19 -> 7478.9401 | G19: =J18 -> 0.24 | H19: 0 | I19: ='Daily CEM-1'!AK20 -> 0 | J19: =G19+H19-I19 -> 0.24 | K19: =N18 -> 0 | L19: 0 | M19: ='Daily CEM-1'!AJ20 -> 0 | N19: =K19+L19-M19 -> 0 | P19: 0 | Q19: ='Daily CEM-1'!AH20+'Daily CEM - 2'!AG20 -> 160.5 | S19: =V18 -> 0 | T19: 0 | U19: 0 | V19: =S19+T19-U19 -> 0 | W19: =Z18 -> 0 | X19: 0 | Y19: 0 | Z19: =W19+X19-Y19 -> 0 | AA19: =AD18 -> #REF! | AB19: =AC19 -> #REF! | AC19: ='Daily CEM-1'!#REF! -> #REF! | AD19: 0 | AF19: =E19+Q19+Clinker!EK19+AC19 -> #REF! | AH19: =Q19+U19 -> 160.5
B20: 18 | C20: =F19 -> 7478.9401 | D20: 93.02 | E20: ='Daily CEM-1'!AI21+'Daily CEM - 2'!AH21 -> 89.75 | F20: =C20+D20-E20 -> 7482.2101 | G20: =J19 -> 0.24 | H20: 0 | I20: ='Daily CEM-1'!AK21 -> 0 | J20: =G20+H20-I20 -> 0.24 | K20: =N19 -> 0 | L20: 0 | M20: ='Daily CEM-1'!AJ21 -> 0 | N20: =K20+L20-M20 -> 0 | P20: 0 | Q20: ='Daily CEM-1'!AH21+'Daily CEM - 2'!AG21 -> 391 | S20: =V19 -> 0 | T20: 0 | U20: 0 | V20: =S20+T20-U20 -> 0 | W20: =Z19 -> 0 | X20: 0 | Y20: 0 | Z20: =W20+X20-Y20 -> 0 | AA20: =AD19 -> 0 | AB20: =AC20 -> #REF! | AC20: ='Daily CEM-1'!#REF! -> #REF! | AD20: =AA20+AB20-AC20 -> #REF! | AF20: =E20+Q20+Clinker!EK20+AC20 -> #REF! | AH20: =Q20+U20 -> 391
B21: 19 | C21: =F20 -> 7482.2101 | D21: 0 | E21: ='Daily CEM-1'!AI22+'Daily CEM - 2'!AH22 -> 44.5 | F21: =C21+D21-E21 -> 7437.7101 | G21: =J20 -> 0.24 | H21: 0 | I21: ='Daily CEM-1'!AK22 -> 0 | J21: =G21+H21-I21 -> 0.24 | K21: =N20 -> 0 | L21: 0 | M21: ='Daily CEM-1'!AJ22 -> 0 | N21: =K21+L21-M21 -> 0 | P21: 0 | Q21: ='Daily CEM-1'!AH22+'Daily CEM - 2'!AG22 -> 151.3 | S21: =V20 -> 0 | T21: 0 | U21: 0 | V21: =S21+T21-U21 -> 0 | W21: =Z20 -> 0 | X21: 0 | Y21: 0 | Z21: =W21+X21-Y21 -> 0 | AA21: =AD20 -> #REF! | AB21: =AC21 -> #REF! | AC21: ='Daily CEM-1'!#REF! -> #REF! | AD21: =AA21+AB21-AC21 -> #REF! | AF21: =E21+Q21+Clinker!EK21+AC21 -> #REF! | AH21: =Q21+U21 -> 151.3
B22: 20 | C22: =F21 -> 7437.7101 | D22: 120.68 | E22: ='Daily CEM-1'!AI23+'Daily CEM - 2'!AH23 -> 42 | F22: =C22+D22-E22 -> 7516.3901 | G22: =J21 -> 0.24 | H22: 0 | I22: ='Daily CEM-1'!AK23 -> 0 | J22: =G22+H22-I22 -> 0.24 | K22: =N21 -> 0 | L22: 0 | M22: ='Daily CEM-1'!AJ23 -> 0 | N22: =K22+L22-M22 -> 0 | P22: 0 | Q22: ='Daily CEM-1'!AH23+'Daily CEM - 2'!AG23 -> 175.31 | S22: =V21 -> 0 | T22: 0 | U22: 0 | V22: =S22+T22-U22 -> 0 | W22: =Z21 -> 0 | X22: 0 | Y22: 0 | Z22: =W22+X22-Y22 -> 0 | AA22: =AD21 -> #REF! | AB22: =AC22 -> #REF! | AC22: ='Daily CEM-1'!#REF! -> #REF! | AD22: =AA22+AB22-AC22 -> #REF! | AF22: =E22+Q22+Clinker!EK22+AC22 -> #REF! | AH22: =Q22+U22 -> 175.31
B23: 21 | C23: =F22 -> 7516.3901 | D23: 22.96 | E23: ='Daily CEM-1'!AI24+'Daily CEM - 2'!AH24 -> 49.75 | F23: =C23+D23-E23 -> 7489.6001 | G23: =J22 -> 0.24 | H23: 0 | I23: ='Daily CEM-1'!AK24 -> 0 | J23: =G23+H23-I23 -> 0.24 | K23: =N22 -> 0 | L23: 0 | M23: ='Daily CEM-1'!AJ24 -> 0 | N23: =K23+L23-M23 -> 0 | P23: 0 | Q23: ='Daily CEM-1'!AH24+'Daily CEM - 2'!AG24 -> 216.65 | S23: =V22 -> 0 | T23: 0 | U23: 0 | V23: =S23+T23-U23 -> 0 | W23: =Z22 -> 0 | X23: 0 | Y23: 0 | Z23: =W23+X23-Y23 -> 0 | AA23: =AD22 -> #REF! | AB23: =AC23 -> #REF! | AC23: ='Daily CEM-1'!#REF! -> #REF! | AD23: =AA23+AB23-AC23 -> #REF! | AF23: =E23+Q23+Clinker!EK23+AC23 -> #REF! | AH23: =Q23+U23 -> 216.65
B24: 22 | C24: =F23 -> 7489.6001 | D24: 0 | E24: ='Daily CEM-1'!AI25+'Daily CEM - 2'!AH25 -> 10.5 | F24: =C24+D24-E24 -> 7479.1001 | G24: =J23 -> 0.24 | H24: 0 | I24: ='Daily CEM-1'!AK25 -> 0 | J24: =G24+H24-I24 -> 0.24 | K24: =N23 -> 0 | L24: 0 | M24: ='Daily CEM-1'!AJ25 -> 0 | N24: =K24+L24-M24 -> 0 | P24: 0 | Q24: ='Daily CEM-1'!AH25+'Daily CEM - 2'!AG25 -> 37.8 | S24: =V23 -> 0 | T24: 0 | U24: 0 | V24: =S24+T24-U24 -> 0 | W24: =Z23 -> 0 | X24: 0 | Y24: 0 | Z24: =W24+X24-Y24 -> 0 | AA24: =AD23 -> #REF! | AB24: =AC24 -> #REF! | AC24: ='Daily CEM-1'!#REF! -> #REF! | AD24: =AA24+AB24-AC24 -> #REF! | AF24: =E24+Q24+Clinker!EK24+AC24 -> #REF! | AH24: =Q24+U24 -> 37.8
B25: 23 | C25: =F24 -> 7479.1001 | D25: 0 | E25: ='Daily CEM-1'!AI26+'Daily CEM - 2'!AH26 -> 10.6 | F25: =C25+D25-E25 -> 7468.5001 | G25: =J24 -> 0.24 | H25: 0 | I25: ='Daily CEM-1'!AK26 -> 0 | J25: =G25+H25-I25 -> 0.24 | K25: =N24 -> 0 | L25: 0 | M25: ='Daily CEM-1'!AJ26 -> 0 | N25: =K25+L25-M25 -> 0 | P25: 0 | Q25: ='Daily CEM-1'!AH26+'Daily CEM - 2'!AG26 -> 38.58 | S25: =V24 -> 0 | T25: 0 | U25: 0 | V25: =S25+T25-U25 -> 0 | W25: =Z24 -> 0 | X25: 0 | Y25: 0 | Z25: =W25+X25-Y25 -> 0 | AA25: =AD24 -> #REF! | AB25: =AC25 -> #REF! | AC25: ='Daily CEM-1'!#REF! -> #REF! | AD25: =AA25+AB25-AC25 -> #REF! | AF25: =E25+Q25+Clinker!EK25+AC25 -> #REF! | AH25: =Q25+U25 -> 38.58
B26: 24 | C26: =F25 -> 7468.5001 | D26: 30.84 | E26: ='Daily CEM-1'!AI27+'Daily CEM - 2'!AH27 -> 44 | F26: =C26+D26-E26 -> 7455.3401 | G26: =J25 -> 0.24 | H26: 0 | I26: ='Daily CEM-1'!AK27 -> 0 | J26: =G26+H26-I26 -> 0.24 | K26: =N25 -> 0 | L26: 0 | M26: ='Daily CEM-1'!AJ27 -> 0 | N26: =K26+L26-M26 -> 0 | P26: 0 | Q26: ='Daily CEM-1'!AH27+'Daily CEM - 2'!AG27 -> 158.4 | S26: =V25 -> 0 | T26: 0 | U26: 0 | V26: =S26+T26-U26 -> 0 | W26: =Z25 -> 0 | X26: 0 | Y26: 0 | Z26: =W26+X26-Y26 -> 0 | AA26: =AD25 -> #REF! | AB26: =AC26 -> #REF! | AC26: ='Daily CEM-1'!#REF! -> #REF! | AD26: =AA26+AB26-AC26 -> #REF! | AF26: =E26+Q26+Clinker!EK26+AC26 -> #REF! | AH26: =Q26+U26 -> 158.4
B27: 25 | C27: =F26 -> 7455.3401 | D27: 0 | E27: ='Daily CEM-1'!AI28+'Daily CEM - 2'!AH28 -> 64.65 | F27: =C27+D27-E27 -> 7390.6901 | G27: =J26 -> 0.24 | H27: 0 | I27: ='Daily CEM-1'!AK28 -> 0 | J27: =G27+H27-I27 -> 0.24 | K27: =N26 -> 0 | L27: 0 | M27: ='Daily CEM-1'!AJ28 -> 0 | N27: =K27+L27-M27 -> 0 | P27: 0 | Q27: ='Daily CEM-1'!AH28+'Daily CEM - 2'!AG28 -> 233 | S27: =V26 -> 0 | T27: 0 | U27: 0 | V27: =S27+T27-U27 -> 0 | W27: =Z26 -> 0 | X27: 0 | Y27: 0 | Z27: =W27+X27-Y27 -> 0 | AA27: =AD26 -> #REF! | AB27: =AC27 -> #REF! | AC27: ='Daily CEM-1'!#REF! -> #REF! | AD27: =AA27+AB27-AC27 -> #REF! | AF27: =E27+Q27+Clinker!EK27+AC27 -> #REF! | AH27: =Q27+U27 -> 233
B28: 26 | C28: =F27 -> 7390.6901 | D28: 0 | E28: ='Daily CEM-1'!AI29+'Daily CEM - 2'!AH29 -> 102.5 | F28: =C28+D28-E28 -> 7288.1901 | G28: =J27 -> 0.24 | H28: 0 | I28: ='Daily CEM-1'!AK29 -> 0 | J28: =G28+H28-I28 -> 0.24 | K28: =N27 -> 0 | L28: 0 | M28: ='Daily CEM-1'!AJ29 -> 0 | N28: =K28+L28-M28 -> 0 | P28: 0 | Q28: ='Daily CEM-1'!AH29+'Daily CEM - 2'!AG29 -> 358.75 | S28: =V27 -> 0 | T28: 0 | U28: 0 | V28: =S28+T28-U28 -> 0 | W28: =Z27 -> 0 | X28: 0 | Y28: 0 | Z28: =W28+X28-Y28 -> 0 | AA28: =AD27 -> #REF! | AB28: =AC28 -> #REF! | AC28: ='Daily CEM-1'!#REF! -> #REF! | AD28: =AA28+AB28-AC28 -> #REF! | AF28: =E28+Q28+Clinker!EK28+AC28 -> #REF! | AH28: =Q28+U28 -> 358.75
B29: 27 | C29: =F28 -> 7288.1901 | D29: 30.88 | E29: ='Daily CEM-1'!AI30+'Daily CEM - 2'!AH30 -> 84 | F29: =C29+D29-E29 -> 7235.0701 | G29: =J28 -> 0.24 | H29: 0 | I29: ='Daily CEM-1'!AK30 -> 0 | J29: =G29+H29-I29 -> 0.24 | K29: =N28 -> 0 | L29: 0 | M29: ='Daily CEM-1'!AJ30 -> 0 | N29: =K29+L29-M29 -> 0 | P29: 0 | Q29: ='Daily CEM-1'!AH30+'Daily CEM - 2'!AG30 -> 302.55 | S29: =V28 -> 0 | T29: 0 | U29: 0 | V29: =S29+T29-U29 -> 0 | W29: =Z28 -> 0 | X29: 0 | Y29: 0 | Z29: =W29+X29-Y29 -> 0 | AA29: =AD28 -> #REF! | AB29: =AC29 -> #REF! | AC29: ='Daily CEM-1'!#REF! -> #REF! | AD29: =AA29+AB29-AC29 -> #REF! | AF29: =E29+Q29+Clinker!EK29+AC29 -> #REF! | AH29: =Q29+U29 -> 302.55
B30: 28 | C30: =F29 -> 7235.0701 | D30: 29.76 | E30: ='Daily CEM-1'!AI31+'Daily CEM - 2'!AH31 -> 43.25 | F30: =C30+D30-E30 -> 7221.5801 | G30: =J29 -> 0.24 | H30: 0 | I30: ='Daily CEM-1'!AK31 -> 0 | J30: =G30+H30-I30 -> 0.24 | K30: =N29 -> 0 | L30: 0 | M30: ='Daily CEM-1'!AJ31 -> 0 | N30: =K30+L30-M30 -> 0 | P30: 0 | Q30: ='Daily CEM-1'!AH31+'Daily CEM - 2'!AG31 -> 164.7 | S30: =V29 -> 0 | T30: 0 | U30: 0 | V30: =S30+T30-U30 -> 0 | W30: =Z29 -> 0 | X30: 0 | Y30: 0 | Z30: =W30+X30-Y30 -> 0 | AA30: =AD29 -> #REF! | AB30: =AC30 -> #REF! | AC30: ='Daily CEM-1'!#REF! -> #REF! | AD30: =AA30+AB30-AC30 -> #REF! | AF30: =E30+Q30+Clinker!EK30+AC30 -> #REF! | AH30: =Q30+U30 -> 164.7
B31: 29 | C31: =F30 -> 7221.5801 | D31: 0 | E31: ='Daily CEM-1'!AI32+'Daily CEM - 2'!AH32 -> 72.5 | F31: =C31+D31-E31 -> 7149.0801 | G31: =J30 -> 0.24 | H31: 0 | I31: ='Daily CEM-1'!AK32 -> 0 | J31: =G31+H31-I31 -> 0.24 | K31: =N30 -> 0 | L31: 0 | M31: ='Daily CEM-1'!AJ32 -> 0 | N31: =K31+L31-M31 -> 0 | P31: 0 | Q31: ='Daily CEM-1'!AH32+'Daily CEM - 2'!AG32 -> 273.9 | S31: =V30 -> 0 | T31: 0 | U31: 0 | V31: =S31+T31-U31 -> 0 | W31: =Z30 -> 0 | X31: 0 | Y31: 0 | Z31: =W31+X31-Y31 -> 0 | AA31: =AD30 -> #REF! | AB31: =AC31 -> #REF! | AC31: ='Daily CEM-1'!#REF! -> #REF! | AD31: =AA31+AB31-AC31 -> #REF! | AF31: =E31+Q31+Clinker!EK31+AC31 -> #REF! | AH31: =Q31+U31 -> 273.9
B32: 30 | C32: =F31 -> 7149.0801 | D32: 0 | E32: ='Daily CEM-1'!AI33+'Daily CEM - 2'!AH33 -> 72 | F32: =C32+D32-E32 -> 7077.0801 | G32: =J31 -> 0.24 | H32: 0 | I32: ='Daily CEM-1'!AK33 -> 0 | J32: =G32+H32-I32 -> 0.24 | K32: =N31 -> 0 | L32: 0 | M32: ='Daily CEM-1'!AJ33 -> 0 | N32: =K32+L32-M32 -> 0 | P32: 0 | Q32: ='Daily CEM-1'!AH33+'Daily CEM - 2'!AG33 -> 237.6 | S32: =V31 -> 0 | T32: 0 | U32: 0 | V32: =S32+T32-U32 -> 0 | W32: =Z31 -> 0 | X32: 0 | Y32: 0 | Z32: =W32+X32-Y32 -> 0 | AA32: =AD31 -> #REF! | AB32: =AC32 -> #REF! | AC32: ='Daily CEM-1'!#REF! -> #REF! | AD32: =AA32+AB32-AC32 -> #REF! | AF32: =E32+Q32+Clinker!EK32+AC32 -> #REF! | AH32: =Q32+U32 -> 237.6
B33: 31 | C33: =F32 -> 7077.0801 | D33: 0 | E33: ='Daily CEM-1'!AI34+'Daily CEM - 2'!AH34 -> 0 | F33: =C33+D33-E33 -> 7077.0801 | G33: =J32 -> 0.24 | H33: 0 | I33: ='Daily CEM-1'!AK33 -> 0 | J33: =G33+H33-I33 -> 0.24 | K33: =N32 -> 0 | L33: 0 | M33: ='Daily CEM-1'!AJ34 -> 0 | N33: =K33+L33-M33 -> 0 | P33: 0 | Q33: ='Daily CEM-1'!AH34+'Daily CEM - 2'!AG34 -> 0 | S33: =V32 -> 0 | T33: 0 | U33: 0 | V33: =S33+T33-U33 -> 0 | W33: =Z32 -> 0 | X33: 0 | Y33: 0 | Z33: =W33+X33-Y33 -> 0 | AA33: =AD32 -> #REF! | AB33: =AC33 -> #REF! | AC33: ='Daily CEM-1'!#REF! -> #REF! | AD33: =AA33+AB33-AC33 -> #REF! | AF33: =E33+Q33+Clinker!#REF!+AC33 -> #REF! | AH33: =Q33+U33 -> 0
B34: MTD | C34: =SUM(C3:C33) -> 231566.06 | D34: =SUM(D3:D33) -> 1970.9 | E34: =SUM(E3:E33) -> 2339.2 | F34: 0 | G34: =SUM(G3:G33) -> 7.44 | H34: =SUM(H3:H33) -> 0 | I34: =SUM(I3:I33) -> 0 | J34: =SUM(J3:J33) -> 7.44 | K34: =SUM(K3:K33) -> 0 | L34: =SUM(L3:L33) -> 0 | M34: =SUM(M3:M33) -> 0 | N34: =SUM(N3:N33) -> 0 | O34: =R33 -> 0 | P34: =SUM(P3:P33) -> 0 | Q34: =SUM(Q3:Q33) -> 8631.82 | R34: =SUM(R3:R33) -> 0 | S34: =V33 -> 0 | T34: =SUM(T3:T33) -> 0 | U34: =SUM(U3:U33) -> 0 | V34: =SUM(V3:V33) -> 0 | W34: =Z33 -> 0 | X34: =SUM(X3:X33) -> 0 | Y34: =SUM(Y3:Y33) -> 0 | Z34: =SUM(Z3:Z33) -> 0 | AA34: =SUM(AA3:AA33) -> #REF! | AB34: =SUM(AB3:AB33) -> #REF! | AC34: =SUM(AC3:AC33) -> #REF! | AD34: =AA34+AB34-AC34 -> #REF! | AF34: =E34+Q34+Clinker!EK34+AC34 -> #REF!
B35: YTD | D35: =D36+D34 -> 1970.9 | E35: =E36+E34 -> 2339.2 | F35: 0 | H35: =H36+H34 -> 0 | I35: =I36+I34 -> 0 | K35: =K36+K34 -> 0 | L35: =L36+L34 -> 0 | M35: =M36+M34 -> 0 | P35: =P36+P34 -> 0 | Q35: =Q36+Q34 -> 8631.82 | T35: =T36+T34 -> 0 | U35: =U36+U34 -> 0 | X35: =X36+X34 -> 0 | Y35: =Y36+Y34 -> 0 | AA35: 0 | AB35: =AB36+AB34 -> #REF! | AC35: =AC36+AC34 -> #REF! | AF35: 164201.04
B36: YTD | D36: 0 | E36: 0 | F36: 0 | H36: 0 | I36: 0 | K36: 0 | L36: 0 | M36: 0 | P36: 0 | Q36: 0 | T36: 0 | U36: 0 | X36: 0 | Y36: 0 | AA36: 0 | AB36: 0 | AC36: 0 | AF36: 164201.04

Sheet Production2
B1: JAN | C1: Crushed limestone | G1: Raw Mill-1 | P1: RAW MILL 2 | S1: Coal Mill | Y1: Kiln | AB1: Cement Mill (42.5) | AE1: Cement Mill (32.5 | AH1: Cement Mill (42.5N) | AK1: Cement Mill (OPC) | AN1: Cement Mill (42.5N BM) | AQ1: Cement Mill- 2 (42.5) | AT1: Cement Mill -2 (32.5 | AW1: Cement Mill -2(42.5N) | AZ1: Cement Mill -2(OPC) | BC1: Cement Mill -2(42.5 N BM) | BF1: Dipatch 42.5 | BJ1: Dispatch32.5 | BN1: Dispatch 42.5N | BR1: Dispatch OPC | BV1: Dispatch 42.5N BM
B2: Date | C2: Rng Hrs | D2: Production | E2: CONSUMPTION | F2: TPH | G2: Rng Hrs | H2: Opening | I2: Closing | J2: Act Silo level | K2: total consumption | L2: Clin. Con | M2: Cement con | N2: Production | O2: TPH | P2: Rng Hrs | Q2: PRODUCTION | R2: TPH | S2: Rng Hrs | T2: Opening | U2: Production | V2: consumption | W2: Closing | X2: TPH | Y2: Rng Hrs | Z2: Production | AA2: TPH | AB2: Rng Hrs | AC2: Production | AD2: TPH | AE2: Rng Hrs | AF2: Production | AG2: TPH | AH2: Rng Hrs | AI2: Production | AJ2: TPH | AK2: Rng Hrs | AL2: Production | AM2: TPH | AN2: Rng Hrs | AO2: Production | AP2: TPH | AQ2: Rng Hrs | AR2: Production | AS2: TPH | AT2: Rng Hrs | AU2: Production | AV2: TPH | AW2: Rng Hrs | AX2: Production | AY2: TPH | AZ2: Rng Hrs | BA2: Production | BB2: TPH | BC2: Rng Hrs | BD2: Production | BE2: TPH | BF2: Opning | BG2: Production | BH2: Dispatch | BI2: Silo Closing | BJ2: Opning | BK2: Production | BL2: Dispatch | BM2: Silo Closing | BN2: Opning | BO2: Production | BP2: Dispatch | BQ2: Silo Closing | BR2: Opning | BS2: Production | BT2: Dispatch | BU2: Silo Closing | BV2: Opning | BW2: Production | BX2: Dispatch | BY2: Silo Closing | BZ2: Actual Silo 1 | CA2: Actual Silo 2 | CB2: Actual silo 3 | CC2: Total | CD2: Total Book | CE2: Diff | CF2: Total dispatch | CG2: Total Grinding | CH2: R/MILL DIFF | CL2: RAW MILL | CM2: COAL | CN2: CEM- 1 | CO2: CEM-2 | CP2: KILN | CS2: CEM-1 | CT2: CEM-2
B3: 1 | C3: 0 | D3: ='Mines (2)'!D3+'Mines (2)'!I3+'Mines (2)'!W3+'Mines (2)'!AA3+'Mines (2)'!AE3 -> 401.14 | E3: ='Mines (2)'!E3+'Mines (2)'!J3+'Mines (2)'!X3+'Mines (2)'!AB3+'Mines (2)'!AF3 -> 0 | F3: =D3/C3 -> #DIV/0! | G3: 0 | H3: =1996.00001683752-2.27 -> 1993.73 | I3: =H3+(N3)+(Q3)-K3 -> 1993.73 | J3: 0 | K3: =L3 -> 0 | L3: =Clinker!EJ3*1.55 -> 0 | M3: 0 | N3: 0 | O3: =N3/G3 -> #DIV/0! | P3: 0 | Q3: 0 | R3: =Q3/P3 -> #DIV/0! | S3: 0 | T3: 15.51 | U3: 0 | V3: 0 | W3: =T3+U3-V3 -> 15.51 | X3: =U3/S3 -> #DIV/0! | Y3: 0 | Z3: =Clinker!EJ3 -> 0 | AA3: =Z3/Y3 -> #DIV/0! | AB3: ='Daily CEM-1'!H4 -> 20.4 | AC3: ='Daily CEM-1'!C4 -> 1250 | AD3: =AC3/AB3 -> 61.27451 | AE3: ='Daily CEM-1'!I4 -> 0 | AF3: ='Daily CEM-1'!D4 -> 0 | AG3: =AF3/AE3 -> #DIV/0! | AH3: ='Daily CEM-1'!J4 -> 0 | AI3: ='Daily CEM-1'!E4 -> 0 | AK3: ='Daily CEM-1'!K4 -> 0 | AL3: ='Daily CEM-1'!F4 -> 0 | AM3: =AL3/AK3 -> #DIV/0! | AN3: ='Daily CEM-1'!L4 -> 3 | AO3: ='Daily CEM-1'!G4 -> 190 | AP3: =AO3/AN3 -> 63.333333 | AQ3: ='Daily CEM - 2'!H4 -> 14 | AR3: ='Daily CEM - 2'!C4 -> 812 | AS3: =AR3/AQ3 -> 58 | AT3: ='Daily CEM - 2'!I4 -> 3 | AU3: ='Daily CEM - 2'!D4 -> 180 | AV3: =AU3/AT3 -> 60 | AW3: ='Daily CEM - 2'!J4 -> 0 | AX3: ='Daily CEM - 2'!E4 -> 0 | AY3: =AX3/AW3 -> #DIV/0! | AZ3: ='Daily CEM - 2'!K4 -> 0 | BA3: ='Daily CEM - 2'!F4 -> 0 | BB3: =BA3/AZ3 -> #DIV/0! | BC3: ='Daily CEM - 2'!L4 -> 0 | BD3: ='Daily CEM - 2'!G4 -> 0 | BE3: =BD3/BC3 -> #DIV/0! | BF3: =1277.58799999998+0.97 -> 1278.558 | BG3: =AC3+AR3 -> 2062 | BH3: 1888.5 | BI3: =BF3+BG3-BH3-'Internal use cement'!F3 -> 1452.058 | BJ3: =232.85-0.55 -> 232.3 | BK3: =AF3+AU3 -> 180 | BL3: 151 | BM3: =BJ3+BK3-BL3-'Internal use cement'!AB3 -> 261.3 | BN3: =2.69000000000085-0.75 -> 1.94 | BO3: =AI3+AX3 -> 0 | BP3: 0 | BQ3: =BN3+BO3-BP3-'Internal use cement'!Q3 -> 1.94 | BR3: 213.3 | BS3: =BA3+AL3 -> 0 | BT3: 60 | BU3: =BR3+BS3-BT3-'Internal use cement'!AG3 -> 153.3 | BV3: 373.71 | BW3: =AO3+BD3 -> 190 | BX3: 301 | BY3: =BV3+BW3-BX3 -> 262.71 | BZ3: 668 | CA3: 1894 | CB3: 0 | CC3: =SUM(BZ3:CB3) -> 2562 | CD3: =BI3+BM3+BQ3+BU3+BY3 -> 2131.308 | CE3: =CC3-CD3 -> 430.692 | CF3: =BH3+BL3+BP3+BT3+BX3 -> 2400.5 | CG3: =AC3+AF3+AI3+AR3+AU3+AX3+BA3+AL3+BW3 -> 2432 | CH3: =J3-I3 -> -1993.73 | CI3: =BF3+BJ3 -> 1510.858 | CJ3: =AB3+AH3+AE3 -> 20.4 | CK3: 1 | CL3: =24-G3 -> 24 | CM3: =24-S3 -> 24 | CN3: =24-CS3 -> 0.6 | CO3: =24-CT3 -> 7 | CP3: =24-Y3 -> 24 | CQ3: 1 | CR3: =AR3+AU3+AX3 -> 992 | CS3: ='Daily CEM-1'!H4+'Daily CEM-1'!I4+'Daily CEM-1'!J4+'Daily CEM-1'!K4+'Daily CEM-1'!L4 -> 23.4 | CT3: =AQ3+AT3+AW3+'Daily CEM - 2'!K4+'Daily CEM - 2'!L4 -> 17 | CU3: =24-CS3 -> 0.6 | CW3: =N3+Q3 -> 0
B4: 2 | C4: 2.25 | D4: ='Mines (2)'!D4+'Mines (2)'!I4+'Mines (2)'!W4+'Mines (2)'!AA4+'Mines (2)'!AE4 -> 808.48 | E4: ='Mines (2)'!E4+'Mines (2)'!J4+'Mines (2)'!X4+'Mines (2)'!AB4+'Mines (2)'!AF4 -> 0 | F4: =D4/C4 -> 359.32444 | G4: 0 | H4: =I3 -> 1993.73 | I4: =H4+(N4)+(Q4)-K4 -> 1993.73 | J4: 0 | K4: =L4 -> 0 | L4: =Clinker!EJ4*1.55 -> 0 | M4: 0 | N4: 0 | O4: =N4/G4 -> #DIV/0! | P4: 0 | Q4: 0 | R4: =Q4/P4 -> #DIV/0! | S4: 4 | T4: =W3 -> 15.51 | U4: 10 | V4: 0 | W4: =T4+U4-V4 -> 25.51 | X4: =U4/S4 -> 2.5 | Y4: 0 | Z4: =Clinker!EJ4 -> 0 | AA4: =Z4/Y4 -> #DIV/0! | AB4: ='Daily CEM-1'!H5 -> 20 | AC4: ='Daily CEM-1'!C5 -> 1158 | AD4: =AC4/AB4 -> 57.9 | AE4: ='Daily CEM-1'!I5 -> 0 | AF4: ='Daily CEM-1'!D5 -> 0 | AG4: =AF4/AE4 -> #DIV/0! | AH4: ='Daily CEM-1'!J5 -> 0 | AI4: ='Daily CEM-1'!E5 -> 0 | AK4: ='Daily CEM-1'!K5 -> 0 | AL4: ='Daily CEM-1'!F5 -> 0 | AM4: =AL4/AK4 -> #DIV/0! | AN4: ='Daily CEM-1'!L5 -> 4 | AO4: ='Daily CEM-1'!G5 -> 252 | AP4: =AO4/AN4 -> 63 | AQ4: ='Daily CEM - 2'!H5 -> 21 | AR4: ='Daily CEM - 2'!C5 -> 1145 | AS4: =AR4/AQ4 -> 54.52381 | AT4: ='Daily CEM - 2'!I5 -> 0 | AU4: ='Daily CEM - 2'!D5 -> 0 | AV4: =AU4/AT4 -> #DIV/0! | AW4: ='Daily CEM - 2'!J5 -> 0 | AX4: ='Daily CEM - 2'!E5 -> 0 | AY4: =AX4/AW4 -> #DIV/0! | AZ4: ='Daily CEM - 2'!K5 -> 3 | BA4: ='Daily CEM - 2'!F5 -> 165 | BB4: =BA4/AZ4 -> 55 | BC4: ='Daily CEM - 2'!L5 -> 0 | BD4: ='Daily CEM - 2'!G5 -> 0 | BE4: =BD4/BC4 -> #DIV/0! | BF4: =BI3 -> 1452.058 | BG4: =AC4+AR4 -> 2303 | BH4: 2431.15 | BI4: =BF4+BG4-BH4-'Internal use cement'!F4 -> 1323.908 | BJ4: =BM3 -> 261.3 | BK4: =AF4+AU4 -> 0 | BL4: 0 | BM4: =BJ4+BK4-BL4-'Internal use cement'!AB4 -> 261.3 | BN4: =BQ3 -> 1.94 | BO4: =AI4+AX4 -> 0 | BP4: 0 | BQ4: =BN4+BO4-BP4-'Internal use cement'!Q4 -> 1.94 | BR4: =BU3 -> 153.3 | BS4: =BA4+AL4 -> 165 | BT4: 183 | BU4: =BR4+BS4-BT4-'Internal use cement'!AG4 -> 135.3 | BV4: =BY3 -> 262.71 | BW4: =AO4+BD4 -> 252 | BX4: 359.66 | BY4: =BV4+BW4-BX4 -> 155.05 | BZ4: 594 | CA4: 1718 | CB4: 76 | CC4: =SUM(BZ4:CB4) -> 2388 | CD4: =BI4+BM4+BQ4+BU4+BY4 -> 1877.498 | CE4: =CC4-CD4 -> 510.502 | CF4: =BH4+BL4+BP4+BT4+BX4 -> 2973.81 | CG4: =AC4+AF4+AI4+AR4+AU4+AX4+BA4+AL4+BW4 -> 2720 | CH4: =J4-I4 -> -1993.73 | CJ4: =AB4+AH4+AE4 -> 20 | CK4: 2 | CL4: =24-G4 -> 24 | CM4: =24-S4 -> 20 | CN4: =24-CS4 -> 0 | CO4: =24-CT4 -> 0 | CP4: =24-Y4 -> 24 | CQ4: 2 | CR4: =AR4+AU4+AX4 -> 1145 | CS4: ='Daily CEM-1'!H5+'Daily CEM-1'!I5+'Daily CEM-1'!J5+'Daily CEM-1'!K5+'Daily CEM-1'!L5 -> 24 | CT4: =AQ4+AT4+AW4+'Daily CEM - 2'!K5+'Daily CEM - 2'!L5 -> 24 | CU4: =24-CS4 -> 0 | CW4: =N4+Q4 -> 0
B5: 3 | C5: 0 | D5: ='Mines (2)'!D5+'Mines (2)'!I5+'Mines (2)'!W5+'Mines (2)'!AA5+'Mines (2)'!AE5 -> 239.08 | E5: ='Mines (2)'!E5+'Mines (2)'!J5+'Mines (2)'!X5+'Mines (2)'!AB5+'Mines (2)'!AF5 -> 488 | F5: =D5/C5 -> #DIV/0! | G5: 4.12 | H5: =I4 -> 1993.73 | I5: =H5+(N5)+(Q5)-K5 -> 1589.73 | J5: 2480 | K5: =L5 -> 852.5 | L5: =Clinker!EJ5*1.55 -> 852.5 | M5: 0 | N5: 448.5 | O5: =N5/G5 -> 108.85922 | P5: 0 | Q5: 0 | R5: =Q5/P5 -> #DIV/0! | S5: 11 | T5: =W4 -> 25.51 | U5: 120 | V5: 128 | W5: =T5+U5-V5 -> 17.51 | X5: =U5/S5 -> 10.909091 | Y5: 11.45 | Z5: =Clinker!EJ5 -> 550 | AA5: =Z5/Y5 -> 48.034934 | AB5: ='Daily CEM-1'!H6 -> 15.57 | AC5: ='Daily CEM-1'!C6 -> 948 | AD5: =AC5/AB5 -> 60.88632 | AE5: ='Daily CEM-1'!I6 -> 0 | AF5: ='Daily CEM-1'!D6 -> 0 | AG5: =AF5/AE5 -> #DIV/0! | AH5: ='Daily CEM-1'!J6 -> 0 | AI5: ='Daily CEM-1'!E6 -> 0 | AK5: ='Daily CEM-1'!K6 -> 0 | AL5: ='Daily CEM-1'!F6 -> 0 | AM5: =AL5/AK5 -> #DIV/0! | AN5: ='Daily CEM-1'!L6 -> 6 | AO5: ='Daily CEM-1'!G6 -> 382 | AP5: =AO5/AN5 -> 63.666667 | AQ5: ='Daily CEM - 2'!H6 -> 18 | AR5: ='Daily CEM - 2'!C6 -> 1070 | AS5: =AR5/AQ5 -> 59.444444 | AT5: ='Daily CEM - 2'!I6 -> 0 | AU5: ='Daily CEM - 2'!D6 -> 0 | AV5: =AU5/AT5 -> #DIV/0! | AW5: ='Daily CEM - 2'!J6 -> 0 | AX5: ='Daily CEM - 2'!E6 -> 0 | AY5: =AX5/AW5 -> #DIV/0! | AZ5: ='Daily CEM - 2'!K6 -> 2 | BA5: ='Daily CEM - 2'!F6 -> 110 | BB5: =BA5/AZ5 -> 55 | BC5: ='Daily CEM - 2'!L6 -> 0 | BD5: ='Daily CEM - 2'!G6 -> 0 | BE5: =BD5/BC5 -> #DIV/0! | BF5: =BI4 -> 1323.908 | BG5: =AC5+AR5 -> 2018 | BH5: 1717 | BI5: =BF5+BG5-BH5-'Internal use cement'!F5 -> 1624.908 | BJ5: =BM4 -> 261.3 | BK5: =AF5+AU5 -> 0 | BL5: 61 | BM5: =BJ5+BK5-BL5-'Internal use cement'!AB5 -> 200.3 | BN5: =BQ4 -> 1.94 | BO5: =AI5+AX5 -> 0 | BP5: 0 | BQ5: =BN5+BO5-BP5-'Internal use cement'!Q5 -> 1.94 | BR5: =BU4 -> 135.3 | BS5: =BA5+AL5 -> 110 | BT5: 61 | BU5: =BR5+BS5-BT5-'Internal use cement'!AG5 -> 184.3 | BV5: =BY4 -> 155.05 | BW5: =AO5+BD5 -> 382 | BX5: 301.88 | BY5: =BV5+BW5-BX5 -> 235.17 | BZ5: 752 | CA5: 1842 | CB5: 77 | CC5: =SUM(BZ5:CB5) -> 2671 | CD5: =BI5+BM5+BQ5+BU5+BY5 -> 2246.618 | CE5: =CC5-CD5 -> 424.382 | CF5: =BH5+BL5+BP5+BT5+BX5 -> 2140.88 | CG5: =AC5+AF5+AI5+AR5+AU5+AX5+BA5+AL5+BW5 -> 2510 | CH5: =J5-I5 -> 890.26998 | CJ5: =AB5+AH5+AE5 -> 15.57 | CK5: 3 | CL5: =24-G5 -> 19.88 | CM5: =24-S5 -> 13 | CN5: =24-CS5 -> 2.43 | CO5: =24-CT5 -> 4 | CP5: =24-Y5 -> 12.55 | CQ5: 3 | CR5: =AR5+AU5+AX5 -> 1070 | CS5: ='Daily CEM-1'!H6+'Daily CEM-1'!I6+'Daily CEM-1'!J6+'Daily CEM-1'!K6+'Daily CEM-1'!L6 -> 21.57 | CT5: =AQ5+AT5+AW5+'Daily CEM - 2'!K6+'Daily CEM - 2'!L6 -> 20 | CU5: =24-CS5 -> 2.43 | CW5: =N5+Q5 -> 448.5
B6: 4 | C6: 11.7 | D6: ='Mines (2)'!D6+'Mines (2)'!I6+'Mines (2)'!W6+'Mines (2)'!AA6+'Mines (2)'!AE6 -> 2165.9 | E6: ='Mines (2)'!E6+'Mines (2)'!J6+'Mines (2)'!X6+'Mines (2)'!AB6+'Mines (2)'!AF6 -> 1137 | F6: =D6/C6 -> 185.11966 | G6: 9 | H6: =I5 -> 1589.73 | I6: =H6+(N6)+(Q6)-K6 -> 1471.92 | J6: 2716 | K6: =L6 -> 1162.5 | L6: =Clinker!EJ6*1.55 -> 1162.5 | M6: 0 | N6: 1044.69 | O6: =N6/G6 -> 116.07667 | P6: 0 | Q6: 0 | R6: =Q6/P6 -> #DIV/0! | S6: 8 | T6: =W5 -> 17.51 | U6: 124 | V6: 124 | W6: =T6+U6-V6 -> 17.51 | X6: =U6/S6 -> 15.5 | Y6: 11.4 | Z6: =Clinker!EJ6 -> 750 | AA6: =Z6/Y6 -> 65.789474 | AB6: ='Daily CEM-1'!H7 -> 11.8 | AC6: ='Daily CEM-1'!C7 -> 750 | AD6: =AC6/AB6 -> 63.559322 | AE6: ='Daily CEM-1'!I7 -> 0 | AF6: ='Daily CEM-1'!D7 -> 0 | AG6: =AF6/AE6 -> #DIV/0! | AH6: ='Daily CEM-1'!J7 -> 0 | AI6: ='Daily CEM-1'!E7 -> 0 | AK6: ='Daily CEM-1'!K7 -> 0 | AL6: ='Daily CEM-1'!F7 -> 0 | AM6: =AL6/AK6 -> #DIV/0! | AN6: ='Daily CEM-1'!L7 -> 2 | AO6: ='Daily CEM-1'!G7 -> 130 | AP6: =AO6/AN6 -> 65 | AQ6: ='Daily CEM - 2'!H7 -> 23.62 | AR6: ='Daily CEM - 2'!C7 -> 1346 | AS6: =AR6/AQ6 -> 56.985605 | AT6: ='Daily CEM - 2'!I7 -> 0 | AU6: ='Daily CEM - 2'!D7 -> 0 | AV6: =AU6/AT6 -> #DIV/0! | AW6: ='Daily CEM - 2'!J7 -> 0 | AX6: ='Daily CEM - 2'!E7 -> 0 | AY6: =AX6/AW6 -> #DIV/0! | AZ6: ='Daily CEM - 2'!K7 -> 0 | BA6: ='Daily CEM - 2'!F7 -> 0 | BB6: =BA6/AZ6 -> #DIV/0! | BC6: ='Daily CEM - 2'!L7 -> 0 | BD6: ='Daily CEM - 2'!G7 -> 0 | BE6: =BD6/BC6 -> #DIV/0! | BF6: =BI5 -> 1624.908 | BG6: =AC6+AR6 -> 2096 | BH6: 1419.98 | BI6: =BF6+BG6-BH6-'Internal use cement'!F6 -> 2300.928 | BJ6: =BM5 -> 200.3 | BK6: =AF6+AU6 -> 0 | BL6: 30 | BM6: =BJ6+BK6-BL6-'Internal use cement'!AB6 -> 170.3 | BN6: =BQ5 -> 1.94 | BO6: =AI6+AX6 -> 0 | BP6: 0 | BQ6: =BN6+BO6-BP6-'Internal use cement'!Q6 -> 1.94 | BR6: =BU5 -> 184.3 | BS6: =BA6+AL6 -> 0 | BT6: 92 | BU6: =BR6+BS6-BT6-'Internal use cement'!AG6 -> 92.3 | BV6: =BY5 -> 235.17 | BW6: =AO6+BD6 -> 130 | BX6: 150.98 | BY6: =BV6+BW6-BX6 -> 214.19 | BZ6: 1109 | CA6: 2262 | CB6: 131 | CC6: =SUM(BZ6:CB6) -> 3502 | CD6: =BI6+BM6+BQ6+BU6+BY6 -> 2779.658 | CE6: =CC6-CD6 -> 722.342 | CF6: =BH6+BL6+BP6+BT6+BX6 -> 1692.96 | CG6: =AC6+AF6+AI6+AR6+AU6+AX6+BA6+AL6+BW6 -> 2226 | CH6: =J6-I6 -> 1244.08 | CJ6: =AB6+AH6+AE6 -> 11.8 | CK6: 4 | CL6: =24-G6 -> 15 | CM6: =24-S6 -> 16 | CN6: =24-CS6 -> 10.2 | CO6: =24-CT6 -> 0.38 | CP6: =24-Y6 -> 12.6 | CQ6: 4 | CR6: =AR6+AU6+AX6 -> 1346 | CS6: ='Daily CEM-1'!H7+'Daily CEM-1'!I7+'Daily CEM-1'!J7+'Daily CEM-1'!K7+'Daily CEM-1'!L7 -> 13.8 | CT6: =AQ6+AT6+AW6+'Daily CEM - 2'!K7+'Daily CEM - 2'!L7 -> 23.62 | CU6: =24-CS6 -> 10.2 | CW6: =N6+Q6 -> 1044.69
B7: 5 | C7: 4.92 | D7: ='Mines (2)'!D7+'Mines (2)'!I7+'Mines (2)'!W7+'Mines (2)'!AA7+'Mines (2)'!AE7 -> 1485.38 | E7: ='Mines (2)'!E7+'Mines (2)'!J7+'Mines (2)'!X7+'Mines (2)'!AB7+'Mines (2)'!AF7 -> 0 | F7: =D7/C7 -> 301.9065 | G7: 0 | H7: =I6 -> 1471.92 | I7: =H7+(N7)+(Q7)-K7 -> 1471.92 | J7: 0 | K7: =L7 -> 0 | L7: =Clinker!EJ7*1.55 -> 0 | M7: 0 | N7: 0 | O7: =N7/G7 -> #DIV/0! | P7: 0 | Q7: 0 | R7: =Q7/P7 -> #DIV/0! | S7: 0 | T7: =W6 -> 17.51 | U7: 0 | V7: 0 | W7: =T7+U7-V7 -> 17.51 | X7: =U7/S7 -> #DIV/0! | Y7: 0 | Z7: =Clinker!EJ7 -> 0 | AA7: =Z7/Y7 -> #DIV/0! | AB7: ='Daily CEM-1'!H8 -> 7.42 | AC7: ='Daily CEM-1'!C8 -> 490 | AD7: =AC7/AB7 -> 66.037736 | AE7: ='Daily CEM-1'!I8 -> 6 | AF7: ='Daily CEM-1'!D8 -> 384 | AG7: =AF7/AE7 -> 64 | AH7: ='Daily CEM-1'!J8 -> 0 | AI7: ='Daily CEM-1'!E8 -> 0 | AK7: ='Daily CEM-1'!K8 -> 0 | AL7: ='Daily CEM-1'!F8 -> 0 | AM7: =AL7/AK7 -> #DIV/0! | AN7: ='Daily CEM-1'!L8 -> 9 | AO7: ='Daily CEM-1'!G8 -> 566 | AP7: =AO7/AN7 -> 62.888889 | AQ7: ='Daily CEM - 2'!H8 -> 17 | AR7: ='Daily CEM - 2'!C8 -> 1053 | AS7: =AR7/AQ7 -> 61.941176 | AT7: ='Daily CEM - 2'!I8 -> 0 | AU7: ='Daily CEM - 2'!D8 -> 0 | AV7: =AU7/AT7 -> #DIV/0! | AW7: ='Daily CEM - 2'!J8 -> 0 | AX7: ='Daily CEM - 2'!E8 -> 0 | AY7: =AX7/AW7 -> #DIV/0! | AZ7: ='Daily CEM - 2'!K8 -> 3 | BA7: ='Daily CEM - 2'!F8 -> 165 | BB7: =BA7/AZ7 -> 55 | BC7: ='Daily CEM - 2'!L8 -> 4 | BD7: ='Daily CEM - 2'!G8 -> 252 | BE7: =BD7/BC7 -> 63 | BF7: =BI6 -> 2300.928 | BG7: =AC7+AR7 -> 1543 | BH7: 1686 | BI7: =BF7+BG7-BH7-'Internal use cement'!F7 -> 2157.928 | BJ7: =BM6 -> 170.3 | BK7: =AF7+AU7 -> 384 | BL7: 272 | BM7: =BJ7+BK7-BL7-'Internal use cement'!AB7 -> 282.3 | BN7: =BQ6 -> 1.94 | BO7: =AI7+AX7 -> 0 | BP7: 0 | BQ7: =BN7+BO7-BP7-'Internal use cement'!Q7 -> 1.94 | BR7: =BU6 -> 92.3 | BS7: =BA7+AL7 -> 165 | BT7: 90 | BU7: =BR7+BS7-BT7-'Internal use cement'!AG7 -> 167.3 | BV7: =BY6 -> 214.19 | BW7: =AO7+BD7 -> 818 | BX7: 394.58 | BY7: =BV7+BW7-BX7 -> 637.61 | BZ7: 1120 | CA7: 2307 | CB7: 281 | CC7: =SUM(BZ7:CB7) -> 3708 | CD7: =BI7+BM7+BQ7+BU7+BY7 -> 3247.078 | CE7: =CC7-CD7 -> 460.922 | CF7: =BH7+BL7+BP7+BT7+BX7 -> 2442.58 | CG7: =AC7+AF7+AI7+AR7+AU7+AX7+BA7+AL7+BW7 -> 2910 | CH7: =J7-I7 -> -1471.92 | CJ7: =AB7+AH7+AE7 -> 13.42 | CK7: 5 | CL7: =24-G7 -> 24 | CM7: =24-S7 -> 24 | CN7: =24-CS7 -> 1.58 | CO7: =24-CT7 -> 0 | CP7: =24-Y7 -> 24 | CQ7: 5 | CR7: =AR7+AU7+AX7 -> 1053 | CS7: ='Daily CEM-1'!H8+'Daily CEM-1'!I8+'Daily CEM-1'!J8+'Daily CEM-1'!K8+'Daily CEM-1'!L8 -> 22.42 | CT7: =AQ7+AT7+AW7+'Daily CEM - 2'!K8+'Daily CEM - 2'!L8 -> 24 | CU7: =24-CS7 -> 1.58 | CW7: =N7+Q7 -> 0
B8: 6 | C8: 0 | D8: ='Mines (2)'!D8+'Mines (2)'!I8+'Mines (2)'!W8+'Mines (2)'!AA8+'Mines (2)'!AE8 -> 420.1 | E8: ='Mines (2)'!E8+'Mines (2)'!J8+'Mines (2)'!X8+'Mines (2)'!AB8+'Mines (2)'!AF8 -> 2471 | F8: =D8/C8 -> #DIV/0! | G8: 18.5 | H8: =I7 -> 1471.92 | I8: =H8+(N8)+(Q8)-K8 -> 1627.02 | J8: 2920 | K8: =L8 -> 2139 | L8: =Clinker!EJ8*1.55 -> 2139 | M8: 0 | N8: 2294.1 | O8: =N8/G8 -> 124.00541 | P8: 0 | Q8: 0 | R8: =Q8/P8 -> #DIV/0! | S8: 17.86 | T8: =W7 -> 17.51 | U8: 245 | V8: 224 | W8: =T8+U8-V8 -> 38.51 | X8: =U8/S8 -> 13.717805 | Y8: 22.83 | Z8: =Clinker!EJ8 -> 1380 | AA8: =Z8/Y8 -> 60.446781 | AB8: ='Daily CEM-1'!H9 -> 13.93 | AC8: ='Daily CEM-1'!C9 -> 891 | AD8: =AC8/AB8 -> 63.96267 | AE8: ='Daily CEM-1'!I9 -> 0 | AF8: ='Daily CEM-1'!D9 -> 0 | AG8: =AF8/AE8 -> #DIV/0! | AH8: ='Daily CEM-1'!J9 -> 0 | AI8: ='Daily CEM-1'!E9 -> 0 | AK8: ='Daily CEM-1'!K9 -> 0 | AL8: ='Daily CEM-1'!F9 -> 0 | AM8: =AL8/AK8 -> #DIV/0! | AN8: ='Daily CEM-1'!L9 -> 0 | AO8: ='Daily CEM-1'!G9 -> 0 | AP8: =AO8/AN8 -> #DIV/0! | AQ8: ='Daily CEM - 2'!H9 -> 21.35 | AR8: ='Daily CEM - 2'!C9 -> 1285 | AS8: =AR8/AQ8 -> 60.187354 | AT8: ='Daily CEM - 2'!I9 -> 0 | AU8: ='Daily CEM - 2'!D9 -> 0 | AV8: =AU8/AT8 -> #DIV/0! | AW8: ='Daily CEM - 2'!J9 -> 0 | AX8: ='Daily CEM - 2'!E9 -> 0 | AY8: =AX8/AW8 -> #DIV/0! | AZ8: ='Daily CEM - 2'!K9 -> 2 | BA8: ='Daily CEM - 2'!F9 -> 110 | BB8: =BA8/AZ8 -> 55 | BC8: ='Daily CEM - 2'!L9 -> 0 | BD8: ='Daily CEM - 2'!G9 -> 0 | BE8: =BD8/BC8 -> #DIV/0! | BF8: =BI7 -> 2157.928 | BG8: =AC8+AR8 -> 2176 | BH8: 2045.5 | BI8: =BF8+BG8-BH8-'Internal use cement'!F8 -> 2288.428 | BJ8: =BM7 -> 282.3 | BK8: =AF8+AU8 -> 0 | BL8: 121 | BM8: =BJ8+BK8-BL8-'Internal use cement'!AB8 -> 161.3 | BN8: =BQ7 -> 1.94 | BO8: =AI8+AX8 -> 0 | BP8: 0 | BQ8: =BN8+BO8-BP8-'Internal use cement'!Q8 -> 1.94 | BR8: =BU7 -> 167.3 | BS8: =BA8+AL8 -> 110 | BT8: 121 | BU8: =BR8+BS8-BT8-'Internal use cement'!AG8 -> 156.3 | BV8: =BY7 -> 637.61 | BW8: =AO8+BD8 -> 0 | BX8: 150.72 | BY8: =BV8+BW8-BX8 -> 486.89 | BZ8: 1303 | CA8: 1887 | CB8: 149 | CC8: =SUM(BZ8:CB8) -> 3339 | CD8: =BI8+BM8+BQ8+BU8+BY8 -> 3094.858 | CE8: =CC8-CD8 -> 244.142 | CF8: =BH8+BL8+BP8+BT8+BX8 -> 2438.22 | CG8: =AC8+AF8+AI8+AR8+AU8+AX8+BA8+AL8+BW8 -> 2286 | CH8: =J8-I8 -> 1292.98 | CJ8: =AB8+AH8+AE8 -> 13.93 | CK8: 6 | CL8: =24-G8 -> 5.5 | CM8: =24-S8 -> 6.14 | CN8: =24-CS8 -> 10.07 | CO8: =24-CT8 -> 0.65 | CP8: =24-Y8 -> 1.17 | CQ8: 6 | CR8: =AR8+AU8+AX8 -> 1285 | CS8: ='Daily CEM-1'!H9+'Daily CEM-1'!I9+'Daily CEM-1'!J9+'Daily CEM-1'!K9+'Daily CEM-1'!L9 -> 13.93 | CT8: =AQ8+AT8+AW8+'Daily CEM - 2'!K9+'Daily CEM - 2'!L9 -> 23.35 | CU8: =24-CS8 -> 10.07 | CW8: =N8+Q8 -> 2294.1
